year,video_id,comment_tokens,reply_tokens,comment_countries,reply_countries
2025,40W27HZCcso,"['amaze', 'content', 'im', 'go', 'bali', 'year', 'want', 'add', 'japan', 'singapore', 'least']","['absolutely', 'hope', 'great', 'trip', 'thanks', 'watch']","['Singapore', 'Japan', 'Indonesia']",[]
2025,40W27HZCcso,"['amaze', 'content', 'im', 'go', 'bali', 'year', 'want', 'add', 'japan', 'singapore', 'least']","['try', 'get', 'travel', 'guide', 'go', 'wish', 'safe', 'trip']","['Singapore', 'Japan', 'Indonesia']",[]
2025,40W27HZCcso,"['video', 'stun', 'watch', 'anyone', 'feel', 'like', 'go', 'let', 'plan', 'trip', 'together']",[],[],[]
2025,40W27HZCcso,"['im', 'planning', 'visit', 'georgiamalaysiaturkey', 'japan']","['thats', 'go', 'amazing', 'trip']","['Turkey', 'Japan', 'Malaysia', 'Georgia']",[]
2025,40W27HZCcso,"['happy', 'new', 'year', 'gonna', 'sick']","['cant', 'wait', 'see', 'get']",[],[]
2025,40W27HZCcso,"['cant', 'wait', 'go', 'tokyo']",[],['Japan'],[]
2025,40W27HZCcso,"['dude', 'guy', 'ultimate', 'camera', 'gear', 'editing', 'skills', 'information', 'guy', 'essence', 'genuine', 'love', 'video']","['appreciate', 'much', 'thank', 'support', 'happy', 'new', 'year']",[],[]
2025,40W27HZCcso,"['bonne', 'année', 'kevin', 'thanks', 'video']","['thanks', 'happy', 'new', 'year']",[],[]
2025,40W27HZCcso,"['thanks', 'watch', 'happy', 'new', 'year', 'make', 'sure', 'subscribe', 'top', 'travel', 'guide']",[],[],[]
2025,40W27HZCcso,"['australia', 'absolutely', 'overrated']","['couldnt', 'disagree', 'one', 'favorite', 'place']",['Australia'],[]
2025,40W27HZCcso,"['australia', 'absolutely', 'overrated']","['guess', 'keyword']",['Australia'],[]
2025,40W27HZCcso,"['dont', 'know', 'sri', 'laka']","['hop', 'visit', 'one', 'day']",['Sri Lanka'],[]
2025,40W27HZCcso,['touristy'],"['good', 'reason']",[],[]
2025,40W27HZCcso,"['high', 'quality', 'content', 'happy', 'new', 'year']","['happy', 'new', 'year', 'thanks', 'much']",[],[]
2025,40W27HZCcso,[],"['thanks', 'watch']",[],[]
2025,40W27HZCcso,[],[],[],[]
2025,40W27HZCcso,"['make', 'travel', 'video']",[],[],[]
2025,40W27HZCcso,"['super', 'helpful', 'thanks']",[],[],[]
2025,40W27HZCcso,"['say', 'capri', 'time', 'show', 'photo', 'procida']",[],[],[]
2025,40W27HZCcso,"['lose', 'turkey', 'travel', 'antisemitic', 'anti', 'armenian', 'country']",[],['Turkey'],[]
2025,40W27HZCcso,"['fall', 'love', 'video']",[],[],[]
2025,40W27HZCcso,"['pronunciation', 'end', 'lao']",[],[],[]
2025,40W27HZCcso,"['hotel', 'see', 'balloon', 'rooftop']",[],[],[]
2025,40W27HZCcso,"['great', 'video', 'mindful', 'safety', 'aware', 'risk', 'human', 'trafficking', 'kidnapping', 'thailand']",[],['Thailand'],[]
2025,40W27HZCcso,"['maldives', 'maldives', 'bora', 'bora', 'like', 'bora', 'bora', 'much', 'since', 'bora', 'bora', 'tahiti', 'culture', 'mountains', 'local', 'food', 'maldives', 'like', 'fancy', 'luxury', 'prison']",[],['Maldives'],[]
2025,40W27HZCcso,[],[],['Sri Lanka'],[]
2025,40W27HZCcso,"['ill', 'new', 'zealand', 'end', 'year', 'time', 'austrilia', 'though']",[],[],[]
2025,40W27HZCcso,"['africa', 'boring', 'place', 'australia', 'must', 'hate', 'red', 'sand']",[],['Australia'],[]
2025,40W27HZCcso,"['amaze', 'video', 'im', 'go', 'visit', 'china', 'pakistan', 'lappland', 'region', 'finland', 'year']",[],"['Finland', 'Pakistan', 'China']",[]
2025,eLPVDaaQybY,"['swear', 'guy', 'good', 'life', 'many', 'billionaire']","['im', 'sure', 'billionaire', 'stressed']",[],[]
2025,eLPVDaaQybY,"['swear', 'guy', 'good', 'life', 'many', 'billionaire']",[],[],[]
2025,eLPVDaaQybY,"['swear', 'guy', 'good', 'life', 'many', 'billionaire']",[],[],[]
2025,eLPVDaaQybY,"['swear', 'guy', 'good', 'life', 'many', 'billionaire']","['believe', 'ryan', 'least', 'millionaire', 'well']",[],[]
2025,eLPVDaaQybY,"['swear', 'guy', 'good', 'life', 'many', 'billionaire']","['true', 'sometimes', 'rich', 'life', 'isnt', 'money', 'experience', 'world', 'collect', 'memory', 'id', 'rather', 'backpack', 'full', 'travel', 'story', 'bank', 'account', 'full', 'money', 'never', 'enjoy', 'else', 'feel', 'way']",[],[]
2025,eLPVDaaQybY,"['swear', 'guy', 'good', 'life', 'many', 'billionaire']","['far', 'truth', 'look', 'elon', 'jobless', 'person', 'usa']",[],['United States']
2025,eLPVDaaQybY,"['swear', 'guy', 'good', 'life', 'many', 'billionaire']","['memorabletravelstorieswell', 'yeah', 'need', 'money', 'able', 'go', 'place', 'ryan', 'obviously', 'rich', 'lol']",[],[]
2025,eLPVDaaQybY,"['swear', 'guy', 'good', 'life', 'many', 'billionaire']","['great', 'job', 'let', 'real', 'make', 'lot', 'money', 'speaking', 'money', 'anyone', 'actually', 'price', 'vacation', 'would', 'interest', 'know', 'relative', 'cost', 'adventure', 'seem', 'build', 'vacation', 'viewsclicks', 'actually', 'attain', 'top', 'thought']",[],[]
2025,eLPVDaaQybY,"['swear', 'guy', 'good', 'life', 'many', 'billionaire']",[],[],[]
2025,eLPVDaaQybY,"['swear', 'guy', 'good', 'life', 'many', 'billionaire']","['memorabletravelstories', 'amen', 'live', 'within', 'mean', 'create', 'memoriesyou', 'dont', 'need', 'rich', 'travel', 'alljust', 'budget', 'save', 'towards', 'tripstay', 'bless']",[],[]
2025,eLPVDaaQybY,"['swear', 'guy', 'good', 'life', 'many', 'billionaire']","['many', 'billionaire', 'love', 'money', 'collect', 'money', 'travel']",[],[]
2025,eLPVDaaQybY,"['swear', 'guy', 'good', 'life', 'many', 'billionaire']",[],[],[]
2025,eLPVDaaQybY,"['swear', 'guy', 'good', 'life', 'many', 'billionaire']","['ofc', 'billionaire', 'always', 'much', 'go', 'life', 'barely', 'time', 'enjoy', 'billion']",[],[]
2025,eLPVDaaQybY,"['swear', 'guy', 'good', 'life', 'many', 'billionaire']",['yeahagree'],[],[]
2025,eLPVDaaQybY,"['swear', 'guy', 'good', 'life', 'many', 'billionaire']","['mfranquemont', 'check', 'serengeti', 'four', 'season', 'mention', 'one', 'video', 'crazy', 'expensive', 'lately', 'dubai', 'even', 'couldnt', 'find', 'expensive', 'villa']",[],['United Arab Emirates']
2025,eLPVDaaQybY,"['swear', 'guy', 'good', 'life', 'many', 'billionaire']","['generational', 'wealth', 'though', 'family', 'member', 'enjoy', 'life', 'well', 'least', 'opportunity', 'mindset']",[],[]
2025,eLPVDaaQybY,"['swear', 'guy', 'good', 'life', 'many', 'billionaire']",[],[],[]
2025,eLPVDaaQybY,"['swear', 'guy', 'good', 'life', 'many', 'billionaire']","['nope', 'net', 'worth', '245kmatejblazek5172']",[],[]
2025,eLPVDaaQybY,"['swear', 'guy', 'good', 'life', 'many', 'billionaire']","['rich', 'life', 'big', 'ball', 'explore']",[],[]
2025,eLPVDaaQybY,"['dude', 'win', 'life', 'amaze', 'cinematography', 'perfect', 'video', 'fall', 'asleep', 'glad', 'find', 'channel']","['thanks', 'much', 'brother', 'im', 'stoke', 'find', 'channel', 'place', 'youd', 'like', 'see', 'video']",[],[]
2025,eLPVDaaQybY,"['dude', 'win', 'life', 'amaze', 'cinematography', 'perfect', 'video', 'fall', 'asleep', 'glad', 'find', 'channel']","['nice', 'friend']",[],['France']
2025,eLPVDaaQybY,"['dude', 'win', 'life', 'amaze', 'cinematography', 'perfect', 'video', 'fall', 'asleep', 'glad', 'find', 'channel']",[],[],[]
2025,eLPVDaaQybY,"['dude', 'win', 'life', 'amaze', 'cinematography', 'perfect', 'video', 'fall', 'asleep', 'glad', 'find', 'channel']",['right'],[],[]
2025,eLPVDaaQybY,"['dude', 'win', 'life', 'amaze', 'cinematography', 'perfect', 'video', 'fall', 'asleep', 'glad', 'find', 'channel']","['nepal', 'happy', 'see', 'nepal']",[],['Nepal']
2025,eLPVDaaQybY,"['dude', 'win', 'life', 'amaze', 'cinematography', 'perfect', 'video', 'fall', 'asleep', 'glad', 'find', 'channel']",[],[],[]
2025,eLPVDaaQybY,"['somesome', 'nomadic', 'last', 'year', 'live', 'almost', 'place', 'best', 'list', 'see', 'far', 'life']","['bro', 'thats', 'awesome', 'favorite', 'place', 'live', 'nomad', 'year']",[],[]
2025,eLPVDaaQybY,"['somesome', 'nomadic', 'last', 'year', 'live', 'almost', 'place', 'best', 'list', 'see', 'far', 'life']","['would', 'say', 'iceland', 'moorea', 'portugal', 'three', 'stellar', 'location', 'whats', 'plan', 'first', 'half']",[],"['Iceland', 'Portugal']"
2025,eLPVDaaQybY,"['somesome', 'nomadic', 'last', 'year', 'live', 'almost', 'place', 'best', 'list', 'see', 'far', 'life']",['totally'],[],[]
2025,eLPVDaaQybY,"['somesome', 'nomadic', 'last', 'year', 'live', 'almost', 'place', 'best', 'list', 'see', 'far', 'life']","['wow', 'whats', 'job', 'let']",[],[]
2025,eLPVDaaQybY,"['somesome', 'nomadic', 'last', 'year', 'live', 'almost', 'place', 'best', 'list', 'see', 'far', 'life']","['congregationn', 'im', 'travel', 'filmmaker', 'work', 'luxury', 'tourism', 'brand', 'like', 'hotel', 'yacht', 'wellness']",[],[]
2025,eLPVDaaQybY,"['somesome', 'nomadic', 'last', 'year', 'live', 'almost', 'place', 'best', 'list', 'see', 'far', 'life']","['ryanshirley', 'ryan', 'would', 'interest', 'short', 'podcast', 'episode', 'talk', 'travel', 'experience', 'origin', 'story']",[],[]
2025,eLPVDaaQybY,"['list', 'absolutely', 'incredible', 'namibia', 'desert', 'landscape', 'seem', 'surreal', 'especially', 'deadvlei', 'big', 'daddy', 'sand', 'dune', 'definitely', 'add', 'bucket', 'list', 'thanks', 'inspire', 'travel', 'goal']","['im', 'stoke', 'go', 'namibia', 'truly', 'otherworldly']",['Namibia'],['Namibia']
2025,eLPVDaaQybY,"['list', 'absolutely', 'incredible', 'namibia', 'desert', 'landscape', 'seem', 'surreal', 'especially', 'deadvlei', 'big', 'daddy', 'sand', 'dune', 'definitely', 'add', 'bucket', 'list', 'thanks', 'inspire', 'travel', 'goal']","['agree', 'namibia', 'look', 'like', 'otherworldly', 'beautiful', 'place', 'would', 'love', 'visit', 'well', 'someday']",['Namibia'],['Namibia']
2025,eLPVDaaQybY,"['man', 'always', 'deliver', 'thank', 'ryan', 'show', 'socalled', 'travel', 'youtubers']","['thanks', 'much', 'brother', 'try', 'best', 'want', 'visit', 'year']",[],[]
2025,eLPVDaaQybY,"['man', 'always', 'deliver', 'thank', 'ryan', 'show', 'socalled', 'travel', 'youtubers']","['ryanshirley', 'highly', 'recommend', 'visit', 'reunion', 'island', 'indian', 'ocean', 'best', 'mountain', 'scenery', 'world', 'american', 'dont', 'know', 'drone', 'skills', 'footage', 'would', 'absolutely', 'legendary']",[],[]
2025,eLPVDaaQybY,"['dont', 'tell', 'slovenia', 'theyll', 'ruin', 'rest', 'u', 'already', 'love', 'happy', 'new', 'year']","['haha', 'ok', 'hope', 'great', 'new', 'year']","['Slovenia', 'United States']",[]
2025,eLPVDaaQybY,"['dont', 'tell', 'slovenia', 'theyll', 'ruin', 'rest', 'u', 'already', 'love', 'happy', 'new', 'year']","['africa', 'please', 'maybe', 'west', 'african', 'love', 'tanzania', 'hike', 'kick', 'butt']","['Slovenia', 'United States']",[]
2025,eLPVDaaQybY,"['dont', 'tell', 'slovenia', 'theyll', 'ruin', 'rest', 'u', 'already', 'love', 'happy', 'new', 'year']","['slovenia', 'sssh', 'dont', 'tell', 'everyone']","['Slovenia', 'United States']",['Slovenia']
2025,eLPVDaaQybY,"['love', 'include', 'get', 'place', 'make', 'visualize', 'trip', 'easy']","['im', 'happy', 'help', 'place', 'want', 'visit']",[],[]
2025,eLPVDaaQybY,"['love', 'include', 'get', 'place', 'make', 'visualize', 'trip', 'easy']","['ryanshirley', 'oceania', 'sure']",[],[]
2025,eLPVDaaQybY,"['love', 'include', 'get', 'place', 'make', 'visualize', 'trip', 'easy']","['want', 'make', 'content', 'like', 'u', 'motivate', 'travel', 'vlogger']",[],[]
2025,eLPVDaaQybY,[],[],[],[]
2025,eLPVDaaQybY,"['slovenia', 'incredibly', 'underrated', 'country', 'natural', 'beauty', 'amazing', 'people', 'history', 'incredibly', 'cheap', 'price', 'make', 'one', 'favorite', 'next', 'time', 'go', 'check', 'piran']","['slovenia', 'incredible', 'country']",['Slovenia'],['Slovenia']
2025,eLPVDaaQybY,"['spring', 'rid', 'amtrak', 'first', 'time', 'ever', 'visit', 'chicago', 'fargo', 'glacier', 'np', 'seattle', 'portland', 'denver', 'omaha', 'empire', 'builder', 'california', 'zephyr', 'fall', 'leave', 'u', 'first', 'time', 'ever', 'visit', 'netherlands', 'wish', 'luck', 'thank', 'amazing', 'video', 'ryan']","['sound', 'like', 'epic', 'trip', 'amtrak', 'ive', 'never', 'gonna', 'love', 'netherlands', 'one', 'perfectly', 'design', 'country']","['Netherlands', 'United States']",['Netherlands']
2025,eLPVDaaQybY,"['spring', 'rid', 'amtrak', 'first', 'time', 'ever', 'visit', 'chicago', 'fargo', 'glacier', 'np', 'seattle', 'portland', 'denver', 'omaha', 'empire', 'builder', 'california', 'zephyr', 'fall', 'leave', 'u', 'first', 'time', 'ever', 'visit', 'netherlands', 'wish', 'luck', 'thank', 'amazing', 'video', 'ryan']","['sound', 'amazing', 'enjoy']","['Netherlands', 'United States']",[]
2025,eLPVDaaQybY,"['everything', 'video', 'amaze']",[],[],[]
2025,eLPVDaaQybY,"['love', 'video', 'come', 'slovenia']","['thanks', 'much', 'thomas', 'love', 'country']",['Slovenia'],[]
2025,eLPVDaaQybY,"['love', 'video', 'come', 'slovenia']","['mean', 'im', 'come', 'slovenia']",['Slovenia'],['Slovenia']
2025,eLPVDaaQybY,"['man', 'love', 'video', 'place', 'show', 'really', 'match', 'choice', 'id', 'love', 'visit', 'day']","['place', 'would', 'want', 'visit']",[],[]
2025,eLPVDaaQybY,"['guy', 'get', 'travel', 'place', 'thats', 'lifetime', 'travel', 'budget', 'one', 'year']","['700k', 'subscriber', 'also', 'pointsmiles', 'help', 'travel', 'never', 'pay', 'full', 'cash', 'price', 'flight', 'hotel']",[],[]
2025,eLPVDaaQybY,"['guy', 'get', 'travel', 'place', 'thats', 'lifetime', 'travel', 'budget', 'one', 'year']",['job'],[],[]
2025,eLPVDaaQybY,"['guy', 'get', 'travel', 'place', 'thats', 'lifetime', 'travel', 'budget', 'one', 'year']","['rich', 'parent']",[],[]
2025,eLPVDaaQybY,"['see', 'place', 'year', 'many', 'people', 'lifetime', 'video', 'always', 'great', 'watch', 'typically', 'widespread', 'group', 'location', 'one', 'thing', 'know', 'never', 'know', 'youll', 'turn', 'next', 'one', 'week', 'tahiti', 'week', 'later', 'faeroe', 'islands', 'im', 'look', 'forward', 'wherever', 'visit', 'next', 'year', 'hopefully', 'include', 'australia', 'germany', 'happy', 'new', 'year', 'good', 'travel']","['thanks', 'much', 'john', 'hope', 'go', 'least', 'new', 'country', 'year', 'germany', 'australia', 'sound', 'like', 'epic', 'adventure', 'part', 'australia', 'plan', 'visit']","['Australia', 'Germany']","['Germany', 'Australia']"
2025,eLPVDaaQybY,"['see', 'place', 'year', 'many', 'people', 'lifetime', 'video', 'always', 'great', 'watch', 'typically', 'widespread', 'group', 'location', 'one', 'thing', 'know', 'never', 'know', 'youll', 'turn', 'next', 'one', 'week', 'tahiti', 'week', 'later', 'faeroe', 'islands', 'im', 'look', 'forward', 'wherever', 'visit', 'next', 'year', 'hopefully', 'include', 'australia', 'germany', 'happy', 'new', 'year', 'good', 'travel']","['ryanshirley', 'melbourne', 'know', 'people', 'tasmania', 'ive', 'never', 'see', 'far', 'north', 'tropic', 'dont', 'think', 'ill', 'time', 'dont', 'go', 'far', 'often', 'maybe', 'ill', 'try', 'see']","['Australia', 'Germany']",['Australia']
2025,eLPVDaaQybY,"['good', 'hear', 'namibia', 'head', 'may']","['youre', 'go', 'amazing', 'time', 'may', 'time', 'year']",['Namibia'],[]
2025,eLPVDaaQybY,"['good', 'hear', 'namibia', 'head', 'may']",['weather'],['Namibia'],[]
2025,eLPVDaaQybY,"['awesome', 'list', 'ryan', 'truly', 'beautiful', 'place', 'hope', 'visit', 'place', 'someday', 'especially', 'australia', 'new', 'zealand', 'lofoten', 'islands', 'great', 'year', 'travel', 'general']","['thanks', 'much', 'brother', 'think', 'youll', 'love', 'unique', 'special', 'quality', 'hope', 'hand', 'amazing', 'new', 'year']",['Australia'],[]
2025,eLPVDaaQybY,"['awesome', 'list', 'ryan', 'truly', 'beautiful', 'place', 'hope', 'visit', 'place', 'someday', 'especially', 'australia', 'new', 'zealand', 'lofoten', 'islands', 'great', 'year', 'travel', 'general']","['ryanshirleyno', 'problem', 'thanks', 'brother', 'great', 'new', 'year', 'hope', 'also', 'awesome', 'new', 'year', 'fantastic', 'ahead']",['Australia'],[]
2025,eLPVDaaQybY,"['mad', 'respect', 'ball', 'climb', 'sky', 'ladder']","['haha', 'wasnt', 'bad', 'actually', 'could']",[],[]
2025,eLPVDaaQybY,"['thank', 'ryanmay', 'new', 'year', 'bring', 'joy', 'many', 'new', 'excite', 'travel', 'adventure']","['thanks', 'much', 'brother', 'hope', 'amazing', 'start']",[],[]
2025,eLPVDaaQybY,"['envious', 'opportunity', 'travel', 'world', 'free', 'like', 'like', 'must', 'fulfil']","['would', 'want', 'visit']",[],[]
2025,eLPVDaaQybY,"['envious', 'opportunity', 'travel', 'world', 'free', 'like', 'like', 'must', 'fulfil']","['get', 'place', 'really', 'want', 'visit', 'probably', 'never', 'weird', 'sense', 'wanderlust', 'maybe', 'next', 'life', 'visit', 'see', 'great', 'freedom', 'nature', 'world', 'offer', 'northern', 'land', 'norway', 'sweden', 'finland', 'japan', 'old', 'shrine', 'thick', 'forest', 'mountain', 'maybe', 'canada', 'rural', 'snowy', 'landscape', 'australia', 'strange', 'unusual', 'nature', 'forgive', 'ignorance', 'naivety', 'im', 'city', 'person', 'stick', 'concrete', 'forest', 'modern', 'society', 'like', 'two', 'different', 'part', 'pull', 'two', 'direction', 'one', 'want', 'travel', 'really', 'bad', 'see', 'whats', 'free', 'thats', 'scar', 'go', 'leave', 'behind', 'besides', 'get', 'cat', 'need', 'take', 'care', 'ill', 'probably', 'quench', 'thirst', 'watch', 'others', 'go', 'thrive', 'world', 'thank', 'share', 'journey', 'take', 'care', 'future', 'adventure']",[],"['Norway', 'Australia', 'Finland', 'Japan', 'Canada', 'Sweden']"
2025,eLPVDaaQybY,"['thank', 'mention', 'slovenia', 'live', 'say', 'slovenian', 'go', 'bleed', 'crowded', 'due', 'tourism']",[],['Slovenia'],[]
2025,eLPVDaaQybY,"['thank', 'mention', 'slovenia', 'live', 'say', 'slovenian', 'go', 'bleed', 'crowded', 'due', 'tourism']",['option'],['Slovenia'],[]
2025,eLPVDaaQybY,"['incredible', 'list', 'ryan', 'destination', 'breathtaking', 'video', 'capture', 'beauty', 'well', 'id', 'love', 'visit', 'someday', 'especially', 'greek', 'island', 'australia', 'truly', 'inspire']","['thanks', 'much', 'friend', 'hard', 'match', 'greek', 'island', 'australia', 'coast']",['Australia'],['Australia']
2025,eLPVDaaQybY,"['beautiful', 'well', 'film', 'video', 'absolutely', 'stunning', 'place', 'wish', 'see']","['would', 'want', 'visit']",[],[]
2025,eLPVDaaQybY,"['ryan', 'watch', 'video', 'since', 'use', 'video', 'create', 'itinerary', 'become', 'best', 'trip', 'ever', 'thank', 'make', 'amazing', 'video', 'look', 'forward', 'trip', 'plan', 'year']","['make', 'day', 'hear', 'place', 'youve', 'video']",[],[]
2025,eLPVDaaQybY,"['ryan', 'watch', 'video', 'since', 'use', 'video', 'create', 'itinerary', 'become', 'best', 'trip', 'ever', 'thank', 'make', 'amazing', 'video', 'look', 'forward', 'trip', 'plan', 'year']","['ryanshirley', 'go', 'ireland', 'make', 'road', 'trip', 'base', 'top', 'place', 'also', 'go', 'iceland', 'last', 'year', 'year', 'also', 'go', 'italy', 'switzerland', 'use', 'swiss', 'alp', 'switzerland', 'video', 'trip', 'absolutely', 'amazing', 'thank', 'would', 'amazing', 'itinerary', 'without']",[],"['Iceland', 'Ireland', 'Italy', 'Switzerland']"
2025,eLPVDaaQybY,"['ryan', 'watch', 'video', 'since', 'use', 'video', 'create', 'itinerary', 'become', 'best', 'trip', 'ever', 'thank', 'make', 'amazing', 'video', 'look', 'forward', 'trip', 'plan', 'year']","['currently', 'plan', 'trip', 'summer', 'year', 'option', 'mind', 'balkan', 'road', 'trip', 'croatia', 'bosnia', 'montenegro', 'albania', 'road', 'trip', 'germany', 'austria', 'prague', 'lean', 'towards', 'second', 'option', 'advice', 'would', 'love', 'hear']",[],"['Albania', 'Montenegro', 'Czech Republic', 'Austria', 'Germany', 'Croatia']"
2025,eLPVDaaQybY,"['ryan', 'watch', 'video', 'since', 'use', 'video', 'create', 'itinerary', 'become', 'best', 'trip', 'ever', 'thank', 'make', 'amazing', 'video', 'look', 'forward', 'trip', 'plan', 'year']","['go', 'best', 'place', 'especially', 'switzerland', 'hard', 'beat', 'country', 'road', 'trip', 'sound', 'amaze', 'austria', 'one', 'sound', 'magical', 'balkan', 'one', 'also', 'sound', 'epic', 'ive', 'drive', 'croatia', 'little', 'bit', 'montenegro', 'beautiful', 'country', 'great', 'coastline']",[],"['Austria', 'Montenegro', 'Croatia', 'Switzerland']"
2025,eLPVDaaQybY,"['lucky', 'travel', 'around', 'world', 'come', 'greece', 'sure', 'amazing', 'place', 'visit', 'except', 'island', 'good', 'new', 'year', 'good', 'trip']","['im', 'jealous', 'live', 'greece', 'place', 'recommend', 'visit']",['Greece'],['Greece']
2025,eLPVDaaQybY,"['lucky', 'travel', 'around', 'world', 'come', 'greece', 'sure', 'amazing', 'place', 'visit', 'except', 'island', 'good', 'new', 'year', 'good', 'trip']","['oh', 'thank', 'comment', 'place', 'recommend', 'visit', 'drakolimni', 'mountain', 'tymfi', 'smolikaspavliani', 'mount', 'oeta', 'acheron', 'spring', 'meteora', 'monemvasia', 'lake', 'plastiras', 'beginning', 'hahaha']",['Greece'],[]
2025,eLPVDaaQybY,"['awesome', 'brother', 'hope', 'amazing', 'travel', 'year', 'cheer']","['thanks', 'man', 'maybe', 'well', 'meet', 'somewhere', 'go', 'vietnam', 'year', 'explore', 'cave']",[],['Vietnam']
2025,eLPVDaaQybY,"['visit', 'country', 'mainly', 'asia', 'europe', 'country', 'march', 'visit', 'india', 'kazakhstan', 'country', 'mention', 'almost', 'visit', 'except', 'namibia']",[],"['Kazakhstan', 'Namibia', 'India']",[]
2025,eLPVDaaQybY,"['video', 'amazing', 'inspiringlets', 'make', 'best', 'year', 'ever']","['make', 'happy', 'hear', 'travel', 'plan']",[],[]
2025,eLPVDaaQybY,"['video', 'amazing', 'inspiringlets', 'make', 'best', 'year', 'ever']","['go', 'portugal', 'spain', 'france', 'lisbon', 'beautiful', 'hear', 'madrid', 'good', 'restaurant', 'course', 'paris']",[],"['France', 'Portugal', 'Spain']"
2025,eLPVDaaQybY,"['wow', 'amazing', 'video', 'never', 'hear', 'place', 'thanks', 'ryan']","['make', 'super', 'happy', 'hear', 'one', 'would', 'want', 'visit']",[],[]
2025,eLPVDaaQybY,"['wow', 'amazing', 'video', 'never', 'hear', 'place', 'thanks', 'ryan']","['ryanshirleymoorea', 'landscape', 'way', 'mount', 'cook', 'definitely', 'destination', 'im', 'inspire', 'go']",[],[]
2025,eLPVDaaQybY,"['thanks', 'video', 'ryan', 'fulltime', 'service', 'yr', 'ago', 'brother']","['bro', 'course', 'im', 'thankful', 'watch', 'video']",[],[]
2025,eLPVDaaQybY,"['love', 'video', 'especially', 'namibia', 'never', 'know', 'elephant', 'stay', 'desert', 'shipwreck', 'beach', 'greece', 'stunner', 'spoil', 'choice', 'keep', 'post', 'informative', 'stunning', 'video']","['namibia', 'greece', 'favorite', 'hope', 'visit', 'year']","['Namibia', 'Greece']","['Namibia', 'Greece']"
2025,eLPVDaaQybY,"['man', 'travel', 'content', 'unbeatable', 'visit', 'many', 'spainfrench', 'riviera', 'spot', 'back', 'june', 'love', 'might', 'give', 'slovenia', 'try', 'summer']","['dude', 'make', 'happy', 'hear', 'france', 'spain', 'next', 'level', 'youll', 'love', 'slovenia']","['Spain', 'Slovenia']","['France', 'Spain', 'Slovenia']"
2025,eLPVDaaQybY,"['awesome', 'video', 'likely', 'visit', 'place', 'mention']",[],[],[]
2025,eLPVDaaQybY,"['year', 'wanna', 'travel', 'one', 'country', 'europe', 'austria', 'slovenia', 'top', 'option', 'video', 'along', 'france', 'norway', 'switzerland', 'travel', 'place', 'people', 'dont', 'talk', 'much', 'wanna', 'well']","['bro', 'thats', 'love', 'hear', 'place', 'epic', 'choice']","['Norway', 'Slovenia', 'France', 'Austria', 'Switzerland']",[]
2025,eLPVDaaQybY,"['year', 'wanna', 'travel', 'one', 'country', 'europe', 'austria', 'slovenia', 'top', 'option', 'video', 'along', 'france', 'norway', 'switzerland', 'travel', 'place', 'people', 'dont', 'talk', 'much', 'wanna', 'well']","['go', 'tell', 'new', 'zealand', 'europe']","['Norway', 'Slovenia', 'France', 'Austria', 'Switzerland']",[]
2025,eLPVDaaQybY,"['year', 'wanna', 'travel', 'one', 'country', 'europe', 'austria', 'slovenia', 'top', 'option', 'video', 'along', 'france', 'norway', 'switzerland', 'travel', 'place', 'people', 'dont', 'talk', 'much', 'wanna', 'well']","['igorbarreiras', 'hahaha', 'yean', 'oops', 'still', 'wanna', 'go', 'canada']","['Norway', 'Slovenia', 'France', 'Austria', 'Switzerland']",['Canada']
2025,eLPVDaaQybY,"['view', 'everything', 'recently', 'upload', 'peaceful', 'maldives', 'walk', 'pure', 'serenity']",[],['Maldives'],[]
2025,eLPVDaaQybY,"['view', 'everything', 'recently', 'upload', 'peaceful', 'maldives', 'walk', 'pure', 'serenity']",[],['Maldives'],[]
2025,eLPVDaaQybY,"['good', 'video', 'idea', 'visit', 'keep', 'go', 'greeting', 'canada']","['thanks', 'friend', 'need', 'visit', 'country']",['Canada'],[]
2025,eLPVDaaQybY,"['absolutely', 'stunning', 'destination', 'thanks', 'put', 'together', 'inspiring', 'list', 'definitely', 'add', 'travel', 'plan', 'video', 'always', 'make', 'world', 'feel', 'little', 'accessible']","['im', 'thankful', 'watch', 'video', 'place', 'youd', 'like', 'see', 'video']",[],[]
2025,eLPVDaaQybY,"['austria', 'include', 'hallstatt', 'mountain', 'gondola', 'near', 'eat', 'surround', 'mountain', 'love', 'lofoton', 'island', 'norway', 'beautiful', 'white', 'sand', 'beach', 'viking', 'settlement', 'ruin', 'reine', 'absolutely', 'stunning', 'santorini', 'beautiful', 'although', 'earthquake', 'get', 'crowd', 'honeymoon', 'moorea', 'stunning', 'mountain', 'top', 'climb', 'guardrail', 'also', 'swim', 'ray', 'ferry', 'plane', 'tahiti', 'go', 'island', 'new', 'zealand', 'north', 'saw', 'rotorua', 'steam', 'vent', 'south', 'drive', 'mount', 'cook', 'sail', 'ice', 'berg', 'beautiful', 'milford', 'sound', 'go', 'eastern', 'coast', 'australia', 'favorite', 'great', 'ocean', 'road', 'saw', 'kangaroo', 'wild', 'koala', 'tree', 'video', 'bring', 'back', 'memory']","['wow', 'youve', 'everywhere', 'favorite', 'place', 'youve']","['Austria', 'Norway', 'Greece', 'Australia']",[]
2025,eLPVDaaQybY,[],['week'],[],[]
2025,eLPVDaaQybY,"['sri', 'lanka', 'leave', 'chat']","['put', 'last', 'year', 'video', 'amazing', 'country']",['Sri Lanka'],[]
2025,eLPVDaaQybY,"['ill', 'live', 'vicariously', 'vlogs', 'great', 'vlog', 'footage']","['thanks', 'friend', 'would', 'want', 'visit']",[],[]
2025,eLPVDaaQybY,"['great', 'rundown', 'combine', 'great', 'clip', 'thanks', 'much', 'ryan', 'motivating']","['thanks', 'much', 'sterling', 'hope', 'great', 'trip', 'plan', 'year']",[],[]
2025,eLPVDaaQybY,"['spectacular', 'view', 'place', 'thank', 'share', 'beautiful', 'video']","['course', 'thanks', 'watch']",[],[]
2025,eLPVDaaQybY,"['namibia', 'norway', 'top', 'list', 'others', 'slovenia', 'hidden', 'gem', 'new', 'zealand', 'favourite', 'country', 'ive', 'ever', 'outside', 'canada']","['thats', 'awesome', 'man', 'youll', 'love', 'need', 'see', 'canada']","['Norway', 'Namibia', 'Slovenia', 'Canada']",['Canada']
2025,eLPVDaaQybY,"['video', 'good']","['thanks', 'much', 'friend', 'try', 'best']",[],[]
2025,eLPVDaaQybY,"['one', 'video', 'surprise', 'weeklong', 'trip', 'three', 'minor', 'kid', 'paris', 'spring', 'break', 'video', 'showcased', 'mont', 'saintmichel', 'hopefully', 'video', 'footage', 'good']","['make', 'happy', 'hear', 'mont', 'saint', 'michel', 'amazing', 'especially', 'spring']",['France'],[]
2025,eLPVDaaQybY,"['come', 'sri', 'lanka', 'witness', 'unmatched', 'natural', 'beauty', 'landscape', 'wildlife', 'culture', 'history']",[],['Sri Lanka'],[]
2025,eLPVDaaQybY,[],[],['Jamaica'],[]
2025,eLPVDaaQybY,"['point', 'window', 'wallpaper']",[],[],[]
2025,eLPVDaaQybY,"['interesting', 'list', 'visit', 'alreadybut', 'others', 'look', 'like', 'add', 'future', 'travel']",[],[],[]
2025,eLPVDaaQybY,"['think', 'travel', 'vietnam', 'would', 'stay', 'away', 'ha', 'long', 'bay', 'overrun', 'tourist', 'water', 'unfortunately', 'fill', 'garbage', 'tour', 'also', 'overprice', 'best', 'part', 'vietnam', 'close', 'imo', 'ha', 'giang', 'loop', 'especially', 'young']",[],['Vietnam'],[]
2025,eLPVDaaQybY,"['add', 'especific', 'time', 'year', 'country', 'record']","['like', 'summer', 'month', 'place', 'like', 'europe', 'namibia', 'go', 'may', 'new', 'zealand', 'australia', 'go', 'january', 'february']",[],"['Australia', 'Namibia']"
2025,eLPVDaaQybY,"['add', 'especific', 'time', 'year', 'country', 'record']","['like', 'summer', 'month', 'place', 'like', 'europe', 'namibia', 'go', 'may', 'new', 'zealand', 'australia', 'go', 'january', 'february']",[],"['Australia', 'Namibia']"
2025,eLPVDaaQybY,"['add', 'especific', 'time', 'year', 'country', 'record']",[],[],[]
2025,eLPVDaaQybY,"['great', 'place', 'think', 'show', 'place', 'amazing', 'nature', 'personally', 'prefer', 'go', 'historical', 'place', 'love', 'see', 'unique', 'architecture', 'hope', 'go', 'place', 'never', 'almost', 'go', 'greek', 'isle', 'summer', 'ultimately', 'decide', 'go', 'western', 'mediterranean']","['place', 'visit', 'western', 'mediterranean', 'greek', 'island', 'great', 'history', 'especially', 'crete']",[],[]
2025,eLPVDaaQybY,"['great', 'place', 'think', 'show', 'place', 'amazing', 'nature', 'personally', 'prefer', 'go', 'historical', 'place', 'love', 'see', 'unique', 'architecture', 'hope', 'go', 'place', 'never', 'almost', 'go', 'greek', 'isle', 'summer', 'ultimately', 'decide', 'go', 'western', 'mediterranean']","['misworded', 'go', 'western', 'mediterranean', 'upcoming', 'summer', 'place', 'plan', 'go', 'barcelona', 'sicily', 'sardina', 'genoa', 'naples', 'tunisia', 'wish', 'could', 'travel', 'expensive', 'take', 'long', 'multi', 'week', 'vacation', 'try', 'one', 'major', 'vacation', 'per', 'year', 'last', 'summer', 'go', 'alaska', 'think', 'beautiful', 'nature', 'ive', 'ever', 'see', 'even', 'get', 'great', 'view', 'mount', 'denali']",[],"['Tunisia', 'Spain']"
2025,eLPVDaaQybY,"['find', 'channel', 'great', 'pick', 'cinematography', 'well']","['im', 'stoke', 'find', 'channel']",[],[]
2025,eLPVDaaQybY,"['find', 'channel', 'great', 'pick', 'cinematography', 'well']","['ryanshirley', 'state', 'look', 'forward', 'explore', 'spot', 'see', 'fun', 'adventure']",[],['United States']
2025,eLPVDaaQybY,"['austria', 'norway', 'vietnam', 'sound', 'amaze', 'also', 'want', 'visit', 'japan', 'day']","['id', 'love', 'visit', 'japan', 'year', 'well']","['Austria', 'Norway', 'Japan', 'Vietnam']",['Japan']
2025,eLPVDaaQybY,"['austria', 'norway', 'vietnam', 'sound', 'amaze', 'also', 'want', 'visit', 'japan', 'day']","['go', 'japan', 'march', 'excited']","['Austria', 'Norway', 'Japan', 'Vietnam']",['Japan']
2025,eLPVDaaQybY,"['bro', 'thank', 'vid', 'enjoy', 'experience', 'place', 'earth', 'breathtaking', 'amaze']","['thanks', 'friend', 'place', 'youd', 'like', 'visit']",[],[]
2025,eLPVDaaQybY,"['bro', 'thank', 'vid', 'enjoy', 'experience', 'place', 'earth', 'breathtaking', 'amaze']","['ryanshirley', 'new', 'zealand', 'switzerland', 'wanna', 'visit', 'bad', 'bro']",[],['Switzerland']
2025,eLPVDaaQybY,"['live', 'experience', 'place', 'often', 'difficult', 'describe', 'lord', 'howe', 'truly', 'paramount', 'destination', 'travel', 'moorea', 'french', 'polynesia', 'slovenia', 'piran', 'unexpected', 'greece', 'certainly', 'meet', 'surpass', 'expectation', 'thank', 'inspire', 'remind', 'magnificent', 'world', 'ishappy', 'bye', 'way', 'rio', 'de', 'janeiro', 'place', 'draw', 'back', 'many', 'time', 'safe', 'follow', 'passion']","['thats', 'awesome', 'youve', 'lord', 'howe', 'french', 'polynesia', 'magical', 'place', 'earth', 'definitely', 'gotta', 'explore', 'brazil', 'maybe', 'ill', 'go', 'year']","['Greece', 'Slovenia', 'Brazil']",['Brazil']
2025,eLPVDaaQybY,"['live', 'experience', 'place', 'often', 'difficult', 'describe', 'lord', 'howe', 'truly', 'paramount', 'destination', 'travel', 'moorea', 'french', 'polynesia', 'slovenia', 'piran', 'unexpected', 'greece', 'certainly', 'meet', 'surpass', 'expectation', 'thank', 'inspire', 'remind', 'magnificent', 'world', 'ishappy', 'bye', 'way', 'rio', 'de', 'janeiro', 'place', 'draw', 'back', 'many', 'time', 'safe', 'follow', 'passion']","['moorea', 'tug', 'heart']","['Greece', 'Slovenia', 'Brazil']",[]
2025,eLPVDaaQybY,"['great', 'video', 'follow', 'bit', 'tip', 'place', 'visit', 'thankfully', 'able', 'visit', 'new', 'zealand', 'last', 'month', 'incredible', 'advertise', 'hard', 'part', 'figure', 'go', 'next']","['thats', 'awesome', 'go', 'new', 'zealand', 'favorite', 'place', 'australia', 'french', 'polynesia', 'could', 'great', 'next', 'place', 'go']",[],['Australia']
2025,eLPVDaaQybY,"['great', 'video', 'follow', 'bit', 'tip', 'place', 'visit', 'thankfully', 'able', 'visit', 'new', 'zealand', 'last', 'month', 'incredible', 'advertise', 'hard', 'part', 'figure', 'go', 'next']","['ryanshirley', 'tough', 'say', 'milford', 'sound', 'unreal', 'wanaka', 'particular', 'roys', 'peak', 'probably', 'highlight', 'never', 'hike', 'anything', 'close', 'quite', 'reward', 'view', 'top']",[],[]
2025,eLPVDaaQybY,"['earth', 'beautiful', 'wow']","['live', 'beautiful', 'earth']",[],[]
2025,eLPVDaaQybY,"['nice', 'much', 'informational', 'video', 'also', 'make', 'video', 'travel', 'guide', 'keep', 'support', 'love']","['thanks', 'watch']",['France'],[]
2025,eLPVDaaQybY,"['one', 'day', 'ill', 'copy', 'cat', 'location', 'minus', 'sky', 'walk', 'thing', 'crazy']","['want', 'visit']",[],[]
2025,eLPVDaaQybY,"['dude', 'footage', 'heck', 'get', 'perfect', 'weather', 'sunshine', 'even', 'dull', 'place', 'like', 'milford', 'sound']","['yes', 'guess', 'get', 'lucky', 'day', 'perfect', 'weather', 'milford', 'sound']",[],[]
2025,eLPVDaaQybY,"['beautiful', 'video', 'ryan', 'havent', 'travel', 'many', 'place', 'yet']","['thanks', 'much', 'djemo', 'love', 'see', 'verified', 'check', 'get', 'special', 'notification', 'comment', 'hope', 'go', 'epic', 'place', 'year']",[],[]
2025,eLPVDaaQybY,"['freakin', 'way', 'think', 'go', 'namibia', 'yeae', 'settle']",['meant'],['Namibia'],[]
2025,eLPVDaaQybY,"['dude', 'go', 'many', 'incredible', 'place', 'one', 'year']","['job', 'gotta', 'go', 'place', 'make', 'video']",[],[]
2025,eLPVDaaQybY,"['place', 'would', 'like', 'visit', 'yet', 'castle', 'medieval', 'castle', 'france', 'would', 'like', 'see', 'lake', 'bleed', 'slovenia', 'also', 'canary', 'island', 'morocco', 'egyptian', 'pyramid', 'also', 'want', 'road', 'trip', 'western', 'usa', 'develop', 'chronic', 'health', 'issue', 'look', 'forward', 'grandchild', 'soon', 'state', 'canada', 'country', 'europe', 'plus', 'turkey', 'china', 'japan', 'korea', 'russia', 'moorea', 'tahiti', 'new', 'zealand', 'australia', 'half', 'south', 'america', 'half', 'central', 'america', 'greenland', 'etc', 'pretty', 'well', 'traveled']","['amazing', 'list', 'many', 'place', 'thats', 'impressive', 'youve', 'see', 'state', 'many', 'country', 'particularly', 'favorite', 'place']","['Morocco', 'Australia', 'Slovenia', 'Greenland', 'Russian Federation', 'France', 'Japan', 'Canada', 'United States', 'Turkey', 'China']",['United States']
2025,eLPVDaaQybY,"['im', 'head', 'australia', 'new', 'zealand', 'later', 'year', 'cant', 'wait', 'place', 'video', 'stun']","['youre', 'go', 'amazing', 'time']",['Australia'],[]
2025,eLPVDaaQybY,"['great', 'video', 'ive', 'try', 'figure', 'family', 'adventure', 'trip', 'november', 'two', 'teen', 'video', 'helpful', 'visit', 'many', 'fun', 'place', 'anything', 'come', 'mind', 'could', 'recommend', 'travel', 'usa', 'want', 'visit', 'another', 'country', 'year']","['awesome', 'new', 'zealand', 'australia', 'french', 'polynesia', 'could', 'great']",['United States'],['Australia']
2025,eLPVDaaQybY,"['breathtaking', 'view', 'u', 'surely', 'know', 'find', 'beautiful', 'scenic', 'spot']","['thanks', 'friend', 'try', 'best']",[],[]
2025,eLPVDaaQybY,"['everything', 'perfect', 'beautiful', 'place', 'cinematography', 'storytelling', 'hope', 'visit', 'place', 'later']","['thanks', 'much', 'place', 'youd', 'like', 'visit']",[],[]
2025,eLPVDaaQybY,"['whoa', 'im', 'blow', 'away', 'beautiful', 'place', 'capture', 'speak', 'volume', 'im', 'amaze', 'bucket', 'list', 'get', 'lot', 'longer', 'watch']","['place', 'youd', 'like', 'visit']",[],[]
2025,eLPVDaaQybY,[],[],[],[]
2025,eLPVDaaQybY,"['dont', 'forget', 'switzerland']","['favorite', 'country']",['Switzerland'],[]
2025,eLPVDaaQybY,"['ra', 'al', 'khaimah', 'best']","['amazing', 'place', 'gotta', 'see', 'uae']",[],['United Arab Emirates']
2025,eLPVDaaQybY,"['actually', 'save', 'money', 'dont', 'travel', 'stay', 'home', 'stop', 'fall', 'corporate', 'push', 'bad', 'practice', 'planet', 'finance', 'life', 'well', 'visit', 'random', 'beach', 'various', 'place', 'complete', 'thing', 'like', 'read', 'book', 'local', 'library', 'volunteer', 'visit', 'orphanage', 'sit', 'local', 'shelter', 'dog', 'teach', 'child', 'read', 'teach', 'class', 'prison', 'learn', 'something', 'new', 'keep', 'informed', 'exercise', 'clean', 'local', 'beach', 'park', 'kind', 'others', 'fomo', 'foolish', 'drive']","['beauty', 'stay', 'home']",[],[]
2025,eLPVDaaQybY,"['video', 'good']","['thanks', 'friend']",[],[]
2025,eLPVDaaQybY,"['ryanthanks', 'amaze', 'video']","['im', 'thankful', 'watch']",[],[]
2025,eLPVDaaQybY,"['wow', 'thank', 'inspiration']","['course', 'thanks', 'watch']",[],[]
2025,eLPVDaaQybY,"['hey', 'nice', 'video', 'list', 'beautiful', 'country', 'havent', 'make', 'video', 'could', 'visit', 'mexico', 'argentina', 'chile', 'peru', 'colombia', 'canada', 'costa', 'rica', 'morocco', 'egypt', 'kyrgyzstan', 'japan', 'ive', 'chance', 'visit', 'really', 'dont', 'disappoint']","['amazing', 'list', 'place', 'japan', 'costa', 'rica', 'appeal']","['Morocco', 'Peru', 'Egypt', 'Colombia', 'Mexico', 'France', 'Argentina', 'Japan', 'Canada', 'Kyrgyzstan', 'Chile']",['Japan']
2025,eLPVDaaQybY,"['namibia', 'one', 'beautiful', 'country']","['completely', 'agree']",['Namibia'],[]
2025,eLPVDaaQybY,[],"['thanks', 'much', 'friend']",[],[]
2025,eLPVDaaQybY,"['beautiful', 'follow', 'korea', 'good', 'channel']","['thanks', 'friend', 'need', 'visit', 'country']",[],[]
2025,eLPVDaaQybY,"['totally', 'agree', 'slovenia', 'amaze', 'hidden', 'gem', 'especially', 'american', 'great', 'video']","['glad', 'love', 'slovenia', 'truly', 'special', 'place']",['Slovenia'],['Slovenia']
2025,eLPVDaaQybY,"['awesome', 'video', 'would', 'love', 'visit', 'namibia', 'one', 'day', 'video', 'top', 'place', 'roadtrip', 'would', 'also', 'great']","['thats', 'great', 'idea', 'gotta', 'road', 'trip', 'video', 'namibia', 'definitely', 'one', 'best', 'one']",['Namibia'],['Namibia']
2025,eLPVDaaQybY,"['fun', 'travel', 'year', 'love', 'norway', 'northern', 'norway', 'trek', 'across', 'lofoten', 'island', 'well', 'western', 'norway', 'fjord', 'landscape', 'close', 'second', 'would', 'croatia', 'dubrovnik', 'vi', 'island', 'highlight']","['croatia', 'awesome']","['Norway', 'Croatia']",['Croatia']
2025,eLPVDaaQybY,"['ive', 'austria', 'greece', 'australia', 'list', 'slovenia', 'namibia', 'new', 'zealand', 'top', 'lie', 'ahead', 'real', 'deal']","['youre', 'gonna', 'love', 'new', 'country']","['Australia', 'Slovenia', 'Namibia', 'Austria', 'Greece']",[]
2025,eLPVDaaQybY,"['wish', 'happy', 'new', 'year', 'travel', 'come']","['thanks', 'much', 'friend']",[],[]
2025,eLPVDaaQybY,"['happy', 'new', 'year', 'man', 'would', 'love', 'go', 'namibia', 'australia', 'someday']","['namibia', 'australia', 'amaze', 'hope', 'great', 'new', 'year']","['Australia', 'Namibia']","['Australia', 'Namibia']"
2025,eLPVDaaQybY,"['live', 'dream']","['would', 'want', 'visit']",[],[]
2025,eLPVDaaQybY,[],"['thanks', 'much', 'michal', 'hope', 'visit', 'amazing', 'place']",[],[]
2025,eLPVDaaQybY,"['happy', 'new', 'year']","['thanks', 'brother', 'happy', 'new', 'year']",[],[]
2025,eLPVDaaQybY,"['happy', 'new', 'year', 'mr', 'ryan']","['thanks', 'much', 'friend', 'hope', 'great', 'new', 'year']",[],[]
2025,eLPVDaaQybY,"['thank', 'much', 'much', 'video', 'interesting']",[],[],[]
2025,eLPVDaaQybY,[],[],[],[]
2025,eLPVDaaQybY,"['admire', 'video', 'great', 'job', 'end', '7day', 'trip', 'madeira', 'year', 'thank', 'video', 'try', 'visit', 'slovenia', 'austria', 'create', 'group', 'exchange', 'experience']",[],"['Austria', 'Slovenia']",[]
2025,eLPVDaaQybY,"['junction', 'business', 'district', 'south', 'st', 'elizabeth', 'jamaica', 'cleanest', 'fast', 'grow', 'town', 'center', 'island', 'serve', 'tourist', 'local', 'welcome', 'visitor', 'parish', 'mega', 'eco', 'friendly', 'attraction', 'black', 'river', 'lover', 'leap', 'treasure', 'beach', 'spur', 'tree', 'hill', 'appleton', 'estate', 'santa', 'cruz', 'fall', 'holland', 'bamboo', 'alligator', 'pond', 'etc']",[],"['Jamaica', 'Netherlands']",[]
2025,eLPVDaaQybY,"['climb', 'mountain', 'rope', 'ladder', 'suspend', 'cliff', 'pro', 'feeling']",[],[],[]
2025,eLPVDaaQybY,"['drone', 'make', 'use']",[],[],[]
2025,eLPVDaaQybY,"['love', 'kehena', 'beach', 'big', 'island', 'twice', 'theres', 'great', 'airbnbs', 'near', 'beach', 'stay']",[],[],[]
2025,eLPVDaaQybY,"['terrific', 'scenery']",[],[],[]
2024,kYjeIRPn87s,"['anyone', 'india']",[],['India'],['China']
2024,kYjeIRPn87s,"['anyone', 'india']",[],['India'],['India']
2024,kYjeIRPn87s,"['anyone', 'india']",[],['India'],[]
2024,kYjeIRPn87s,"['anyone', 'india']",[],['India'],[]
2024,kYjeIRPn87s,"['anyone', 'india']","['rip', 'ur', 'still', 'india', 'pakistan']",['India'],"['Pakistan', 'India']"
2024,kYjeIRPn87s,[],['thevidu'],[],[]
2024,kYjeIRPn87s,[],['rahma'],[],[]
2024,kYjeIRPn87s,[],[],[],[]
2024,kYjeIRPn87s,[],[],[],[]
2024,kYjeIRPn87s,[],[],[],['Sri Lanka']
2024,kYjeIRPn87s,[],"['ugly', 'dirty']",['India'],[]
2024,kYjeIRPn87s,[],[],['India'],['Pakistan']
2024,kYjeIRPn87s,[],[],['India'],[]
2024,kYjeIRPn87s,[],[],['India'],[]
2025,kYjeIRPn87s,"['indian', 'india']",[],['India'],[]
2024,kYjeIRPn87s,[],[],['Philippines'],['Philippines']
2024,kYjeIRPn87s,"['always', 'india']","['come', 'nepal']",['India'],['Nepal']
2024,kYjeIRPn87s,['greece'],[],['Greece'],[]
2024,kYjeIRPn87s,[],[],['Switzerland'],[]
2024,kYjeIRPn87s,"['thailand', 'peace']",[],['Thailand'],[]
2024,kYjeIRPn87s,[],[],[],[]
2024,kYjeIRPn87s,[],[],['India'],[]
2024,kYjeIRPn87s,[],[],['Kenya'],[]
2024,kYjeIRPn87s,['ireland'],[],['Ireland'],[]
2024,kYjeIRPn87s,[],[],['United States'],[]
2024,kYjeIRPn87s,[],[],"['Portugal', 'United States', 'Vietnam']",[]
2024,kYjeIRPn87s,"['uae', 'usa', 'brazil']","['nicaragua', 'love', 'united', 'state', 'america']","['United Arab Emirates', 'Brazil', 'United States']","['United States', 'Nicaragua']"
2024,kYjeIRPn87s,"['south', 'korea']",[],[],[]
2024,kYjeIRPn87s,[],[],[],[]
2024,kYjeIRPn87s,[],[],[],[]
2024,kYjeIRPn87s,[],[],[],[]
2024,kYjeIRPn87s,[],[],['Romania'],[]
2024,kYjeIRPn87s,"['singapore', 'usa', 'switzerland']",[],"['Singapore', 'United States', 'Switzerland']",[]
2024,kYjeIRPn87s,"['switzerland', 'malaysia', 'philippine', 'turkey']",[],"['Turkey', 'Philippines', 'Malaysia', 'Switzerland']",[]
2024,kYjeIRPn87s,"['poland', 'every', 'city', 'beatiful']",[],['Poland'],[]
2024,kYjeIRPn87s,"['poland', 'every', 'city', 'beatiful']",[],['Poland'],['Poland']
2025,kYjeIRPn87s,"['agree', 'canada', 'good', 'usa', 'pakistan']",[],"['Pakistan', 'Canada', 'United States']",[]
2024,kYjeIRPn87s,"['think', 'usa', 'philippine']",[],"['Philippines', 'United States']",[]
2025,kYjeIRPn87s,[],[],[],[]
2024,kYjeIRPn87s,[],[],['Uzbekistan'],[]
2024,kYjeIRPn87s,[],[],['Indonesia'],[]
2024,kYjeIRPn87s,[],[],['United Arab Emirates'],[]
2024,kYjeIRPn87s,[],[],['United States'],[]
2024,kYjeIRPn87s,"['united', 'state', 'america']",[],['United States'],[]
2024,kYjeIRPn87s,"['united', 'state']","['get', 'shot', 'rob', 'dont', 'want', 'see', 'drug', 'everywhere', 'zombiepeople', 'street']",['United States'],[]
2024,kYjeIRPn87s,"['united', 'state']","['picasso', 'america', 'isnt', 'like', 'amurca', 'like']",['United States'],['United States']
2025,kYjeIRPn87s,"['austria', 'switzerland', 'america', 'country', 'deserve', 'first', 'place']",['america'],"['Austria', 'United States', 'Switzerland']",['United States']
2024,kYjeIRPn87s,[],[],['Australia'],['Pakistan']
2025,kYjeIRPn87s,[],[],['Nepal'],[]
2025,kYjeIRPn87s,[],[],['India'],[]
2024,kYjeIRPn87s,[],[],[],[]
2024,kYjeIRPn87s,[],[],[],[]
2024,kYjeIRPn87s,[],[],['Qatar'],[]
2024,kYjeIRPn87s,[],[],['Sri Lanka'],[]
2024,kYjeIRPn87s,[],[],['Bangladesh'],[]
2024,kYjeIRPn87s,[],[],['Mauritius'],[]
2024,kYjeIRPn87s,[],[],['United Arab Emirates'],[]
2024,kYjeIRPn87s,[],[],[],[]
2024,kYjeIRPn87s,"['south', 'korea']",[],[],[]
2024,kYjeIRPn87s,[],[],['Georgia'],[]
2024,kYjeIRPn87s,['greece'],[],['Greece'],[]
2024,kYjeIRPn87s,"['south', 'korea']",[],[],[]
2024,kYjeIRPn87s,[],[],['Switzerland'],[]
2024,kYjeIRPn87s,[],[],['United States'],[]
2024,kYjeIRPn87s,[],[],[],[]
2024,kYjeIRPn87s,"['south', 'korea']",[],[],[]
2024,kYjeIRPn87s,[],[],[],[]
2025,kYjeIRPn87s,"['india', 'please', 'vote', 'country']",[],['India'],['India']
2025,kYjeIRPn87s,['philippine'],[],['Philippines'],[]
2025,kYjeIRPn87s,"['canada', 'click', 'button']",[],['Canada'],[]
2025,kYjeIRPn87s,"['korea', 'favourite', 'country']",[],[],[]
2025,kYjeIRPn87s,[],[],['Pakistan'],[]
2025,kYjeIRPn87s,[],[],['Pakistan'],[]
2025,kYjeIRPn87s,[],[],['United Arab Emirates'],[]
2025,kYjeIRPn87s,['thailand'],[],['Thailand'],[]
2025,kYjeIRPn87s,"['malaysiaone', 'beautiful', 'country', 'world']",[],['Malaysia'],[]
2025,kYjeIRPn87s,[],[],['India'],[]
2025,kYjeIRPn87s,"['philippine', 'best', 'country', 'world']",[],['Philippines'],[]
2025,kYjeIRPn87s,[],[],['Sri Lanka'],[]
2025,kYjeIRPn87s,"['georgia', 'im', 'georgian']",[],['Georgia'],[]
2025,kYjeIRPn87s,[],[],['Italy'],[]
2025,kYjeIRPn87s,[],[],['Germany'],[]
2025,kYjeIRPn87s,[],[],[],[]
2025,kYjeIRPn87s,[],[],['Switzerland'],[]
2025,kYjeIRPn87s,[],[],['Switzerland'],[]
2025,kYjeIRPn87s,[],[],['Pakistan'],[]
2025,kYjeIRPn87s,[],[],['India'],[]
2025,kYjeIRPn87s,"['south', 'korea']",[],[],[]
2024,kYjeIRPn87s,[],[],['India'],[]
2024,kYjeIRPn87s,[],[],['India'],[]
2024,kYjeIRPn87s,"['usa', 'best', 'country']",[],['United States'],[]
2024,kYjeIRPn87s,[],[],['India'],[]
2024,kYjeIRPn87s,[],[],[],[]
2024,kYjeIRPn87s,[],[],['India'],[]
2024,kYjeIRPn87s,[],[],['India'],[]
2024,kYjeIRPn87s,"['im', 'america']",[],['United States'],[]
2024,kYjeIRPn87s,[],[],['United States'],[]
2024,kYjeIRPn87s,"['south', 'africa']",[],[],[]
2024,kYjeIRPn87s,[],[],[],[]
2024,kYjeIRPn87s,[],[],['India'],[]
2024,kYjeIRPn87s,[],[],['India'],[]
2025,kYjeIRPn87s,[],"['mean', 'uk', 'cuz', 'london', 'uk']",['United Kingdom'],['United Kingdom']
2025,kYjeIRPn87s,"['india', 'switzerland', 'france', 'canda']",[],"['France', 'Switzerland', 'India']",['France']
2024,kYjeIRPn87s,[],[],['India'],['Bangladesh']
2025,kYjeIRPn87s,[],[],[],[]
2025,kYjeIRPn87s,"['song', 'name', 'please']",[],[],[]
2025,kYjeIRPn87s,"['portugal', 'argentina']",[],"['Argentina', 'Portugal']",[]
2025,kYjeIRPn87s,"['philippine', 'philippine']",[],['Philippines'],[]
2025,kYjeIRPn87s,[],[],[],[]
2025,kYjeIRPn87s,"['russiya', 'united', 'state']",[],['United States'],[]
2025,kYjeIRPn87s,[],[],[],[]
2025,kYjeIRPn87s,[],[],[],[]
2025,QRr_FaRgZr4,"['nah', 'australia', 'still', 'hot', 'visit', 'january', 'ill', 'fly', 'next', 'march', '5th', 'autumn']","['really', 'nice', 'hot']",['Australia'],['France']
2025,QRr_FaRgZr4,"['nah', 'australia', 'still', 'hot', 'visit', 'january', 'ill', 'fly', 'next', 'march', '5th', 'autumn']","['chelseyd', '9g', 'hahhhh', 'never', 'call', 'nice', 'get', 'sweat', 'drip']",['Australia'],['France']
2025,QRr_FaRgZr4,"['nah', 'australia', 'still', 'hot', 'visit', 'january', 'ill', 'fly', 'next', 'march', '5th', 'autumn']","['go', 'early', 'march', 'april', 'last', 'year', 'weather', 'perfect']",['Australia'],[]
2025,QRr_FaRgZr4,"['nah', 'australia', 'still', 'hot', 'visit', 'january', 'ill', 'fly', 'next', 'march', '5th', 'autumn']","['theboingster', 'exactly', 'thats', 'autumn', 'start']",['Australia'],[]
2025,QRr_FaRgZr4,"['way', 'hot', 'august', 'croatia', 'special', 'time', 'oceanno', 'culture']","['thats', 'true', 'croatia', 'lot', 'culture', 'history']",['Croatia'],['Croatia']
2025,QRr_FaRgZr4,"['february', 'rainy', 'southern', 'southeastern', 'brazil']","['put', 'germany', 'winter', 'yeah', 'put', 'everything', 'wrong', 'date']",['Brazil'],['Germany']
2025,QRr_FaRgZr4,[],[],['France'],[]
2025,QRr_FaRgZr4,['africa'],[],[],[]
2025,QRr_FaRgZr4,"['ok', 'come', 'update', 'sailry', 'bill', 'crore', 'gov', 'pay', 'call']",[],[],[]
2025,QRr_FaRgZr4,"['best', 'place', 'visit', 'world']",[],[],[]
2025,QRr_FaRgZr4,"['thanks', 'reccomendations']",[],[],[]
2025,QRr_FaRgZr4,"['brasil', 'december', 'new', 'year', 'magical']",[],[],[]
2025,QRr_FaRgZr4,"['april', 'south', 'korea']",[],[],[]
2025,QRr_FaRgZr4,['norway'],[],['Norway'],[]
2025,QRr_FaRgZr4,[],[],[],[]
2025,QRr_FaRgZr4,"['croatia', 'maldives', 'best', 'december', 'russia', 'best', 'july']",[],"['Maldives', 'Russian Federation', 'Croatia']",[]
2025,QRr_FaRgZr4,"['crowded', 'hot', 'france', 'july', 'go', 'fall', 'winter']",[],['France'],[]
2025,QRr_FaRgZr4,"['job', 'month']",[],[],[]
2025,RB1VH2KyUzM,"['great', 'work', 'admire', 'consistency', 'upload', 'new', 'video', 'think', 'open', 'channel', 'use', 'stock', 'footage', 'saw', 'people', 'mention', 'good', 'keep', 'stock', 'video', 'clip', 'five', 'second', 'film', 'however', 'notice', 'footage', 'long', 'five', 'second', 'could', 'please', 'advise', 'affect', 'monetization', 'stock', 'footage', 'exceed', 'five', 'second', 'would', 'really', 'appreciate', 'help']","['never', 'hear', 'dont', 'advice']",[],[]
2025,RB1VH2KyUzM,[],['thank'],[],[]
2025,RB1VH2KyUzM,"['hi', 'trip', 'insight', 'always', 'great', 'video', 'may', 'suggest', 'lower', 'volume', 'level', 'background', 'music', 'future', 'video', 'wait', 'next', 'episode']","['thank', 'much', 'support', 'feedback', 'glad', 'enjoy', 'video', 'appreciate', 'suggestion', 'lower', 'background', 'music', 'volume', 'well', 'definitely', 'take', 'account', 'future', 'episodes', 'stay', 'tune', 'great', 'content']",[],[]
2025,RB1VH2KyUzM,[],[],[],[]
2025,RB1VH2KyUzM,"['beautiful', 'place']",['really'],[],[]
2025,RB1VH2KyUzM,[],['thanks'],[],[]
2025,RB1VH2KyUzM,"['great', 'video', 'thank', 'much']",[],[],[]
2025,RB1VH2KyUzM,"['scotland', 'country']","['scotland', 'country', 'part', 'united', 'kingdom', 'contain', 'nearly', 'onethird', 'united', 'kingdom', 'land', 'area', 'consisting', 'northern', 'part', 'island', 'great', 'britain', 'adjacent', 'island', 'principally', 'archipelago', 'hebrides', 'northern', 'isle', 'accord', 'google']",['United Kingdom'],['United Kingdom']
2025,RB1VH2KyUzM,['gorgeous'],['thanks'],[],[]
2025,RB1VH2KyUzM,[],"['say', 'thank']",[],[]
2025,RB1VH2KyUzM,[],['thanks'],[],[]
2025,RB1VH2KyUzM,[],['happy'],[],[]
2025,RB1VH2KyUzM,[],[],[],[]
2025,RB1VH2KyUzM,[],[],[],[]
2025,RB1VH2KyUzM,[],[],[],[]
2025,RB1VH2KyUzM,[],[],[],[]
2025,RB1VH2KyUzM,"['thanks', 'information']",['nice'],[],['France']
2025,RB1VH2KyUzM,"['get', 'lose', 'mean', 'find', 'place', 'like', 'sign']",[],[],[]
2025,RB1VH2KyUzM,"['incredible', 'list', 'mustvisit', 'destination', 'many', 'breathtaking', 'place', 'explorethis', 'video', 'pure', 'travel', 'inspiration', 'something', 'similar', 'channel', 'check', 'love']",[],[],[]
2025,HxzvuFlCOmc,[],[],[],[]
2024,HxzvuFlCOmc,"['perfect', 'look', 'guide', 'thank']",[],[],[]
2025,HxzvuFlCOmc,[],[],[],[]
2025,HxzvuFlCOmc,"['youare', 'mind', 'tochar', 'jan']",[],[],[]
2025,HxzvuFlCOmc,"['amazing', 'video', 'really', 'love', 'creation']",[],[],[]
2025,HxzvuFlCOmc,"['amazing', 'video', 'really', 'love', 'creation']","['thank', 'much', 'im', 'glad', 'enjoy', 'video', 'must', 'admit', 'cant', 'take', 'credit', 'guess', 'creation', 'along', 'line', 'microwaved', 'meal', 'rather', 'epic', 'travel', 'guide', 'hey', 'least', 'provide', 'laugh', 'along', 'way']",[],[]
2025,HxzvuFlCOmc,"['awesomeness', 'like', 'subscribe', 'fellow', 'vloggers']","['thank', 'much']",[],[]
2025,HxzvuFlCOmc,"['many', 'place', 'one', 'would', 'northwest', 'well', 'western', 'argentina', 'andes', 'mountain', 'peak', 'patagonia']",[],['Argentina'],[]
2025,HxzvuFlCOmc,"['hope', 'heart', 'feel', 'light', 'worry', 'fade', 'away']",[],[],[]
2025,HxzvuFlCOmc,"['many', 'incredible', 'destination', 'go', 'amazing', 'year', 'travel']",[],[],[]
2025,HxzvuFlCOmc,[],[],[],[]
2024,HxzvuFlCOmc,"['nice', 'video', 'new', 'well', 'try', 'learn', 'different', 'channel', 'work', 'travel', 'niche', 'well']",[],['France'],[]
2024,HxzvuFlCOmc,[],[],[],[]
2024,HxzvuFlCOmc,"['video', 'capture', 'spirit', 'exploration', 'perfectly', 'historic', 'charm', 'budapest', 'serenity', 'lake', 'como', 'variety', 'incredible', 'mix', 'past', 'present', 'location', 'beautifully', 'highlight']",[],[],[]
2024,HxzvuFlCOmc,[],[],[],[]
2024,HxzvuFlCOmc,"['scam', 'alert', 'inform', 'never', 'offer', 'money', 'ask', 'money', 'exchange', 'subscribe', 'channel', 'notice', 'scam', 'go', 'turkey', 'india', 'country', 'whatsapp', 'telegram', 'use', 'brand', 'name', 'since', 'offer', 'money', 'exchange', 'subscribe', 'channel', 'people', 'visit', 'channel', 'money', 'aware', 'part', 'cyber', 'scam', 'already', 'please', 'report', 'whatsapp', 'number', 'telegram', 'number', 'police', 'cyber', 'crime', 'center', 'country', 'previous', 'scam', 'alert', 'reference']",[],"['Turkey', 'India']",[]
2025,HxzvuFlCOmc,"['abundio', 'otano', 'social', 'medium', 'work', 'home', 'online', 'live', 'santo', 'domingo', 'bae', 'garden', 'laguna', 'philippine']",[],['Philippines'],[]
2025,S7rKR6-FWEQ,[],[],['United Kingdom'],[]
2025,S7rKR6-FWEQ,"['want', 'waste', 'summer', 'austria']","['austria', 'beautiful', 'salzburg', 'vienna']",['Austria'],['Austria']
2025,S7rKR6-FWEQ,[],[],[],[]
2025,S7rKR6-FWEQ,"['great', 'list']",[],[],[]
2025,S7rKR6-FWEQ,"['scamming', 'profile', 'fake', 'account', 'fake', 'video', 'contact', 'people', 'watsapp', 'offer', 'money', 'like', 'video', 'dislike', 'report', 'please']",[],[],[]
2025,S7rKR6-FWEQ,"['go', 'place', 'yearbut', 'want', 'thailand', 'bday', 'march', 'clearly', 'right', 'idea']",[],['Thailand'],[]
2024,rESOc5PmBx8,"['touched', 'choose', 'country', 'greece', 'one', 'best', 'destination', 'thank', 'kind', 'word', 'nice', 'trip', 'wherever', 'go']","['thank', 'love', 'time', 'greece', 'happy', 'journey', 'john', 'bev']","['France', 'Greece']",['Greece']
2024,rESOc5PmBx8,"['touched', 'choose', 'country', 'greece', 'one', 'best', 'destination', 'thank', 'kind', 'word', 'nice', 'trip', 'wherever', 'go']","['yesterday', 'tell', 'dear', 'wife', 'want', 'one', 'day', 'visit', 'greece', 'first', 'country', 'ever', 'research', 'grade', 'school', 'far', 'however', 'one', 'day']","['France', 'Greece']",['Greece']
2024,rESOc5PmBx8,"['touched', 'choose', 'country', 'greece', 'one', 'best', 'destination', 'thank', 'kind', 'word', 'nice', 'trip', 'wherever', 'go']","['fire', 'always', 'welcome', 'come', 'greece', 'wish', 'opportunity', 'soon', 'possible']","['France', 'Greece']",['Greece']
2024,rESOc5PmBx8,"['touched', 'choose', 'country', 'greece', 'one', 'best', 'destination', 'thank', 'kind', 'word', 'nice', 'trip', 'wherever', 'go']","['fire', 'hope', 'get', 'go', 'soon', 'john', 'bev']","['France', 'Greece']",[]
2024,rESOc5PmBx8,"['thanks', 'clarify', 'location', 'best', 'rent', 'car', 'identify', 'specific', 'city', 'island', 'also', 'ver', 'helpful']","['glad', 'helpful', 'thanks', 'watch', 'happy', 'journey', 'john', 'bev']",[],[]
2024,rESOc5PmBx8,"['would', 'add', 'norway', 'go', 'already', 'plan', 'next', 'trip', 'back', 'scenery', 'breathtaking']","['love', 'norway', 'happy', 'journey', 'john', 'bev']",['Norway'],['Norway']
2024,rESOc5PmBx8,"['would', 'add', 'norway', 'go', 'already', 'plan', 'next', 'trip', 'back', 'scenery', 'breathtaking']","['feel', 'norway']",['Norway'],['Norway']
2024,rESOc5PmBx8,"['would', 'add', 'norway', 'go', 'already', 'plan', 'next', 'trip', 'back', 'scenery', 'breathtaking']","['norway', 'absolutely', 'gorgeous']",['Norway'],['Norway']
2024,rESOc5PmBx8,"['would', 'add', 'norway', 'go', 'already', 'plan', 'next', 'trip', 'back', 'scenery', 'breathtaking']","['nice', 'short', 'week', 'visit', 'impractical', 'slow', 'travel', 'day', 'immigration', 'unless', 'truly', 'wealthy']",['Norway'],['France']
2024,rESOc5PmBx8,"['would', 'include', 'portugal', 'extend', 'stay', 'lisbon', 'porto', 'explore', 'everywhere', 'find', 'financially', 'reasonably', 'price', 'country', 'western', 'europe']","['portugal', 'awesome', 'agree', 'pricing', 'happy', 'journey', 'john', 'bev']",['Portugal'],['Portugal']
2024,rESOc5PmBx8,"['would', 'include', 'portugal', 'extend', 'stay', 'lisbon', 'porto', 'explore', 'everywhere', 'find', 'financially', 'reasonably', 'price', 'country', 'western', 'europe']","['like', 'everywhere', 'else', 'affordability', 'portugal', 'especially', 'housing', 'rapidly', 'decrease', 'immigration', 'suggest', 'hedge', 'fund', 'high', 'net', 'worth', 'individual', 'buy', 'housing', 'raise', 'price', 'amaze', 'happen', 'housing', 'across', 'europe', 'past', 'month', 'especially', 'anything', 'near', 'season', 'even', 'albania', 'montenegro', 'increase', 'rapidly', 'rental', 'sale', 'basically', 'need', 'go', 'country', 'adjacent', 'belarus', 'ukraine', 'russia', 'still', 'find', 'reasonable', 'rate', 'basically', 'place', 'cold', 'hot']",['Portugal'],"['Russian Federation', 'Albania', 'Montenegro', 'Ukraine', 'Portugal', 'Belarus']"
2024,rESOc5PmBx8,"['great', 'country', 'visit', 'long', 'term', 'stay', 'would', 'love', 'hear', 'comment', 'want', 'information', 'country', 'sure', 'click', 'link', 'description', 'thanks', 'much', 'happy', 'journey', 'john', 'bev']","['elsewhere', 'report', 'typically', 'stay', 'week', 'less', 'location', 'qualify', 'slow', 'travel']",[],[]
2024,rESOc5PmBx8,"['great', 'country', 'visit', 'long', 'term', 'stay', 'would', 'love', 'hear', 'comment', 'want', 'information', 'country', 'sure', 'click', 'link', 'description', 'thanks', 'much', 'happy', 'journey', 'john', 'bev']","['travel', 'week', 'time', 'weve', 'stay', 'month', 'occasion', 'norm']",[],[]
2024,rESOc5PmBx8,"['great', 'country', 'visit', 'long', 'term', 'stay', 'would', 'love', 'hear', 'comment', 'want', 'information', 'country', 'sure', 'click', 'link', 'description', 'thanks', 'much', 'happy', 'journey', 'john', 'bev']","['elsewhere', 'report', 'typically', 'stay', 'week', 'less', 'location', 'qualify', 'slow', 'travel']",[],[]
2024,rESOc5PmBx8,"['great', 'country', 'visit', 'long', 'term', 'stay', 'would', 'love', 'hear', 'comment', 'want', 'information', 'country', 'sure', 'click', 'link', 'description', 'thanks', 'much', 'happy', 'journey', 'john', 'bev']","['travel', 'week', 'time', 'weve', 'stay', 'month', 'occasion', 'norm']",[],[]
2024,rESOc5PmBx8,"['congrats', 'join', '100countries', 'club', 'sure', 'far', 'exceed', 'current', 'number', 'soon', 'happy', 'currently', 'camino', 'de', 'santiago', 'keep', 'travel']","['thanks', 'enjoy', 'camino', 'best', 'luck', 'hope', 'great', 'time', 'happy', 'journey', 'john', 'bev']",[],[]
2024,rESOc5PmBx8,"['congrats', 'join', '100countries', 'club', 'sure', 'far', 'exceed', 'current', 'number', 'soon', 'happy', 'currently', 'camino', 'de', 'santiago', 'keep', 'travel']","['thats', 'awesome', 'country', 'nowhere', 'near', 'many', 'country', 'different', 'country', 'hope', 'journey', 'camino', 'de', 'santiago', 'keep', 'travel']",[],[]
2024,rESOc5PmBx8,"['congrats', 'join', '100countries', 'club', 'sure', 'far', 'exceed', 'current', 'number', 'soon', 'happy', 'currently', 'camino', 'de', 'santiago', 'keep', 'travel']","['713devereux', 'world', 'big', 'travel', 'let', 'keep', 'travel']",[],[]
2024,rESOc5PmBx8,"['love', 'video', 'agree', 'many', 'choice', 'stay', 'long', 'term', 'many', 'spend', 'month', 'medellin', 'weather', 'perfect', 'year', 'round', 'spent', 'month', 'costa', 'rica', 'good', 'rent', 'car', 'often', 'mostly', 'day', 'weekend', 'go', 'outside', 'village', 'live', 'go', 'around', 'country', 'roads', 'arent', 'great', 'rental', 'cheap', 'deliver', 'car', 'condo', 'whenever', 'need', 'stay', 'month', 'valencia', 'awesome', 'walkable', 'beach', 'wasnt', 'far', 'away', 'croatia', 'time', 'north', 'long', 'weekend', 'week', 'month', 'month', 'week', 'split', 'love', 'split', 'get', 'dubrovnik', 'island', 'month', 'travel', 'ferry', 'everywhere', 'easy', 'need', 'go', 'zagreb', 'go', 'krakow', 'couple', 'week', 'couple', 'week', 'would', 'recommend', 'buenos', 'aire', 'long', 'term', 'stay', '3x', 'month', 'month', 'month', 'good', 'expat', 'community', 'european', 'feeling', 'favorite', 'trip', 'month', 'cap', 'dail', 'france', 'border', 'monaco', 'home', 'base', 'best', 'airbnb', 'ever', 'overlook', 'seai', 'could', 'literally', 'throw', 'stone', 'ocean', 'trip', 'take', 'many', 'trip', 'around', 'europe', 'nice', 'airport', 'close', 'train', 'visit', 'paris', 'lyon', 'berlin', 'amsterdam', 'milan', 'venice', 'etc', 'could', 'walk', 'monaco', 'every', 'day', 'along', 'sea', 'path', 'go', 'gym', 'grocery', 'store', 'plus', 'friend', 'live', 'since', 'monaco', 'work', 'time', 'believe', 'time', 'ever', 'rent', 'car', 'costa', 'rica', 'usually', 'go', 'public', 'transport', 'walk']","['u', 'rental', 'thanks', 'great', 'info', 'happy', 'journey', 'john', 'bev']","['Italy', 'Monaco', 'France', 'Netherlands', 'Germany', 'Croatia']",['United States']
2024,rESOc5PmBx8,"['would', 'stay', 'italy', 'close', 'big', 'city', 'public', 'transportation', 'easy', 'bus', 'big', 'city', 'day', 'tour', 'seashore', 'beach', 'time', 'food', 'reasonable', 'delicious', 'friendly', 'smile', 'big', 'welcome', 'mat', 'lot', 'grandson', 'grandparent', 'return', 'italy', 'drag', 'grand', 'overnighted', 'rome', 'id', 'look', 'pension', 'rather', 'hotel', 'stay', 'place', 'pension', 'since', '1600s']","['spend', 'week', 'northern', 'italy', 'great', 'time', 'could', 'easily', 'make', 'list', 'well', 'happy', 'journey', 'john', 'bev']",['Italy'],['Italy']
2024,rESOc5PmBx8,"['would', 'stay', 'italy', 'close', 'big', 'city', 'public', 'transportation', 'easy', 'bus', 'big', 'city', 'day', 'tour', 'seashore', 'beach', 'time', 'food', 'reasonable', 'delicious', 'friendly', 'smile', 'big', 'welcome', 'mat', 'lot', 'grandson', 'grandparent', 'return', 'italy', 'drag', 'grand', 'overnighted', 'rome', 'id', 'look', 'pension', 'rather', 'hotel', 'stay', 'place', 'pension', 'since', '1600s']","['jabow', 'mean', 'look', 'pension']",['Italy'],[]
2024,rESOc5PmBx8,"['would', 'stay', 'italy', 'close', 'big', 'city', 'public', 'transportation', 'easy', 'bus', 'big', 'city', 'day', 'tour', 'seashore', 'beach', 'time', 'food', 'reasonable', 'delicious', 'friendly', 'smile', 'big', 'welcome', 'mat', 'lot', 'grandson', 'grandparent', 'return', 'italy', 'drag', 'grand', 'overnighted', 'rome', 'id', 'look', 'pension', 'rather', 'hotel', 'stay', 'place', 'pension', 'since', '1600s']","['fire', '13a', 'pension', 'type', 'lodge', 'europe', 'cheap', 'small', 'local', 'place']",['Italy'],[]
2024,rESOc5PmBx8,"['hi', 'jon', 'bev', 'watch', 'amazing', 'interview', 'cypress', 'room', 'lady', 'know', 'finally', 'time', 'comment', 'husband', 'watch', 'video', 'since', 'decide', 'best', 'life', 'would', 'full', 'time', 'travel', 'two', 'adult', 'daughter', 'process', 'sell', 'everything', 'start', 'journey', 'june', 'meantime', 'live', 'beautiful', 'downtown', 'coeur', 'dalene', 'idaho', 'would', 'love', 'host', 'find', 'area', 'thank', 'much', 'share', 'knowledge', 'experience', 'find', 'video', 'invaluable', 'informative', 'truly', 'inspire', 'u']","['thank', 'much', 'lovely', 'offer', 'would', 'please', 'send', 'u', 'email', 'website', 'instagram', 'wed', 'love', 'meet', 'sometime', 'john', 'bev']",['United States'],['United States']
2024,rESOc5PmBx8,"['thanks', 'great', 'video', 'lucky', 'benefit', 'experience']","['pleasure', 'thanks', 'watch', 'follow', 'along', 'u', 'happy', 'journey', 'john', 'bev']",[],['United States']
2024,rESOc5PmBx8,"['new', 'zealand', 'dream', 'slow', 'travel', 'imagine', 'soaking', 'stunning', 'landscape', 'comfort', 'scenic', 'train', 'ride']","['train', 'new', 'zealand', 'love', 'happy', 'journey', 'john', 'bev']",[],[]
2024,rESOc5PmBx8,"['new', 'zealand', 'dream', 'slow', 'travel', 'imagine', 'soaking', 'stunning', 'landscape', 'comfort', 'scenic', 'train', 'ride']","['retirementtravelers', 'glad', 'hear', 'enjoy']",[],[]
2024,rESOc5PmBx8,"['great', 'list', 'nice', 'see', 'new', 'zealand', 'include', 'pleasure', 'visit', 'several', 'year', 'ago', 'well', 'great', 'opportunity', 'live', 'greece', 'year', 'child']","['thanks', 'love', 'new', 'zealand', 'greece', 'thanks', 'watch', 'happy', 'journey', 'john', 'bev']","['France', 'Greece']",['Greece']
2024,rESOc5PmBx8,"['northern', 'spain', 'favorite', 'thank', 'interesting', 'video']","['glad', 'enjoy', 'thank', 'watch', 'happy', 'journey', 'john', 'bev']",['Spain'],[]
2024,rESOc5PmBx8,"['would', 'add', 'prague', 'enchant', 'city', 'offer', 'great', 'food', 'beer', 'reasonable', 'price', 'free', 'public', 'transit', 'include', 'funicular', 'hill', 'senior', 'opera', 'symphony', 'kula', 'lumpur', 'another', 'city', 'literally', 'inexpensive', 'delicious', 'food', 'additional', 'affordable', 'rent', 'though', 'cultural', 'activity', 'limit']","['love', 'prague', 'head', 'back', 'next', 'fall', 'year', 'enjoy', 'kl', 'well', 'want', 'go', 'back', 'happy', 'journey', 'john', 'bev']",['Czech Republic'],['Czech Republic']
2024,rESOc5PmBx8,"['useful', 'entertaining', 'video', 'accommodation', 'location', 'travel', 'vlogers', 'usually', 'encourage', 'reserve', 'accommodation', 'week', 'advance', 'seem', 'impractical', 'spontaneous', 'explore']","['travel', 'schedule', 'usually', 'plan', 'well', 'advance', 'typically', 'stay', 'hotel', 'happy', 'journey', 'john', 'bev']",[],[]
2024,rESOc5PmBx8,"['come', 'back', 'switzerlandwe', 'go', 'back', 'next', 'yearabsolutely', 'gorgeous']","['cant', 'wait', 'return', 'switzerland', 'thanks', 'share', 'happy', 'journey', 'john', 'bev']",[],['Switzerland']
2024,rESOc5PmBx8,"['come', 'back', 'switzerlandwe', 'go', 'back', 'next', 'yearabsolutely', 'gorgeous']","['beautiful', 'place']",[],[]
2024,rESOc5PmBx8,"['love', 'zagreb', 'croatia']","['great', 'time', 'zagreb', 'thanks', 'share', 'happy', 'journey', 'john', 'bev']",['Croatia'],[]
2024,rESOc5PmBx8,"['would', 'rather', 'go', 'new', 'place', 'ive', 'yet', 'experience', 'rather', 'return', 'place', 'ive', 'already', 'even', 'applies', 'place', 'ive', 'love', 'new', 'zealand', 'exception', 'id', 'happily', 'go', 'back', 'drop', 'hat']","['u', 'weve', 'country', 'love', 'visit', 'nearly', 'new', 'zealand', 'definitely', 'near', 'top', 'happy', 'journey', 'john', 'bev']",[],['United States']
2024,rESOc5PmBx8,"['great', 'video', 'thanks', 'give', 'u', 'many', 'idea']","['welcome', 'thanks', 'watch', 'happy', 'journey', 'john', 'bev']",['United States'],[]
2024,rESOc5PmBx8,"['great', 'video', 'think', 'mexico', 'would', 'list']","['love', 'mexico', 'put', 'much', 'mexico', 'content', 'lately', 'want', 'share', 'place', 'love', 'thanks', 'watch', 'happy', 'journey', 'john', 'bev']",['Mexico'],['Mexico']
2024,rESOc5PmBx8,"['love', 'list', 'go', 'europe', 'month', 'early', 'next', 'year', 'month', 'spain', 'month', 'crete', 'part']","['enjoy', 'happy', 'journey', 'john', 'bev']",['Spain'],[]
2024,rESOc5PmBx8,"['love', 'list', 'go', 'europe', 'month', 'early', 'next', 'year', 'month', 'spain', 'month', 'crete', 'part']","['would', 'take', 'advantage', 'opportunity', 'strengthen', 'financial', 'future', 'protect', 'retirement', 'create', 'lasting', 'legacy', 'let', 'go']",['Spain'],[]
2024,rESOc5PmBx8,"['agree', 'choice', 'love', 'month', 'location', 'mexico', 'would', 'list', 'well', 'many', 'different', 'region', 'different', 'food', 'speciality', 'haha', 'might', 'easy', 'list', 'country', 'wouldnt', 'want', 'stay', 'month']","['spend', 'time', 'mexico', 'love', 'many', 'great', 'country', 'visit', 'happy', 'journey', 'john', 'bev']",['Mexico'],['Mexico']
2024,rESOc5PmBx8,"['agree', 'choice', 'love', 'month', 'location', 'mexico', 'would', 'list', 'well', 'many', 'different', 'region', 'different', 'food', 'speciality', 'haha', 'might', 'easy', 'list', 'country', 'wouldnt', 'want', 'stay', 'month']","['would', 'take', 'advantage', 'opportunity', 'strengthen', 'financial', 'future', 'protect', 'retirement', 'create', 'lasting', 'legacy', 'let', 'go']",['Mexico'],[]
2024,rESOc5PmBx8,"['good', 'info', 'would', 'helpful', 'include', 'visa', 'need', 'country', 'direct', 'u', 'website', 'also', 'reminder', 'schengen', 'rule', 'first', 'timer']","['thanks', 'suggestion', 'weve', 'previous', 'video', 'schengen', 'zone', 'overview', 'rule', 'happy', 'journey', 'john', 'bev']",['United States'],[]
2024,rESOc5PmBx8,"['great', 'video', 'panama', 'medellin', 'favorite', 'thank']","['pleasure', 'like', 'place', 'happy', 'journey', 'john', 'bev']",['Panama'],[]
2024,rESOc5PmBx8,"['taiwan', 'stay', 'day', 'definitely', 'one', 'country', 'worth', 'long', 'stay']","['great', 'choice', 'blast', 'taiwan', 'happy', 'journey', 'john', 'bev']",['Taiwan'],['Taiwan']
2024,rESOc5PmBx8,"['fantastic', 'video', 'thank', 'much', 'think', 'hit', 'nearly', 'favorite', 'id', 'add', 'budapest', 'love', 'walk', 'must', 'hard', 'pick', 'bless']","['glad', 'enjoy', 'budapest', 'definitely', 'near', 'top', 'u', 'happy', 'journey', 'john', 'bev']",[],['United States']
2024,rESOc5PmBx8,"['fabulous', 'thank']","['welcome', 'thanks', 'happy', 'journey', 'john', 'bev']",[],[]
2024,rESOc5PmBx8,"['great', 'video']","['glad', 'enjoy', 'thank', 'watch', 'happy', 'journey', 'john', 'bev']",[],[]
2024,rESOc5PmBx8,"['agree', 'country', 'great', 'slow', 'travel', 'thatbut', 'money', 'bulgaria', 'albania', 'new', 'frontier', 'slow', 'travel', 'cheap', 'cheap', 'cheap', 'sweet', 'people', 'great', 'food', 'natural', 'beauty', 'interesting', 'historyculture']","['thanks', 'share', 'bulgaria', 'albania', 'could', 'easily', 'make', 'list', 'happy', 'journey', 'john', 'bev']","['Bulgaria', 'Albania']","['Bulgaria', 'Albania']"
2024,rESOc5PmBx8,"['agree', 'country', 'great', 'slow', 'travel', 'thatbut', 'money', 'bulgaria', 'albania', 'new', 'frontier', 'slow', 'travel', 'cheap', 'cheap', 'cheap', 'sweet', 'people', 'great', 'food', 'natural', 'beauty', 'interesting', 'historyculture']","['stage', 'life', 'youve', 'work', 'would', 'say', 'yes', 'opportunity', 'could', 'enhance', 'financial', 'future', 'also', 'ensure', 'lasting', 'legacy', 'loved', 'one']","['Bulgaria', 'Albania']",[]
2024,rESOc5PmBx8,"['great', 'list', 'thanks', 'share', 'cant', 'argue', 'choice', 'havent', 'poland', 'schedule', 'fall', 'maybe', 'well', 'cross', 'path', 'country', 'would', 'add', 'chile', 'incredible', 'diversity', 'landscape', 'climate', 'north', 'south', 'excellent', 'wine', 'visit', 'easter', 'island', 'remote', 'inhabited', 'place', 'earthits', 'really', 'amazing', 'place', 'keep', 'return', 'three', 'month', 'go', 'top', 'bottom', 'would', 'incredible', 'portugal', 'many', 'thing', 'see', 'experience', 'small', 'country', 'plus', 'two', 'different', 'island', 'opportunity', 'azores', 'madeira', 'beautiful', 'favorite', 'mine', 'vietnam', 'major', 'city', 'lay', 'back', 'beach', 'communities', 'food', 'friendly', 'people', 'every', 'time', 'go', 'find', 'place', 'wasnt', 'aware', 'need', 'add', 'list', 'youd', 'shortage', 'option', 'three', 'month', 'vietnam', 'thanks', 'share']","['never', 'go', 'rio', 'beautiful', 'city', 'world', 'go', 'ipanema', 'every', 'two', 'month']","['Poland', 'Portugal', 'Chile', 'Vietnam']",['Brazil']
2024,rESOc5PmBx8,"['great', 'list', 'thanks', 'share', 'cant', 'argue', 'choice', 'havent', 'poland', 'schedule', 'fall', 'maybe', 'well', 'cross', 'path', 'country', 'would', 'add', 'chile', 'incredible', 'diversity', 'landscape', 'climate', 'north', 'south', 'excellent', 'wine', 'visit', 'easter', 'island', 'remote', 'inhabited', 'place', 'earthits', 'really', 'amazing', 'place', 'keep', 'return', 'three', 'month', 'go', 'top', 'bottom', 'would', 'incredible', 'portugal', 'many', 'thing', 'see', 'experience', 'small', 'country', 'plus', 'two', 'different', 'island', 'opportunity', 'azores', 'madeira', 'beautiful', 'favorite', 'mine', 'vietnam', 'major', 'city', 'lay', 'back', 'beach', 'communities', 'food', 'friendly', 'people', 'every', 'time', 'go', 'find', 'place', 'wasnt', 'aware', 'need', 'add', 'list', 'youd', 'shortage', 'option', 'three', 'month', 'vietnam', 'thanks', 'share']","['thanks', 'suggestion', 'happy', 'journey', 'john', 'bev']","['Poland', 'Portugal', 'Chile', 'Vietnam']",[]
2024,rESOc5PmBx8,"['favorite', 'youtubers', 'youtubers', 'copy', 'right', 'leave', 'keep', 'authentic', 'best']","['thanks', 'much', 'kind', 'comment', 'happy', 'journey', 'john', 'bev']",[],[]
2024,rESOc5PmBx8,"['snow', 'curt', 'live', 'columbia', 'many', 'month', 'snow', 'go', 'knee', 'operation', 'wonderful', 'time', 'make', 'want', 'go', 'sure', 'thank', 'video', 'greeting', 'camilla', 'denmark']","['thanks', 'share', 'happy', 'journey', 'john', 'bev']",['Denmark'],[]
2024,rESOc5PmBx8,"['list', 'best']","['thanks', 'much', 'glad', 'find', 'helpful', 'happy', 'journey', 'john', 'bev']",[],[]
2024,rESOc5PmBx8,[],"['thanks', 'happy', 'journey', 'john', 'bev']",[],[]
2024,rESOc5PmBx8,"['hello', 'ouray', 'colorado', 'awesome', 'video', 'thank', 'much', 'share', 'experience', 'great', 'gathering', 'spot', 'someone', 'could', 'start', 'travel', 'bonanza', 'right', 'foot', 'personally', 'would', 'interested', 'start', 'mediterranean', 'list', 'really', 'really', 'enjoy', 'confluence', 'european', 'history', 'crystal', 'clear', 'warm', 'water', 'since', '30th', 'anniversary', 'trip', 'greece', 'cancel', 'due', 'covid', 'would', 'bonus', 'finally', 'get', 'also', 'enjoy', 'central', 'south', 'american', 'list', 'live', 'panama', 'year', 'kid', 'middle', 'school', 'graduate', 'high', 'school', 'would', 'love', 'return', 'wife', 'buti', 'need', 'strategically', 'plan', 'humidity', 'sit', 'well', 'would', 'spend', 'christmas', 'costa', 'rica', 'worldly', 'treasure', 'protected', 'land', 'guess', 'columbia', 'would', 'best', 'latin', 'american', 'start', 'point', 'weather', 'mild', 'start', 'bag', 'travel', 'practice', 'tom', 'toc', 'labor', 'day', 'sale', 'get', 'one', 'liter', 'bag', 'travel', 'work', 'practice', 'carry', 'complete', 'trip', 'since', 'labor', 'dayand', 'glorious', 'check', 'bag', 'airport', 'need', 'refine', 'wardrobe', 'well', 'figure', 'way', 'incorporate', 'personal', 'bag', 'runningwalking', 'shoe', 'cpap', 'dominate', 'l', 'bag', 'much', 'since', 'tom', 'toc', 'bag', 'set', 'attach', 'personal', 'bag', 'like', 'osprey', 'system', 'currently', 'think', 'sling', 'bag', 'put', 'electronics', 'flight', 'need', 'equipment', 'safe', 'travel']","['thanks', 'share', 'great', 'information', 'happy', 'journey', 'john', 'bev']","['Greece', 'Panama']",[]
2024,rESOc5PmBx8,"['cute', 'girl', 'spanish', 'segment']","['thats', 'granddaughter', 'family', 'meet', 'u', 'spain', 'summer', 'happy', 'journey', 'john', 'bev']",[],"['Spain', 'United States']"
2024,rESOc5PmBx8,"['love', 'video', 'website', 'due', 'husband', 'health', 'move', 'little', 'early', 'slo', 'go', 'year', 'often', 'walk', 'cane', 'move', 'slow', 'place', 'suggest', 'long', 'term', 'travel', 'affordable', 'travel', 'extensively', 'past', 'year', 'love', 'new', 'zealand', 'italy', 'france', 'suggestion', 'appreciate']","['thanks', 'much', 'regard', 'affordable', 'colombia', 'india', 'south', 'africa', 'lao', 'vietnam', 'option', 'happy', 'journey', 'john', 'bev']","['France', 'Italy']","['Colombia', 'Vietnam', 'India']"
2024,rESOc5PmBx8,"['guess', 'make', 'right', 'choice', 'head', 'cartagena', 'panama', 'city', 'next', 'couple', 'week', 'im', 'leave', 'month', 'sea', 'travel']","['awesome', 'place', 'hope', 'great', 'trip', 'happy', 'journey', 'john', 'bev']",['Panama'],[]
2024,rESOc5PmBx8,"['robert', 'age', 'pound', 'want', 'lose', 'weight', 'also', 'health', 'ok', 'want', 'visit', 'country', 'month', 'lose', 'weight', 'get', 'good', 'health', 'want', 'safe', 'warm', 'weather', 'month', 'decmarch', 'please', 'help', 'thank', 'also', 'want', 'hotelresort', 'thing']",[],[],[]
2024,rESOc5PmBx8,"['safe', 'philippine', 'reputation', 'kidnapping', 'get', 'news', 'recently', 'june', 'ap', 'news', 'police', 'kidnap', 'foreign', 'tourist', 'ransom']","['felt', 'safe', 'area', 'go', 'certainly', 'careful', 'everywhere', 'happy', 'journey', 'john', 'bev']",['Philippines'],[]
2024,rESOc5PmBx8,"['safe', 'philippine', 'reputation', 'kidnapping', 'get', 'news', 'recently', 'june', 'ap', 'news', 'police', 'kidnap', 'foreign', 'tourist', 'ransom']","['retirementtravelers', 'country', 'list', 'dont', 'issue', 'seem', 'worth', 'point', 'kidnap', 'something', 'avoid', 'vigilant', 'state', 'department', 'advisory', 'say', 'exercise', 'increase', 'caution', 'due', 'crime', 'terrorism', 'civil', 'unrest', 'kidnapping']",['Philippines'],[]
2024,rESOc5PmBx8,"['safe', 'philippine', 'reputation', 'kidnapping', 'get', 'news', 'recently', 'june', 'ap', 'news', 'police', 'kidnap', 'foreign', 'tourist', 'ransom']","['mtndudesf', 'see', 'similar', 'statement', 'state', 'department', 'many', 'country', 'around', 'world', 'philippine', 'level', 'spain', 'safe', 'european', 'country', 'like', 'france', 'belgium', 'denmark', 'ive', 'philippine', 'safe', 'friendly', 'englishspeaking', 'people', 'miss', 'wonderful', 'place', 'blanket', 'statement', 'state', 'department', 'put', 'would', 'shame']",['Philippines'],"['Philippines', 'Spain', 'Belgium', 'France', 'Denmark']"
2024,rESOc5PmBx8,"['safe', 'philippine', 'reputation', 'kidnapping', 'get', 'news', 'recently', 'june', 'ap', 'news', 'police', 'kidnap', 'foreign', 'tourist', 'ransom']","['nomadjim', 'show', 'country', 'list', 'mention', 'kidnapping', 'terrorism', 'state', 'department']",['Philippines'],[]
2024,rESOc5PmBx8,"['safe', 'philippine', 'reputation', 'kidnapping', 'get', 'news', 'recently', 'june', 'ap', 'news', 'police', 'kidnap', 'foreign', 'tourist', 'ransom']","['nomadjim', 'outside', 'africa', 'middle', 'east', 'state', 'department', 'mention', 'kidnap', 'following', 'country', 'sorry', 'france', 'belgium', 'denmark', 'spain', 'mexico', 'peru', 'colombia', 'ecuador', 'honduras', 'bangladesh', 'papua', 'new', 'guinea', 'pakistan', 'malaysia', 'philippine', 'haiti', 'trinidad', 'tobago', 'venezuela']",['Philippines'],"['Ecuador', 'Peru', 'Spain', 'Colombia', 'Bangladesh', 'Malaysia', 'Honduras', 'Belgium', 'Philippines', 'Haiti', 'Guinea', 'Mexico', 'France', 'Pakistan', 'Denmark']"
2024,rESOc5PmBx8,"['greece', 'favorite', 'country', 'vacation']","['spend', 'may', 'really', 'love']",['Greece'],[]
2024,rESOc5PmBx8,"['greece', 'favorite', 'country', 'vacation']","['greece', 'amaze', 'happy', 'journey', 'john', 'bev']",['Greece'],['Greece']
2024,rESOc5PmBx8,"['greece', 'favorite', 'country', 'vacation']","['greece', 'wonderful']",['Greece'],['Greece']
2024,rESOc5PmBx8,[],"['travel', 'wonderful']",[],[]
2024,rESOc5PmBx8,"['ah', 'travel']","['would', 'take', 'advantage', 'opportunity', 'strengthen', 'financial', 'future', 'protect', 'retirement', 'create', 'lasting', 'legacy', 'let', 'go']",[],[]
2024,rESOc5PmBx8,"['try', 'something', 'totally', 'different', 'small', 'kingdom', 'denmark', 'copenhagen', 'bornholm', 'west', 'coast', 'jutland', 'skagen', 'island', 'greenland', 'list', 'go']","['great', 'suggestion', 'thanks', 'happy', 'journey', 'john', 'bev']","['Greenland', 'Denmark']",[]
2024,rESOc5PmBx8,"['try', 'something', 'totally', 'different', 'small', 'kingdom', 'denmark', 'copenhagen', 'bornholm', 'west', 'coast', 'jutland', 'skagen', 'island', 'greenland', 'list', 'go']",[],"['Greenland', 'Denmark']",[]
2025,rESOc5PmBx8,"['georgia', 'country', 'state']","['list', 'havent', 'yet', 'john', 'bev']",['Georgia'],[]
2024,rESOc5PmBx8,"['recommend', 'place', 'think', 'important', 'recognize', 'might', 'safe', 'may', 'safe', 'others', 'latina', 'poland', 'would', 'extremely', 'unsafe', 'rise', 'white', 'nationalism', 'create', 'dangerous', 'environment', 'white']","['wonderful', 'time', 'poland', 'meet', 'incredible', 'people', 'race', 'think', 'might', 'information', 'wrong', 'one', 'could', 'wrong', 'youve', 'experience', 'bad', 'situation', 'would', 'interested', 'know', 'future', 'reference', 'john', 'bev']",['Poland'],['Poland']
2024,rESOc5PmBx8,"['finish', 'month', 'albufeira', 'porto', 'cascais', 'incredible', 'fun']","['beautiful', 'place', 'thanks', 'share', 'happy', 'journey', 'john', 'bev']",[],[]
2024,rESOc5PmBx8,"['great', 'information', 'thank']","['glad', 'helpful', 'happy', 'journey', 'john', 'bev']",[],[]
2024,rESOc5PmBx8,"['quite', 'happy', 'find', 'channel', 'wife', 'retire', 'year', 'time', 'age', 'spending', 'time', 'favorite', 'country', 'around', 'month', 'time', 'definitely', 'plan', 'least', 'next', 'decade', 'glad', 'see', 'favorite', 'country', 'list', 'consider', 'centralsouth', 'american', 'country', 'well', 'originally', 'philippine', 'really', 'glad', 'enjoy', 'stay', 'im', 'surprised', 'dont', 'italy', 'list', 'along', 'spain', 'nz', 'top', 'especially', 'love', 'tuscany', 'couldnt', 'wait', 'stay', 'much', 'long', 'duration', 'week', 'normally', 'spend', 'finally', 'id', 'also', 'recommend', 'western', 'europe', 'germany', 'france', 'benelux', 'switzerland', 'long', 'term', 'stay', 'within', 'hour', 'drive', 'course', 'train', 'ride', 'live', 'germany', 'year', 'still', 'think', 'lot', 'ground', 'cover', 'area']","['thank', 'comment', 'love', 'italy', 'plan', 'return', 'future', 'germany', 'france', 'switzerland', 'great', 'idea', 'weve', 'visit', 'need', 'return', 'john', 'bev']","['Philippines', 'Spain', 'Italy', 'France', 'Germany', 'Switzerland']","['France', 'Germany', 'Italy', 'Switzerland']"
2024,rESOc5PmBx8,"['alot', 'choice', 'house', 'minute', 'montezuma', 'costa', 'rica', 'wonderful', 'area', 'retire', 'mid', 'explore', 'country', 'list']","['thats', 'awesome', 'great', 'time', 'costa', 'rica', 'happy', 'journey', 'john', 'bev']",[],[]
2024,rESOc5PmBx8,['knowlegable'],"['thanks', 'happy', 'journey', 'john', 'bev']",[],[]
2024,rESOc5PmBx8,"['great', 'video', 'topic', 'three', 'month', 'stay', 'draw', 'watch', 'great', 'location', 'consider', 'id', 'love', 'see', 'series', 'like', 'base', 'cooler', 'warm', 'location', 'love', 'sweatshirt', 'weather', 'get', 'back', 'north', 'wale', 'great', 'sweatshirt', 'weather', 'location', 'would', 'recommend', 'know', 'others', 'love', 'hot', 'weather', 'place', 'would', 'another', 'great', 'video', 'something', 'like', 'open', 'suggestion', 'thanks', 'great', 'content']","['great', 'suggestion', 'thanks', 'typically', 'dont', 'go', 'cold', 'place', 'layer', 'place', 'like', 'scotland', 'ireland', 'norway', 'etc']",['United Kingdom'],"['Norway', 'United Kingdom', 'Ireland']"
2024,rESOc5PmBx8,"['wow', 'excellent', 'video', 'much', 'pack', 'short', 'time', 'save', 'since', 'retire', 'next', 'year', 'great', 'job', 'guy', 'nail']","['glad', 'helpful', 'good', 'luck', 'retirement', 'planning', 'john', 'bev']",[],[]
2024,rESOc5PmBx8,"['thank', 'include', 'country', 'philippine']","['pleasure', 'love', 'philippine', 'happy', 'journey', 'john', 'bev']",['Philippines'],['Philippines']
2024,rESOc5PmBx8,"['thank', 'inspire', 'video', 'remember', 'one', 'video', 'speak', 'virtual', 'mailbox', 'service', 'use', 'im', 'unable', 'find', 'particular', 'video', 'refresh', 'memory', 'service', 'recommend', 'wife', 'inspire', 'two', 'visit', 'remain', 'national', 'park', 'one', 'year', 'could', 'please', 'share', 'video', 'speak', 'virtual', 'mailbox', 'service', 'thank']","['thanks', 'watch', 'love', 'national', 'park', 'take', 'u', 'year', 'one', 'year', 'ambitious', 'link', 'virtual', 'mailbox', 'put', 'description', 'video', 'rvmail', 'service', 'good', 'luck', 'planning', 'let', 'u', 'know', 'assistance', 'john', 'bev']",[],['United States']
2024,rESOc5PmBx8,"['great', 'info']","['glad', 'helpful', 'happy', 'journey', 'john', 'bev']",[],[]
2024,rESOc5PmBx8,"['great', 'brief', 'detailed', 'overview', 'location', 'thanks', 'much']","['glad', 'enjoy', 'thank', 'watch', 'happy', 'journey', 'john', 'bev']",[],[]
2024,rESOc5PmBx8,"['great', 'list', 'many', 'awesome', 'place', 'see', 'future']","['glad', 'enjoy', 'happy', 'journey', 'john', 'bev']",[],[]
2024,rESOc5PmBx8,"['great', 'video', 'guy', 'crete', 'recently', 'already', 'plan', 'return', 'bev', 'like', 'long', 'hair']","['awesome', 'thank', 'glad', 'enjoy', 'crete', 'happy', 'journey', 'john', 'bev']",[],[]
2024,rESOc5PmBx8,"['great', 'video', 'one', 'best', 'love', 'jump', 'nononsense', 'informative']","['glad', 'helpful', 'thanks', 'happy', 'journey', 'john', 'bev']",[],[]
2024,rESOc5PmBx8,"['great', 'video', 'give', 'lot', 'food', 'thought']","['glad', 'helpful', 'thanks', 'follow', 'along', 'happy', 'journey', 'john', 'bev']",[],[]
2024,rESOc5PmBx8,"['really', 'interesting', 'choice', 'thanks']","['thanks', 'glad', 'like', 'happy', 'journey', 'john', 'bev']",[],[]
2024,rESOc5PmBx8,"['agree', 'pick', 'many', 'favorite', 'however', 'miss', 'vietnam', 'ho', 'chi', 'minh', 'da', 'nang', 'within', 'anyones', 'budget']","['many', 'hard', 'choice', 'love', 'time', 'vietnam', 'well', 'happy', 'journey', 'john', 'bev']",['Vietnam'],['Vietnam']
2024,rESOc5PmBx8,"['past', 'spring', 'spend', 'lot', 'time', 'croatia', 'place', 'go', 'plus', 'trogir', 'absolutely', 'see', 'u', 'stay', 'least', 'month', 'two', 'zagreb', 'alone', 'market', 'people', 'cool', 'city', 'laid', 'back', 'spend', 'week', 'albania', 'would', 'say', 'would', 'go', 'back', 'albania', 'heartbeat', 'people', 'amazing', 'town', 'unique', 'tirana', 'city', 'welcoming', 'interesting', 'love', 'greece', 'well', 'island', 'whole', 'country', 'cant', 'go', 'wrong', 'renew', 'interest', 'colombia', 'thanks', 'video']","['thanks', 'glad', 'find', 'helpful', 'really', 'enjoy', 'albania', 'well', 'definitely', 'want', 'go', 'back', 'happy', 'journey', 'john', 'bev']","['Colombia', 'Albania', 'United States', 'Greece', 'Croatia']",['Albania']
2024,rESOc5PmBx8,"['isolate', 'problem', 'area', 'main', 'still', 'louis', 'armstrong', 'sing', 'wonderful', 'world']","['agree', 'completely', 'thanks', 'happy', 'journey', 'john', 'bev']",[],[]
2024,rESOc5PmBx8,"['awesome', 'video', 'cant', 'fault', 'choice', 'really', 'amazing', 'long', 'term', 'experience', 'could', 'easily', 'spend', 'three', 'month', 'go', 'back', 'turkey', 'travelingand', 'eat', 'around', 'various', 'city', 'fell', 'love', 'cost', 'effective', 'location', 'well', 'cost', 'spectrum', 'could', 'easily', 'spend', 'three', 'month', 'australia', 'make', 'way', 'east', 'coast', 'melbourne', 'sydney', 'brisbane', 'cairn', 'darwin', 'much', 'see', 'people', 'fantastic', 'inexpensive', 'travel', 'location', 'worth']","['thanks', 'share', 'turkey', 'australia', 'amazing', 'place', 'well', 'happy', 'journey', 'john', 'bev']","['Turkey', 'Australia']","['Turkey', 'Australia']"
2024,rESOc5PmBx8,"['love', 'video', 'many', 'great', 'place', 'still', 'need', 'visit']","['yes', 'hope', 'get', 'see', 'happy', 'journey', 'john', 'bev']",[],[]
2024,rESOc5PmBx8,"['super', 'video', 'great', 'info', 'thanks', 'share', 'perspective', 'experience']","['glad', 'enjoy', 'thank', 'watch', 'happy', 'journey', 'john', 'bev']",[],[]
2024,rESOc5PmBx8,"['great', 'location']","['thanks', 'glad', 'enjoy', 'happy', 'journey', 'john', 'bev']",[],[]
2024,rESOc5PmBx8,"['good', 'job', 'two', 'guatemala', 'shortly', 'go', 'panama', 'take', 'care']","['thanks', 'guatemala', 'could', 'easily', 'list', 'love', 'time', 'antigua', 'lake', 'atitlan', 'happy', 'journey', 'john', 'bev']","['Panama', 'Guatemala']",['Guatemala']
2024,rESOc5PmBx8,"['current', 'exchange', 'rate', 'japan', 'good', 'place', 'travel', 'would', 'best', 'learn', 'basic', 'japanese']","['agree', 'plan', 'visit', 'month', 'next', 'year', 'happy', 'journey', 'john', 'bev']",['Japan'],[]
2025,rESOc5PmBx8,"['hello', 'please', 'make', 'one', 'video', 'country', 'best', 'saving', 'save', 'enough', 'travel', 'wait', 'response', 'thanks']","['great', 'idea', 'consider', 'future', 'video', 'john', 'bev']",[],[]
2025,rESOc5PmBx8,"['hello', 'please', 'make', 'one', 'video', 'country', 'best', 'saving', 'save', 'enough', 'travel', 'wait', 'response', 'thanks']","['retirementtravelers', 'please', 'make', 'similar', 'video', 'like', 'top', 'best', 'country', 'save', 'something', 'like']",[],[]
2024,rESOc5PmBx8,"['last', 'time', 'go', 'medellin', 'refuse', 'rain', 'entire', 'day', 'like', 'cooler', 'temp', 'still', 'fun', 'place']","['glad', 'enjoy', 'happy', 'journey', 'john', 'bev']",[],[]
2024,rESOc5PmBx8,"['last', 'time', 'go', 'medellin', 'refuse', 'rain', 'entire', 'day', 'like', 'cooler', 'temp', 'still', 'fun', 'place']","['could', 'take', 'step', 'today', 'create', 'lasting', 'financial', 'security', 'family', 'one', 'ensure', 'comfort', 'stability', 'generation', 'would']",[],[]
2024,rESOc5PmBx8,"['spend', 'week', 'albania', 'incredible', 'euro', 'coffee', 'e', 'beer', 'euro', 'accommodation', 'unreal']","['love', 'albania', 'hospitality', 'roof', 'glad', 'great', 'time', 'beautiful', 'country', 'definately', 'back', 'thanks', 'subscribe', 'john', 'bev']",['Albania'],['Albania']
2024,rESOc5PmBx8,"['spend', 'week', 'albania', 'incredible', 'euro', 'coffee', 'e', 'beer', 'euro', 'accommodation', 'unreal']","['path', 'great', 'financial', 'freedom', 'security', 'right', 'front', 'one', 'could', 'positively', 'impact', 'future', 'also', 'childrens', 'grandchildrens', 'would', 'walk', 'turn', 'away']",['Albania'],[]
2024,rESOc5PmBx8,"['plan', 'threemonths', 'immersion', 'retire', 'accord', 'current', 'plan', 'late', 'top', 'three', 'threemonth', 'stay', 'three', 'country', 'list', 'slovenia', 'portugal', 'chile', 'slovenia', 'possibly', 'beautiful', 'country', 'ive', 'visit', 'although', 'number', 'country', 'visit', 'less', 'half', 'portugal', 'obvious', 'choice', 'since', 'want', 'portuguese', 'language', 'immersion', 'ill', 'stay', 'away', 'algarve', 'south', 'englishlanguage', 'friendly', 'immersion', 'chile', 'favorite', 'latin', 'america', 'colombia', 'wouldve', 'list', 'although', 'prefer', 'bogota', 'san', 'franciscolike', 'weather', 'medellin', 'san', 'diegolike', 'weather', 'fear', 'colombia', 'rapidly', 'move', 'wrong', 'direction', 'politically', 'definitely', 'prefer', 'south', 'america', 'central', 'america', 'many', 'reason', 'maybe', 'four', 'six', 'week', 'stay', 'guatemala', 'el', 'salvador', 'would', 'fun']","['country', 'love', 'could', 'easily', 'make', 'list', 'share', 'concern', 'colombia', 'past', 'experience', 'great', 'happy', 'journey', 'john', 'bev']","['Colombia', 'Slovenia', 'Guatemala', 'United States', 'Portugal', 'Chile']",['Colombia']
2024,rESOc5PmBx8,"['plan', 'threemonths', 'immersion', 'retire', 'accord', 'current', 'plan', 'late', 'top', 'three', 'threemonth', 'stay', 'three', 'country', 'list', 'slovenia', 'portugal', 'chile', 'slovenia', 'possibly', 'beautiful', 'country', 'ive', 'visit', 'although', 'number', 'country', 'visit', 'less', 'half', 'portugal', 'obvious', 'choice', 'since', 'want', 'portuguese', 'language', 'immersion', 'ill', 'stay', 'away', 'algarve', 'south', 'englishlanguage', 'friendly', 'immersion', 'chile', 'favorite', 'latin', 'america', 'colombia', 'wouldve', 'list', 'although', 'prefer', 'bogota', 'san', 'franciscolike', 'weather', 'medellin', 'san', 'diegolike', 'weather', 'fear', 'colombia', 'rapidly', 'move', 'wrong', 'direction', 'politically', 'definitely', 'prefer', 'south', 'america', 'central', 'america', 'many', 'reason', 'maybe', 'four', 'six', 'week', 'stay', 'guatemala', 'el', 'salvador', 'would', 'fun']","['agree', 'slovenia', 'wonderful', 'inexpensive', 'day', 'chile', 'challenge', 'since', 'collapse', 'venezuala', 'homework', 'go', 'sure', 'safe', 'columbia', 'day', 'probably', 'depend', 'city', 'visit', 'country', 'fairly', 'safe', 'others']","['Colombia', 'Slovenia', 'Guatemala', 'United States', 'Portugal', 'Chile']","['Chile', 'Slovenia']"
2024,rESOc5PmBx8,"['hi', 'love', 'ireland', 'country', 'easily', 'spend', 'month', 'use', 'county', 'base', 'easily', 'travel', 'throughout', 'start', 'dublin', 'travel', 'several', 'county', 'week', 'easily', 'could', 'spend', 'month', 'people', 'warm', 'friendly', 'every', 'county', 'unique', 'beautiful']","['love', 'ireland', 'heres', 'vlog', 'hope', 'bring', 'good', 'memory', 'like', 'u', 'john', 'bev']",['Ireland'],"['Ireland', 'United States']"
2024,rESOc5PmBx8,"['hi', 'love', 'ireland', 'country', 'easily', 'spend', 'month', 'use', 'county', 'base', 'easily', 'travel', 'throughout', 'start', 'dublin', 'travel', 'several', 'county', 'week', 'easily', 'could', 'spend', 'month', 'people', 'warm', 'friendly', 'every', 'county', 'unique', 'beautiful']","['would', 'take', 'advantage', 'opportunity', 'strengthen', 'financial', 'future', 'protect', 'retirement', 'create', 'lasting', 'legacy', 'let', 'go']",['Ireland'],[]
2024,rESOc5PmBx8,"['new', 'zealand', 'look', 'stun', 'isnt', 'super', 'expensive', 'id', 'love', 'hear', 'thought', 'cost', 'long', 'stay']","['yes', 'new', 'zealand', 'costly', 'understanding', 'small', 'town', 'arent', 'expensive', 'get', 'youre', 'come', 'u', 'expensive', 'incredible', 'would', 'worth', 'work', 'could', 'go', 'john', 'bev']",[],['United States']
2024,rESOc5PmBx8,"['new', 'zealand', 'look', 'stun', 'isnt', 'super', 'expensive', 'id', 'love', 'hear', 'thought', 'cost', 'long', 'stay']","['yes', 'nz', 'expensive', 'life', 'time', 'experience', 'also', 'exchange', 'rate', 'might', 'advantageous', 'u', 'euro', 'like']",[],['United States']
2025,rESOc5PmBx8,[],"['glad', 'enjoy', 'john', 'bev']",[],[]
2025,rESOc5PmBx8,"['love', 'video', 'always', 'full', 'great', 'information']","['thanks', 'much', 'john', 'bev']",[],[]
2025,rESOc5PmBx8,"['krakow', 'amaze', 'highlight', 'country', 'tour', 'eastern', 'europe']","['also', 'love', 'krakow', 'thanks', 'share', 'john', 'bev']",[],[]
2025,rESOc5PmBx8,"['im', 'expat', 'living', 'philippine', 'ive', 'see', 'big', 'city', 'small', 'town', 'doubt', 'ill', 'remain', 'much', 'long', 'time', 'move', 'travel', 'advice', 'greatly', 'help', 'wonder', 'country', 'georgia', 'would', 'recommend', 'sub', 'btw']","['thanks', 'sub', 'glad', 'find', 'advice', 'helpful', 'georgia', 'yet', 'definitely', 'list', 'hasnt', 'work', 'happy', 'journey', 'john', 'bev']","['Philippines', 'Georgia']",['Georgia']
2025,rESOc5PmBx8,"['need', 'live', 'malaysia', 'luxury', 'living', 'steal', 'due', 'weak', 'currency', 'incredible', 'diversity', 'food', 'safe', 'clean', 'incredible', 'shopping', 'mall', 'multicultural', 'society', 'main', 'downside', 'heat', 'humidity', 'however', 'live', 'travel', 'airconditioned', 'comfort', 'weather', 'great', 'skin']","['appreciate', 'feedback', 'look', 'future', 'video', 'john', 'bev']",['Malaysia'],[]
2025,rESOc5PmBx8,[],"['appreciate', 'happy', 'travel', 'john', 'bev']",[],[]
2025,rESOc5PmBx8,"['love', 'video', 'love', 'travel', 'chiang', 'mai', 'thailand', 'great', 'city', 'extended', 'stay', 'stay', 'month']","['thanks', 'glad', 'enjoy', 'video', 'chiang', 'mai', 'fun', 'place', 'visit', 'sure', 'happy', 'journey', 'john', 'bev']",['Thailand'],[]
2024,rESOc5PmBx8,[],"['weve', 'love', 'much', 'hoping', 'return', 'soon']",[],[]
2024,rESOc5PmBx8,"['would', 'add', 'brazil', 'natural', 'beauty', 'alone', 'mind', 'blow', 'particular', 'sailing', 'around', 'ilha', 'grande', 'spbig', 'island', 'island', 'carnival', 'also', 'incredible', 'downside', 'crime', 'big', 'city']","['brazil', 'list', 'future', 'thanks', 'share', 'happy', 'journey', 'john', 'bev']",['Brazil'],['Brazil']
2024,rESOc5PmBx8,"['would', 'suggest', 'malaysia', 'sri', 'lanka', 'great', 'long', 'stay', 'destination', 'easy', 'month', 'malaysia', 'borneo', 'month', 'sri', 'lanka', 'good', 'value', 'retiree', 'also', 'consider', 'indonesia', 'java', 'bali', 'lombok', 'great', 'dive', 'indo']","['love', 'place', 'thanks', 'share', 'happy', 'journey', 'john', 'bev']","['Indonesia', 'Malaysia', 'Sri Lanka']",[]
2024,rESOc5PmBx8,"['expected', 'budget', 'place']","['video', 'make', 'travel', 'cost', 'john', 'bev']",[],[]
2024,rESOc5PmBx8,"['great', 'video', 'person', 'slow', 'travel', 'southern', 'thailand', 'year', 'tell', 'much', 'experience', 'many', 'different', 'vibe', 'experience', 'different', 'area', 'gulf', 'coast', 'side', 'koh', 'samui', 'koh', 'tao', 'koh', 'panang', 'enjoyable', 'different', 'love', 'laid', 'back', 'hippie', 'vibe', 'koh', 'tao', 'diving', 'snd', 'snorkel', 'koh', 'samui', 'find', 'different', 'vibe', 'depend', 'part', 'island', 'hua', 'hin', 'expat', 'dislike', 'felt', 'like', 'living', 'suburb', 'u', 'andaman', 'sea', 'side', 'thailand', 'favorite', 'offer', 'much', 'krabi', 'phi', 'phi', 'island', 'railey', 'beach', 'spectacular', 'koh', 'lanta', 'rustic', 'original', 'thai', 'vibe', 'koh', 'yai', 'noi', 'even', 'rural', 'could', 'wait', 'leave', 'phuket', 'homebase', 'large', 'island', 'many', 'different', 'beach', 'area', 'one', 'different', 'feel', 'think', 'hat', 'phuket', 'find', 'right', 'area', 'fit', 'perfectly', 'whenever', 'decide', 'southern', 'thailand', 'would', 'suggest', 'take', 'three', 'month', 'maybe', 'three', 'month', 'gulf', 'side', 'three', 'four', 'month', 'andamen', 'sea', 'side', 'spend', 'rainy', 'season', 'phuket', 'find', 'delightful', 'day', 'rain', 'much', 'could', 'go', 'price', 'low', 'crowd', 'less', 'hotel', 'cheap', 'temperature', 'also', 'cooler']","['wow', 'thank', 'much', 'valuable', 'information', 'want', 'take', 'time', 'explore', 'thailand', 'one', 'favorite', 'happy', 'journey', 'john', 'bev']","['Thailand', 'United States']",['Thailand']
2024,rESOc5PmBx8,"['would', 'add', 'taiwan', 'list']","['great', 'suggestion', 'love', 'taiwan', 'happy', 'journey', 'john', 'bev']",['Taiwan'],['Taiwan']
2024,rESOc5PmBx8,"['still', 'feel', 'good', 'idea', 'go', 'mexico', 'central', 'america', 'give', 'severe', 'water', 'shortagescrises', 'country']","['rain', 'every', 'day', 'mexico', 'city', 'san', 'miguel', 'de', 'allende', 'think', 'area', 'drought', 'hurricane', 'season', 'pass', 'long', 'problem', 'john', 'bev']","['United States', 'Mexico']",['Mexico']
2024,rESOc5PmBx8,"['wonderful', 'recommendation', 'wonder', 'answer', 'felt', 'safe', 'less', 'needtobecareful', 'columbia', 'panama', 'thank']","['place', 'safe', 'place', 'need', 'careful', 'experience', 'little', 'medellin', 'panama', 'city', 'dont', 'go', 'night', 'dont', 'go', 'area', 'shouldnt', 'happy', 'journey', 'john', 'bev']",['Panama'],['Panama']
2024,rESOc5PmBx8,"['island', 'good', 'visit', 'greece', 'shoulder', 'season', 'rent', 'car', 'please', 'prefer', 'walk', 'public', 'transport']","['would', 'say', 'local', 'bus', 'service', 'weve', 'walk', 'every', 'one', 'dont', 'miss', 'folegandros', 'love', 'walk', 'spring', 'paradise', 'wildflower', 'john', 'bev']",['Greece'],[]
2024,rESOc5PmBx8,"['spend', 'month', 'medellin', 'right', 'covid', 'february', 'sooooo', 'hot', 'think', 'maybe', 'spring', 'like', 'temp', 'people', 'southeast', 'u', 'coloradan', 'love', 'colombia', 'except', 'food', 'medellin', 'least', 'favorite', 'place', 'many', 'old', 'gringo', 'men', 'flaunt', 'prostitute', 'every', 'bar', 'disco', 'yuck', 'poblado', 'btw', 'go', 'country', 'month', 'exception', 'pacific', 'coast', 'area']","['thanks', 'share', 'experience', 'happy', 'journey', 'john', 'bev']","['Colombia', 'United States']",[]
2024,rESOc5PmBx8,"['ive', 'great', 'place', 'except', 'dont', 'like', 'zageb']","['thanks', 'share', 'experience', 'happy', 'journey', 'john', 'bev']",[],[]
2024,rESOc5PmBx8,"['salamanca', 'spain']","['weve', 'heard', 'good', 'thing', 'yet', 'thanks', 'much', 'share', 'happy', 'journey', 'john', 'bev']",['Spain'],[]
2024,rESOc5PmBx8,"['new', 'zealand', 'affordable']","['cheap', 'still', 'amazing', 'place', 'visit', 'happy', 'journey', 'john', 'bev']",[],[]
2024,rESOc5PmBx8,"['poland', 'colombia', 'best', 'slow', 'travel', 'spot', 'would', 'say', 'great', 'town', 'co', 'besides', 'mde', 'also', 'check', 'santa', 'catalina', 'state', 'southern', 'brazil', 'ton', 'amazing', 'town', 'people', 'polite', 'colombian']","['thanks', 'tip', 'want', 'return', 'colombia', 'explore', 'happy', 'journey', 'john', 'bev']","['Poland', 'Colombia', 'Brazil']",['Colombia']
2024,rESOc5PmBx8,"['nz', 'australiawaiting', 'visas', 'im', 'airline', 'crewretired', 'perk', 'world', 'nz', 'cheap', 'australia', 'wait']","['nz', 'amaze', 'love', 'time', 'happy', 'journey', 'john', 'bev']",['Australia'],[]
2024,rESOc5PmBx8,"['u', 'govt', 'say', 'columbia']","['yes', 'currently', 'level', 'certainly', 'safe', 'area', 'visit', 'happy', 'journey', 'john', 'bev']",['United States'],[]
2024,6eE4pSUDa9k,"['much', 'showing', 'manmade', 'place', 'natural', 'wonder']","['appreciate', 'observation', 'ill', 'try', 'include', 'natural', 'wonder', 'future', 'video']",[],[]
2024,6eE4pSUDa9k,"['much', 'showing', 'manmade', 'place', 'natural', 'wonder']",[],[],[]
2024,6eE4pSUDa9k,"['number', 'best', 'place', 'world', 'visit', 'srilanka']","['number', 'list', 'number', 'heart', 'sri', 'lanka', 'effect', 'people']",[],['Sri Lanka']
2024,6eE4pSUDa9k,[],"['good', 'choice']",['Sri Lanka'],[]
2024,6eE4pSUDa9k,[],['definitely'],['Sri Lanka'],[]
2024,6eE4pSUDa9k,[],"['really', 'appreciate', 'support', 'mean', 'lot']",[],[]
2024,6eE4pSUDa9k,"['thanks', 'much', 'new', 'remarkable', 'video', 'best', 'place', 'visit', 'world']",[],[],[]
2025,6eE4pSUDa9k,"['whoever', 'read', 'hope', 'day', 'fill', 'happiness', 'mind', 'peace', 'dream', 'come', 'true']",[],[],[]
2024,6eE4pSUDa9k,"['video', 'maker', 'use', 'create', 'video']",[],[],[]
2024,6eE4pSUDa9k,"['wonder', 'philippine', 'didnt', 'belong', 'list']","['thank', 'point', 'philippine', 'definitely', 'radar', 'future', 'video']",['Philippines'],['Philippines']
2024,6eE4pSUDa9k,"['wonder', 'philippine', 'didnt', 'belong', 'list']","['true', 'think', 'content', 'creator', 'traveller', 'even', 'watch', 'utube', 'philippine', 'best', 'beach', 'dive', 'site', 'world', 'best', 'waterfall', 'volcanoes', 'chocolate', 'hill', 'blue', 'water', 'natural', 'beauty', 'wonder', 'rich', 'culture', 'friendly', 'people', 'earth', 'many']",['Philippines'],['Philippines']
2025,6eE4pSUDa9k,"['thank', 'much', 'video', 'informative']","['youre', 'welcome', 'glad', 'helpful']",[],[]
2024,6eE4pSUDa9k,"['thats', 'cheetah', 'leopard', 'kodiak', 'bear', 'big', 'bear', 'planet', 'polar', 'bear', 'maybe', 'purposeful', 'mistake', 'get', 'comment']","['thank', 'point', 'mistake', 'make', 'u', 'good']",[],['United States']
2024,6eE4pSUDa9k,[],[],[],[]
2024,6eE4pSUDa9k,"['last', 'year', 'srilanka', 'best', 'place', 'visit', 'world', 'country', 'list', 'number', 'come', 'number', '50nice', 'jock']","['ranking', 'fickle', 'sri', 'lankas', 'beauty', 'remain', 'timeless']",['France'],['Sri Lanka']
2024,6eE4pSUDa9k,"['fantastic', 'video', 'list', 'shot', 'show', 'quebec', 'city', 'paris', 'notre', 'dame', 'talk', 'montréal', 'gateway', 'arch', 'kansas', 'city', 'lol']",['note'],['France'],[]
2024,6eE4pSUDa9k,"['place', 'even', 'come', 'close', 'backyard']","['love', 'hear']",[],[]
2024,6eE4pSUDa9k,"['mostly', 'man', 'make', 'good', 'source', 'satisfaction']","['thanks', 'feedback']",[],[]
2025,6eE4pSUDa9k,"['thank', 'share', 'insightful', 'video', 'u', 'host']","['happy', 'share', 'thanks', 'watch']",['United States'],[]
2024,6eE4pSUDa9k,"['video', 'truly', 'capture', 'breathtaking', 'landscape', 'europe', 'serene', 'lake', 'majestic', 'mountain', 'every', 'scene', 'testament', 'natural', 'wonder', 'wait', 'discover', 'europe', 'discovery']",[],[],[]
2024,6eE4pSUDa9k,[],[],['Brazil'],[]
2024,6eE4pSUDa9k,[],[],[],[]
2024,6eE4pSUDa9k,[],[],[],[]
2024,6eE4pSUDa9k,"['fun', 'watch', 'video', 'clip', 'show', 'people', 'walk', 'backwards', 'car', 'drive', 'backwards', 'waterfall', 'flow']",['note'],[],[]
2024,6eE4pSUDa9k,"['paris', 'ssooooo', 'overrate']","['paris', 'might', 'everyone', 'charm']",['France'],['France']
2024,6eE4pSUDa9k,"['many', 'beautiful', 'place', 'visit', 'around', 'world', 'make', 'great', 'list']","['tough', 'job', 'someone', 'get', 'make', 'list', 'glad', 'enjoy']",[],[]
2024,6eE4pSUDa9k,"['need', 'visit', 'morocco', 'man']",[],['Morocco'],[]
2024,6eE4pSUDa9k,"['thanks', 'sir']",['welcome'],[],[]
2024,6eE4pSUDa9k,[],"['thanks', 'feedback']",[],[]
2024,6eE4pSUDa9k,"['dont', 'think', 'right', 'put', 'whole', 'country', 'particular', 'cruise', 'ship', 'list']","['appreciate', 'perspective', 'issue']",[],[]
2024,6eE4pSUDa9k,[],"['thank', 'much', 'really', 'appreciate', 'support']",[],[]
2024,6eE4pSUDa9k,"['thank', 'travel', 'inspo']",[],[],[]
2024,6eE4pSUDa9k,[],[],[],[]
2024,6eE4pSUDa9k,"['cruise', 'liner', 'place', 'proper', 'noun', 'therefore', 'cruise', 'liner', 'thing']",[],[],[]
2024,6eE4pSUDa9k,"['biased', 'vloggersno', 'south', 'east', 'asian', 'country']",[],[],[]
2024,6eE4pSUDa9k,"['discoverydestination', 'focus', 'much', 'america', 'europe', 'asia', 'feature', 'japan', 'sri', 'lanka', 'india', 'nepal', 'india', 'place', 'like', 'malaysia', 'singapore', 'viet', 'nam', 'philippine', 'place', 'miss', 'place', 'miss', 'one', 'beautiful', 'place', 'world', 'ignorant', 'apathy', 'place', 'obvious']","['thank', 'feedback', 'appreciate', 'suggestion', 'definitely', 'consider', 'feature', 'diverse', 'location', 'future', 'video']","['Philippines', 'Malaysia', 'Nepal', 'Singapore', 'Japan', 'Sri Lanka', 'India']",[]
2024,6eE4pSUDa9k,"['discoverydestination', 'focus', 'much', 'america', 'europe', 'asia', 'feature', 'japan', 'sri', 'lanka', 'india', 'nepal', 'india', 'place', 'like', 'malaysia', 'singapore', 'viet', 'nam', 'philippine', 'place', 'miss', 'place', 'miss', 'one', 'beautiful', 'place', 'world', 'ignorant', 'apathy', 'place', 'obvious']","['discoverydestination', 'diverse', 'word', 'unfortunate', 'know', 'word', 'mean', 'country', 'promote', 'beauty', 'diversity', 'country', 'damage', 'ignore', 'choose', 'instead', 'focus', 'select', 'country', 'locality', 'miss', 'life', 'ignore', 'country']","['Philippines', 'Malaysia', 'Nepal', 'Singapore', 'Japan', 'Sri Lanka', 'India']",[]
2024,6eE4pSUDa9k,"['much', 'showing', 'wonderful', 'others']","['thank', 'kind', 'word']",[],[]
2024,6eE4pSUDa9k,"['much', 'showing', 'wonderful', 'others']","['thank', 'kind', 'word', 'best', 'make', 'sure', 'everyones', 'travel', 'dream', 'come', 'true', 'one', 'video', 'time', 'cheer']",[],[]
2024,6eE4pSUDa9k,"['come', 'include', 'singapore', 'bali']","['appreciate', 'feedback', 'definitely', 'consider', 'include', 'singapore', 'bali', 'future', 'video']","['Singapore', 'Indonesia']","['Singapore', 'Indonesia']"
2024,6eE4pSUDa9k,[],"['discoverydestination', 'place', 'neighbor', 'country', 'country', 'timorleste', 'beautiful', 'beach']","['Singapore', 'Indonesia']",['Timor-Leste']
2025,6eE4pSUDa9k,['interesting'],['thanks'],[],[]
2025,6eE4pSUDa9k,[],[],[],[]
2025,6eE4pSUDa9k,"['look', 'good', 'dont', 'know', 'pick']","['thank', 'watch']",[],[]
2025,6eE4pSUDa9k,"['earth', 'simply', 'breathtaking', 'great', 'video', 'btw']",[],[],[]
2025,6eE4pSUDa9k,"['explore', 'wonder', 'europe', 'luxury', 'cruise', 'ship', 'amaze']","['absolutely', 'europe', 'offer', 'breathtaking', 'view', 'experience', 'especially', 'deck', 'luxury', 'cruise', 'ship', 'one']",[],[]
2025,6eE4pSUDa9k,"['nice', 'informative', 'video', 'well']",[],['France'],[]
2025,6eE4pSUDa9k,"['love', 'see', 'nice', 'place']","['thanks', 'visit']",['France'],[]
2025,6eE4pSUDa9k,"['great', 'video', 'keep', 'work', 'hard', 'u', 'get', 'great', 'stats', 'effort']",['thanks'],[],[]
2024,6eE4pSUDa9k,[],[],[],[]
2024,6eE4pSUDa9k,"['feel', 'like', 'virtual', 'journey', 'full', 'wonder', 'thank', 'bring', 'closer', 'u']","['im', 'glad', 'enjoy', 'virtual', 'tour']",['United States'],[]
2024,6eE4pSUDa9k,"['nr', 'train', 'singapore', 'malaysia', 'snowcapped', 'mountain']",[],"['Singapore', 'Malaysia']",[]
2024,6eE4pSUDa9k,"['tokyo', 'japan', 'bustling', 'metropolis', 'cuttingedge', 'technology', 'meet', 'centuriesold', 'tradition']","['absolutely', 'tokyo', 'fascinating', 'city']",['Japan'],['Japan']
2024,6eE4pSUDa9k,"['dont', 'include', 'kashmir', 'india']","['thanks', 'suggestion', 'kashmir', 'beautiful', 'region', 'appreciate', 'interest', 'include', 'content']",['India'],[]
2024,6eE4pSUDa9k,[],[],[],[]
2024,6eE4pSUDa9k,"['nice', 'view']","['thanks', 'visit']",['France'],[]
2024,6eE4pSUDa9k,"['amaze', 'also', 'create', 'video', 'like']",[],[],[]
2024,6eE4pSUDa9k,"['also', 'create', 'video', 'like']",[],[],[]
2024,6eE4pSUDa9k,"['also', 'create', 'video', 'like']",[],[],[]
2024,6eE4pSUDa9k,"['thank', 'soo', 'much', 'amazing', 'video']",[],[],[]
2024,6eE4pSUDa9k,[],"['thank', 'like', 'video']",[],[]
2024,6eE4pSUDa9k,[],[],[],[]
2024,6eE4pSUDa9k,"['greatthanks', 'thailand', 'peacetaoistzen']",[],['Thailand'],[]
2024,6eE4pSUDa9k,[],"['thank', 'cheer']",['France'],[]
2024,6eE4pSUDa9k,"['forget', 'ethiopia', 'birth', 'place', 'human', 'amaze', 'different', 'culture', 'forget', 'full', 'amazing', 'place', 'poor', 'artificial', 'human', 'make', 'rich', 'natural', 'god', 'make', 'suggest', 'highly', 'find', 'ethiopia', 'amaze']","['look', 'like', 'ethiopia', 'deserve', 'special', 'feature', 'next', 'video', 'thanks', 'reminder']",['Ethiopia'],['Ethiopia']
2024,6eE4pSUDa9k,[],"['thanks', 'watch', 'leave', 'comment']",[],[]
2024,6eE4pSUDa9k,[],['thanks'],[],[]
2024,6eE4pSUDa9k,"['wow', 'nice']","['thanks', 'love']",['France'],[]
2024,6eE4pSUDa9k,"['nothing', 'china', 'really', 'long', 'continuous', 'civilisation', 'world', 'place', 'world', 'china', 'would', 'take', 'first', 'list', 'rest']","['worry', 'get', 'video', 'specifically', 'china', 'come', 'near', 'future']",['China'],['China']
2024,6eE4pSUDa9k,"['love', 'shot', 'make', 'want', 'book', 'trip', 'right']",['go'],[],[]
2024,6eE4pSUDa9k,"['great', 'video']",[],[],[]
2024,6eE4pSUDa9k,"['joke', 'place', 'like', 'solomon', 'county', 'several', 'random', 'american', 'city', 'place', 'rank', 'place', 'like', 'paris', 'dude', 'attempt', 'ridiculous', 'work', 'perfect']","['thank', 'watch', 'share', 'thought']",['France'],[]
2024,6eE4pSUDa9k,"['would', 'love', 'list', 'add', 'video']","['thank', 'feedback', 'ill', 'consider', 'add', 'list', 'future', 'video']",[],[]
2024,6eE4pSUDa9k,"['view', 'beautiful', 'thank']",[],[],[]
2024,6eE4pSUDa9k,"['nice', 'informative', 'video', 'also', 'make', 'kind', 'video', 'visit']","['ok', 'thank']",['France'],[]
2024,6eE4pSUDa9k,"['sorry', 'video', 'isnt']","['gotcha', 'ill', 'work', 'make', 'next', 'one', 'better']",[],[]
2024,6eE4pSUDa9k,"['like', 'picking', 'suprised', 'positively', 'share']","['thanks', 'come']",[],[]
2024,6eE4pSUDa9k,[],[],[],[]
2024,6eE4pSUDa9k,"['wow', 'love']",['thanks'],[],[]
2024,6eE4pSUDa9k,[],[],[],[]
2024,6eE4pSUDa9k,"['think', 'change', 'title', 'best', 'pl', 'world', 'visit']","['thank', 'suggestion']",[],[]
2024,6eE4pSUDa9k,[],['thanks'],[],[]
2024,6eE4pSUDa9k,"['thank', 'beautiful', 'place']",[],[],[]
2024,6eE4pSUDa9k,[],"['glad', 'helpful']",[],[]
2024,6eE4pSUDa9k,[],"['yes', 'thank']",['France'],[]
2024,6eE4pSUDa9k,"['thailand', 'list']",[],['Thailand'],[]
2024,6eE4pSUDa9k,[],[],[],[]
2024,6eE4pSUDa9k,"['thanks', 'share', 'informative', 'video', 'u', 'host', 'new', 'friend']","['thanks', 'welcome']",['United States'],[]
2024,6eE4pSUDa9k,"['best', 'country', 'world', 'wish', 'one', 'day', 'visit', 'nice', 'please', 'thanks', 'show']","['always', 'welcome']",['France'],[]
2024,6eE4pSUDa9k,"['sub', 'title', 'work', 'one', 'solution']","['check', 'subtitle', 'enable', 'setting']",[],[]
2024,6eE4pSUDa9k,[],[],[],[]
2024,6eE4pSUDa9k,"['great', 'video', 'cant', 'wait']",[],[],['United States']
2025,6eE4pSUDa9k,"['send', 'love', 'light', 'fellow', 'global', 'citizen', 'international', 'student', 'currently', 'live', 'canada', 'truly', 'resonate', 'word', 'humanity', 'dignity', 'kindness', 'equality', 'freedom', 'arent', 'ideal', 'theyre', 'foundation', 'world', 'dream', 'build', 'together', 'past', 'year', 'canada', 'become', 'place', 'study', 'journey', 'personal', 'growth', 'cultural', 'connection', 'spiritual', 'reflection', 'ive', 'meet', 'people', 'walk', 'life', 'remind', 'despite', 'different', 'language', 'faith', 'flag', 'one', 'human', 'family', 'message', 'bring', 'truth', 'life', 'woman', 'power', 'fraternity', 'justice', 'happiness', 'value', 'hope', 'honor', 'everything', 'daily', 'life', 'community', 'im', 'part', 'whether', 'volunteer', 'studying', 'simply', 'offer', 'smile', 'stranger', 'power', 'lift', 'heres', 'compassion', 'connection', 'courage', 'change', 'want', 'see', 'hi', 'five', 'canada', 'india', 'radhe', 'radhe', 'jai', 'sita', 'ram', 'peace', 'blessing']",[],"['Canada', 'India']",[]
2025,6eE4pSUDa9k,"['many', 'destination', 'little', 'time', 'budget', 'video', 'great', 'starting', 'point', 'plan', 'unforgettable', 'adventure']",[],[],[]
2025,6eE4pSUDa9k,"['please', 'add', 'word', 'onto', 'video', 'place', 'attraction', 'within', 'describe', 'hard', 'search', 'guess', 'spell']",[],[],[]
2025,6eE4pSUDa9k,"['video', 'daydream', 'adventure', 'many', 'incredible', 'place', 'need', 'win', 'lottery', 'visit']",[],[],[]
2025,6eE4pSUDa9k,"['fantastic', 'compilation', 'feeling', 'inspired', 'finally', 'make', 'dream', 'trip', 'reality', 'hard', 'part', 'choose', 'start']",[],[],[]
2025,6eE4pSUDa9k,"['okay', 'travel', 'plan', 'officially', 'initiate', 'video', 'treasure', 'trove', 'inspiration', 'need', 'big', 'vacation', 'budget']",[],[],[]
2025,6eE4pSUDa9k,"['incredible', 'list', 'destination', 'many', 'beautiful', 'place', 'explore', 'world', 'truly', 'something', 'every', 'traveler', 'serene', 'beach', 'vibrant', 'city', 'theres', 'always', 'something', 'new', 'discover', 'let', 'adventure', 'begin']",[],[],[]
2025,6eE4pSUDa9k,"['okay', 'come', 'many', 'incredible', 'option', 'video', 'definitely', 'spark', 'serious', 'travel', 'inspiration', 'time', 'start', 'save', 'research']",[],[],[]
2025,6eE4pSUDa9k,"['wow', 'beautiful']",[],[],[]
2025,6eE4pSUDa9k,"['absolutely', 'amazing', 'compilation', 'much', 'wanderlust', 'hit', 'right', 'definitely', 'save', 'serious', 'travel', 'planning', 'picking', 'one', 'destination', 'list', 'go', 'tough']",[],[],[]
2025,6eE4pSUDa9k,"['pure', 'magic', 'make', 'want', 'pack', 'bag', 'timetravel', 'history']",[],[],[]
2025,6eE4pSUDa9k,"['video', 'exactly', 'need', 'start', 'plan', 'adventure', 'diversity', 'location', 'incredible', 'visuals', 'stun', 'narrow', 'list', 'wish', 'luck']",[],[],[]
2025,6eE4pSUDa9k,"['add', 'travel', 'bucket', 'list', 'thanks', 'compile', 'diverse', 'inspire', 'collection', 'destination', 'hard', 'part', 'choose', 'go', 'first']",[],[],[]
2025,6eE4pSUDa9k,"['earth', 'gonna', 'drop', 'wait', 'billion', 'year']",[],[],[]
2023,HcdohhNq8Iw,"['great', 'location', 'however', 'irritate', 'top', 'narrative', 'almost', 'make', 'unbearable', 'watch', 'pity', 'gorgeous', 'footage']","['totally', 'agree', 'voice', 'robotic', 'sometimes', 'pronounced', 'word', 'incorrectly', 'statement', 'husband', 'script', 'wax', 'poetic', 'robot', 'voice', 'info', 'good', 'want', 'know', 'make', 'country', 'different', 'one', 'produce', 'emotional', 'response']",[],[]
2023,HcdohhNq8Iw,"['great', 'location', 'however', 'irritate', 'top', 'narrative', 'almost', 'make', 'unbearable', 'watch', 'pity', 'gorgeous', 'footage']","['picture', 'tell', 'thousand', 'story', 'let', 'tone', 'top', 'narrative', 'sickly', 'sugary', 'sweet', 'need']",[],[]
2023,HcdohhNq8Iw,"['great', 'location', 'however', 'irritate', 'top', 'narrative', 'almost', 'make', 'unbearable', 'watch', 'pity', 'gorgeous', 'footage']","['mute', 'sound', 'able', 'watch']",[],[]
2023,HcdohhNq8Iw,"['great', 'location', 'however', 'irritate', 'top', 'narrative', 'almost', 'make', 'unbearable', 'watch', 'pity', 'gorgeous', 'footage']","['clearly', 'ai', 'agree', 'top', 'narrative', 'almost', 'comedic', 'proportion']",[],[]
2023,HcdohhNq8Iw,"['great', 'location', 'however', 'irritate', 'top', 'narrative', 'almost', 'make', 'unbearable', 'watch', 'pity', 'gorgeous', 'footage']","['email', 'create', 'put', 'comment', 'funny']",[],[]
2023,HcdohhNq8Iw,"['great', 'location', 'however', 'irritate', 'top', 'narrative', 'almost', 'make', 'unbearable', 'watch', 'pity', 'gorgeous', 'footage']","['lol', 'narration', 'top', 'understatement', 'laziness', 'let', 'chat', 'gpt', 'write', 'script']",[],[]
2023,HcdohhNq8Iw,"['great', 'location', 'however', 'irritate', 'top', 'narrative', 'almost', 'make', 'unbearable', 'watch', 'pity', 'gorgeous', 'footage']","['adelinepeterson', 'agree', 'man', 'create', 'email', 'put', 'comment']",[],[]
2023,HcdohhNq8Iw,"['great', 'location', 'however', 'irritate', 'top', 'narrative', 'almost', 'make', 'unbearable', 'watch', 'pity', 'gorgeous', 'footage']","['even', 'guess', 'check', 'guy', 'top', 'mustvisit', 'travel', 'destination']",[],[]
2023,HcdohhNq8Iw,"['great', 'location', 'however', 'irritate', 'top', 'narrative', 'almost', 'make', 'unbearable', 'watch', 'pity', 'gorgeous', 'footage']","['l', 'appreciate', 'voice', 'lack', 'ugly', 'croak', 'sound', 'american', 'young', 'woman', 'end', 'sentence', 'english', 'first', 'languagebut', 'stronggood', 'language']",[],[]
2023,HcdohhNq8Iw,"['great', 'location', 'however', 'irritate', 'top', 'narrative', 'almost', 'make', 'unbearable', 'watch', 'pity', 'gorgeous', 'footage']",[],[],[]
2023,HcdohhNq8Iw,"['great', 'location', 'however', 'irritate', 'top', 'narrative', 'almost', 'make', 'unbearable', 'watch', 'pity', 'gorgeous', 'footage']","['thought', 'exactly', 'many', 'time', 'use', 'word', 'emotion', 'tapestry', 'embrace']",[],[]
2023,HcdohhNq8Iw,"['great', 'location', 'however', 'irritate', 'top', 'narrative', 'almost', 'make', 'unbearable', 'watch', 'pity', 'gorgeous', 'footage']",[],[],[]
2023,HcdohhNq8Iw,"['great', 'location', 'however', 'irritate', 'top', 'narrative', 'almost', 'make', 'unbearable', 'watch', 'pity', 'gorgeous', 'footage']","['mr29', 'thank', 'idea', 'cant', 'watch', 'without', 'cringe', 'poetic']",[],[]
2023,HcdohhNq8Iw,"['great', 'location', 'however', 'irritate', 'top', 'narrative', 'almost', 'make', 'unbearable', 'watch', 'pity', 'gorgeous', 'footage']","['travel', 'destination', 'without', 'irritate', 'narrative', 'thank', 'later']",[],[]
2023,HcdohhNq8Iw,"['great', 'location', 'however', 'irritate', 'top', 'narrative', 'almost', 'make', 'unbearable', 'watch', 'pity', 'gorgeous', 'footage']","['obviously', 'generate', 'ai', 'expect']",[],[]
2023,HcdohhNq8Iw,"['great', 'location', 'however', 'irritate', 'top', 'narrative', 'almost', 'make', 'unbearable', 'watch', 'pity', 'gorgeous', 'footage']",[],[],[]
2023,HcdohhNq8Iw,"['great', 'location', 'however', 'irritate', 'top', 'narrative', 'almost', 'make', 'unbearable', 'watch', 'pity', 'gorgeous', 'footage']","['annoy', 'ai', 'voiceover']",[],[]
2024,HcdohhNq8Iw,"['one', 'beautiful', 'country', 'see', 'sri', 'lanka', 'beautiful', 'paradise', 'come', 'experience', 'beauty']","['honor', 'country', 'visit', 'one', 'day', 'always', 'welcome', 'beautiful', 'land']",['Sri Lanka'],[]
2024,HcdohhNq8Iw,"['one', 'beautiful', 'country', 'see', 'sri', 'lanka', 'beautiful', 'paradise', 'come', 'experience', 'beauty']",[],['Sri Lanka'],[]
2024,HcdohhNq8Iw,"['one', 'beautiful', 'country', 'see', 'sri', 'lanka', 'beautiful', 'paradise', 'come', 'experience', 'beauty']","['uditraj', 'really', 'ground', 'level', 'see', 'expensive', 'many', 'option', 'decide', 'whether', 'stay', 'per', 'night', 'hotel', 'per', 'night', 'hotel', 'huge', 'range', 'accommodation', 'food', 'available']",['Sri Lanka'],[]
2024,HcdohhNq8Iw,"['one', 'beautiful', 'country', 'see', 'sri', 'lanka', 'beautiful', 'paradise', 'come', 'experience', 'beauty']",[],['Sri Lanka'],[]
2024,HcdohhNq8Iw,"['scam', 'alert', 'inform', 'never', 'offer', 'money', 'ask', 'money', 'exchange', 'subscribe', 'channel', 'notice', 'scam', 'go', 'turkey', 'india', 'country', 'whatsapp', 'telegram', 'use', 'brand', 'name', 'since', 'offer', 'money', 'exchange', 'subscribe', 'channel', 'people', 'visit', 'channel', 'money', 'aware', 'part', 'cyber', 'scam', 'already', 'please', 'report', 'whatsapp', 'number', 'telegram', 'number', 'police', 'cyber', 'crime', 'center', 'country', 'previous', 'scam', 'alert', 'reference']","['mention', 'switzerland', 'nepal', 'newzealand', 'france']","['Turkey', 'India']","['France', 'Nepal', 'Switzerland']"
2024,HcdohhNq8Iw,"['scam', 'alert', 'inform', 'never', 'offer', 'money', 'ask', 'money', 'exchange', 'subscribe', 'channel', 'notice', 'scam', 'go', 'turkey', 'india', 'country', 'whatsapp', 'telegram', 'use', 'brand', 'name', 'since', 'offer', 'money', 'exchange', 'subscribe', 'channel', 'people', 'visit', 'channel', 'money', 'aware', 'part', 'cyber', 'scam', 'already', 'please', 'report', 'whatsapp', 'number', 'telegram', 'number', 'police', 'cyber', 'crime', 'center', 'country', 'previous', 'scam', 'alert', 'reference']",[],"['Turkey', 'India']",[]
2024,HcdohhNq8Iw,"['scam', 'alert', 'inform', 'never', 'offer', 'money', 'ask', 'money', 'exchange', 'subscribe', 'channel', 'notice', 'scam', 'go', 'turkey', 'india', 'country', 'whatsapp', 'telegram', 'use', 'brand', 'name', 'since', 'offer', 'money', 'exchange', 'subscribe', 'channel', 'people', 'visit', 'channel', 'money', 'aware', 'part', 'cyber', 'scam', 'already', 'please', 'report', 'whatsapp', 'number', 'telegram', 'number', 'police', 'cyber', 'crime', 'center', 'country', 'previous', 'scam', 'alert', 'reference']",[],"['Turkey', 'India']",[]
2024,HcdohhNq8Iw,"['scam', 'alert', 'inform', 'never', 'offer', 'money', 'ask', 'money', 'exchange', 'subscribe', 'channel', 'notice', 'scam', 'go', 'turkey', 'india', 'country', 'whatsapp', 'telegram', 'use', 'brand', 'name', 'since', 'offer', 'money', 'exchange', 'subscribe', 'channel', 'people', 'visit', 'channel', 'money', 'aware', 'part', 'cyber', 'scam', 'already', 'please', 'report', 'whatsapp', 'number', 'telegram', 'number', 'police', 'cyber', 'crime', 'center', 'country', 'previous', 'scam', 'alert', 'reference']",[],"['Turkey', 'India']",[]
2024,HcdohhNq8Iw,"['malaysia', 'good', 'country', 'beautiful', 'destination', 'food', 'culture', 'religion', 'lifestyle']",[],['Malaysia'],[]
2024,HcdohhNq8Iw,"['great', 'list', 'place', 'keep']",['thank'],[],[]
2024,HcdohhNq8Iw,"['great', 'list', 'place', 'keep']",[],[],[]
2024,HcdohhNq8Iw,"['great', 'list', 'place', 'keep']","['anybody', 'thailand']",[],['Thailand']
2024,HcdohhNq8Iw,"['great', 'list', 'place', 'keep']",[],[],[]
2023,HcdohhNq8Iw,"['person', 'create', 'video', 'hasnt', 'travel']",['tell'],[],[]
2023,HcdohhNq8Iw,"['hope', 'great', 'traveler']",['definitely'],[],[]
2023,HcdohhNq8Iw,"['great', 'work', 'go', 'bit', 'easy', 'language', 'dictionary', 'learn']",[],[],[]
2023,HcdohhNq8Iw,"['great', 'list', 'destination', 'thanks', 'detailed', 'travel', 'guide', 'always', 'good', 'luck']","['thanks', 'watch']",[],[]
2023,HcdohhNq8Iw,"['channel', 'copy', 'version', 'two', 'guy', 'actually', 'travel', 'would', 'anyone', 'take', 'advice', 'watch', 'even', 'travel', 'literally', 'copy', 'two', 'channel', 'watch']","['scenic', 'hunter', 'great', 'list', 'content', 'type', 'channel', 'person', 'someone', 'worry', 'growth', 'dont', 'worry', 'kind', 'people', 'least', 'cant', 'understand', 'difference', 'person', 'brand', 'keep', 'good', 'work']",[],[]
2023,HcdohhNq8Iw,"['channel', 'copy', 'version', 'two', 'guy', 'actually', 'travel', 'would', 'anyone', 'take', 'advice', 'watch', 'even', 'travel', 'literally', 'copy', 'two', 'channel', 'watch']","['scenichunter', 'cover', 'mostly', 'uncovered', 'content', 'thats', 'watch', 'also', 'reason', 'think', 'competition', 'people', 'try', 'grow', 'grow', 'well', 'people', 'try', 'stop', 'others', 'growth', 'end', 'dont', 'bother', 'make', 'path', 'love', 'video', 'wish', 'best']",[],[]
2023,HcdohhNq8Iw,"['channel', 'copy', 'version', 'two', 'guy', 'actually', 'travel', 'would', 'anyone', 'take', 'advice', 'watch', 'even', 'travel', 'literally', 'copy', 'two', 'channel', 'watch']","['ive', 'follow', 'channel', 'since', 'last', 'february', 'present', 'unique', 'quality', 'content', 'rather', 'channel', 'million', 'subscriber', 'also', 'notice', 'number', 'type', 'travel', 'channel', 'youtube', 'cant', 'blame', 'copy', 'present', 'quality', 'unique', 'content', 'main', 'focus', 'everyone', 'research', 'pronounce', 'name', 'place', 'mention', 'video', 'scenic', 'hunter', 'take', 'advice', 'keep', 'create', 'quality', 'content', 'love', 'watch', 'video', 'feel', 'relax', 'god', 'bless']",[],[]
2023,HcdohhNq8Iw,"['channel', 'copy', 'version', 'two', 'guy', 'actually', 'travel', 'would', 'anyone', 'take', 'advice', 'watch', 'even', 'travel', 'literally', 'copy', 'two', 'channel', 'watch']","['heavenlysmith', 'agree', 'cover', 'destination', 'love', 'personally', 'rather', 'others', 'youtube']",[],[]
2023,HcdohhNq8Iw,"['channel', 'copy', 'version', 'two', 'guy', 'actually', 'travel', 'would', 'anyone', 'take', 'advice', 'watch', 'even', 'travel', 'literally', 'copy', 'two', 'channel', 'watch']",[],[],[]
2023,HcdohhNq8Iw,"['channel', 'copy', 'version', 'two', 'guy', 'actually', 'travel', 'would', 'anyone', 'take', 'advice', 'watch', 'even', 'travel', 'literally', 'copy', 'two', 'channel', 'watch']","['one', 'actual', 'travelling', 'person', 'copy', 'video', 'funny']",[],[]
2023,HcdohhNq8Iw,"['channel', 'copy', 'version', 'two', 'guy', 'actually', 'travel', 'would', 'anyone', 'take', 'advice', 'watch', 'even', 'travel', 'literally', 'copy', 'two', 'channel', 'watch']","['world', 'open', 'every', 'traveler', 'two', 'traveler', 'man', 'definitely', 'one', 'specific', 'two', 'traveler', 'couldnt', 'tolerate', 'growth']",[],[]
2023,HcdohhNq8Iw,"['channel', 'copy', 'version', 'two', 'guy', 'actually', 'travel', 'would', 'anyone', 'take', 'advice', 'watch', 'even', 'travel', 'literally', 'copy', 'two', 'channel', 'watch']","['youre', 'definitely', 'one', 'specific', 'traveler', 'think', 'world', 'open', 'make', 'travel', 'youtube', 'video', 'funny']",[],[]
2023,HcdohhNq8Iw,"['channel', 'copy', 'version', 'two', 'guy', 'actually', 'travel', 'would', 'anyone', 'take', 'advice', 'watch', 'even', 'travel', 'literally', 'copy', 'two', 'channel', 'watch']","['man', 'think', 'youtube', 'two', 'traveler', 'saw', 'unique', 'list', 'content', 'common', 'video', 'channel', 'world', 'open', 'every', 'one', 'two', 'traveler', 'keep', 'good', 'work']",[],[]
2023,HcdohhNq8Iw,"['europe', 'one', 'best', 'place', 'vacation', 'love', 'food', 'best', 'sight', 'ever', 'love']",[],[],[]
2023,HcdohhNq8Iw,"['wonderful', 'view', 'thanks', 'video']","['glad', 'enjoy', 'thank']",[],[]
2023,HcdohhNq8Iw,[],[],[],[]
2024,HcdohhNq8Iw,"['bad', 'narrative']",[],[],[]
2024,HcdohhNq8Iw,[],[],['France'],[]
2024,HcdohhNq8Iw,[],"['thank', 'much']",['France'],[]
2024,HcdohhNq8Iw,"['woow', 'stunning', 'footage']",[],[],[]
2023,HcdohhNq8Iw,"['destination', 'country', 'title', 'video', 'claim', 'great', 'video', 'gorgeous', 'place', 'visit']",[],[],[]
2023,HcdohhNq8Iw,"['great', 'video', 'think', 'able', 'provide', 'u', 'time', 'stamp']","['update', 'timestamps']",['United States'],[]
2024,HcdohhNq8Iw,[],[],['Sri Lanka'],[]
2024,HcdohhNq8Iw,[],[],['Sri Lanka'],[]
2024,HcdohhNq8Iw,"['beautiful', 'film', 'accompany', 'bad', 'narration', 'ever', 'hear', 'endless', 'dune', 'hold', 'secret', 'whisper', 'wind', 'poetic', 'tell', 'u', 'nothing', 'place', 'bad', 'sound', 'like', 'script', 'read', 'machine', 'emphasis', 'odd', 'place', 'strange', 'pronunciation', 'abound', 'still', 'like']","['ai', 'write', 'repetitive', 'top']",['United States'],[]
2023,HcdohhNq8Iw,"['well', 'voice', 'scenery', 'nice', 'however', 'think', 'lack', 'pros', 'con', 'destination', 'traveler', 'make', 'informed', 'decision']",[],['France'],[]
2024,HcdohhNq8Iw,"['use', 'grammarly', 'check', 'narrative', 'improve', 'video', 'example', 'hard', 'hardest', 'latter', 'redundant']",[],[],[]
2023,HcdohhNq8Iw,"['hard', 'time', 'recognize', 'logic', 'select', 'best', 'county', 'urla', 'monaco', 'sardaigna', 'toscane', 'montana', 'ibiza', 'county', 'guatemala', 'mongolia', 'shri', 'lanka', 'farfetched', 'place', 'incongruity', 'place', 'destination']",[],"['Monaco', 'Sri Lanka', 'Mongolia', 'Guatemala']",[]
2023,HcdohhNq8Iw,"['ibiza', 'country', 'spain']",[],['Spain'],[]
2023,HcdohhNq8Iw,"['place', 'suggest', 'really', 'dangerous', 'crime', 'beyond', 'imagination']","['pay', 'promotion', 'baby', 'dont', 'dominican', 'republic', 'list', 'top', 'place', 'visit', 'dont', 'pay', 'promotion']",[],[]
2023,HcdohhNq8Iw,"['place', 'suggest', 'really', 'dangerous', 'crime', 'beyond', 'imagination']","['mabe', 'could', 'give', 'u', 'list', 'dangerous', 'place', 'stay', 'away']",[],['United States']
2023,HcdohhNq8Iw,"['please', 'indicate', 'country', 'mix', 'place', 'part', 'country', 'ie', 'ibiza', 'spain', 'montana', 'usa', 'etc', 'thanks', 'video']",[],"['Spain', 'United States']",[]
2023,HcdohhNq8Iw,"['seriously', 'need', 'brush', 'geography', 'geez', 'since', 'urla', 'ibiza', 'tuscany', 'sardinia', 'secede', 'turkey', 'spain', 'italy', 'become', 'country']",[],"['Turkey', 'Spain', 'Italy']",[]
2023,HcdohhNq8Iw,"['great', 'image', 'poor', 'narrative']",[],[],[]
2024,HcdohhNq8Iw,"['thanks', 'share', 'incredible', 'travel', 'guide', 'feeling', 'inspire', 'explore', 'new', 'country', 'culture']",[],[],[]
2024,HcdohhNq8Iw,"['ive', 'visit', 'agree', 'disagree', 'eith', 'others', 'come', 'number', 'tell', 'truth', 'love', 'every', 'country', 'beautiful', 'unique']",[],[],[]
2023,HcdohhNq8Iw,[],"['switzerland', 'country', 'visit', 'lot', 'country', 'large', 'variety', 'experience']",['Switzerland'],['Switzerland']
2024,HcdohhNq8Iw,"['cringe', 'commentary', 'everywhere', 'tapestry', 'azure', 'view', 'weave', 'echo', 'resilience', 'testament', 'human', 'spirit', 'random', 'combination', 'word']",[],[],[]
2023,HcdohhNq8Iw,"['sound', 'like', 'ai', 'commentary', 'dont', 'like']",[],[],[]
2023,HcdohhNq8Iw,"['language', 'top', 'ai', 'generate']",[],[],[]
2024,HcdohhNq8Iw,"['scenic', 'hunter', 'really', 'like', 'video', 'subscribe']",['thank'],[],[]
2024,HcdohhNq8Iw,"['scenic', 'hunter', 'really', 'like', 'video', 'subscribe']","['fond', 'see', 'new', 'place', 'let', 'tell', 'come', 'pakistan', 'wait', 'come', 'happily']",[],['Pakistan']
2023,HcdohhNq8Iw,"['cant', 'believe', 'urla', 'list']","['think', 'interesting', 'choice', 'hey', 'im', 'open', 'place', 'wouldnt', 'know', 'consider', 'recommendation']",[],[]
2023,HcdohhNq8Iw,"['cant', 'believe', 'urla', 'list']","['live', 'close', 'urla', 'actually', 'video', 'show', 'simple', 'point', 'many', 'good', 'town', 'cost', 'show']",[],[]
2024,HcdohhNq8Iw,"['read', 'wish', 'heart', 'full', 'love', 'mind', 'free', 'stress', 'life', 'rich', 'blessing', 'financial', 'prosperity', 'good', 'health', 'constant', 'presence', 'god', 'grace', 'life']",[],[],[]
2024,HcdohhNq8Iw,[],[],['Sri Lanka'],[]
2024,HcdohhNq8Iw,"['scenic', 'hunter', 'youre', 'talented', 'hit', 'like', 'button']",[],[],[]
2024,HcdohhNq8Iw,"['nice', 'view']",[],['France'],[]
2024,HcdohhNq8Iw,[],[],[],[]
2024,HcdohhNq8Iw,[],"['best', 'city', 'visit', 'part', 'country', 'beautiful', 'fun']",['Morocco'],[]
2023,HcdohhNq8Iw,"['thailand', 'best', 'destination', 'tourist', 'like', 'nowthere', '22million', 'tourist', 'visit', 'bangkok', 'london', 'paris', '2023nice', 'friendly', 'peopledelicious', 'affordable', 'food', 'especially', 'seafood', 'beautiful', 'beach']",[],"['France', 'United Kingdom', 'Thailand']",[]
2023,HcdohhNq8Iw,"['great', 'one', 'scenic', 'hunter', 'thanks', 'wonderful', 'destination']",[],[],[]
2023,HcdohhNq8Iw,[],[],[],[]
2023,HcdohhNq8Iw,"['woow', 'stun']","['thank', 'cheer']",[],[]
2023,HcdohhNq8Iw,"['great', 'video']",['thank'],[],[]
2023,HcdohhNq8Iw,"['im', 'learn', 'english', 'destination', 'video']",[],[],[]
2023,HcdohhNq8Iw,[],[],[],[]
2023,HcdohhNq8Iw,"['great', 'list']",[],[],[]
2024,HcdohhNq8Iw,"['visit', 'srilanka', 'one', 'best', 'travel', 'destination', 'two', 'season', 'november', 'april', 'winter', 'season', 'best', 'season', 'travel', 'tropical', 'paradise', 'like', 'sri', 'lanka', 'white', 'sand', 'beach', 'sky', 'blue', 'water', 'wildlife', 'safari', 'beautiful', 'train', 'ride', 'asia', 'hill', 'country', 'eastern', 'part', 'hidden', 'gem', 'many', 'tourist', 'dont', 'travel', 'arugam', 'bay', 'know', 'one', 'best', 'surfing', 'beach', 'world', 'kalpitiy', 'puttalam', 'know', 'kitesurfing', 'hot', 'climate', 'temperate', 'climate', 'felt', 'within', 'hour', 'travel', 'time', 'world', 'high', 'leopard', 'density', 'wildlife', 'park', 'yala', 'national', 'park', 'world', 'high', 'density', 'waterfall', '35c8c', 'wide', 'range', 'temperature', 'rage', 'tea', 'plantation', 'highlight', 'visit', 'anuradhapura', 'witness', 'rich', 'history', 'see', 'year', 'old', 'ancient', 'ruin', 'dagobs', 'world', 'old', 'humanplanted', 'tree', 'world', 'year', 'old', 'branch', 'original', 'bodhi', 'tree', 'lord', 'buddha', 'attain', 'enlightenment']",[],['Sri Lanka'],[]
2023,HcdohhNq8Iw,"['travel', 'tip', 'maintain', 'healthy', 'lifestyle', 'road']",[],[],[]
2023,HcdohhNq8Iw,"['goodness', 'gracious', 'kill', 'narrative', 'say', 'experience', 'location', 'poor', 'sickly', 'sweet', 'word', 'need']",[],[],[]
2023,HcdohhNq8Iw,"['best', 'place', 'russia']",[],['Russian Federation'],[]
2023,HcdohhNq8Iw,"['amend', 'commandment', 'thou', 'shall', 'travel', 'support', 'industry']",[],[],[]
2023,HcdohhNq8Iw,['romania'],[],['Romania'],[]
2024,HcdohhNq8Iw,"['love', 'bali', 'dubai']",[],"['Indonesia', 'United Arab Emirates']",[]
2024,HcdohhNq8Iw,"['love', 'bali', 'dubai']","['give', 'advice', 'come', 'pakistan', 'wait', 'come', 'happily', 'country', 'beautiful', 'natural', 'beauty', 'much']","['Indonesia', 'United Arab Emirates']",['Pakistan']
2024,HcdohhNq8Iw,[],[],"['Indonesia', 'United Arab Emirates']",[]
2024,HcdohhNq8Iw,[],"['indonesia', 'hve', 'thousand', 'beautiful', 'island', 'world', 'especially', 'bali']","['Indonesia', 'United Arab Emirates']",['Indonesia']
2024,HcdohhNq8Iw,"['hello', 'georgia', 'great', 'country', 'place', 'dream', 'visit', 'switzerland', 'one', 'day']","['place', 'top', 'mustvisit', 'travel', 'destination']","['Georgia', 'Switzerland']",[]
2024,HcdohhNq8Iw,"['hello', 'georgia', 'great', 'country', 'place', 'dream', 'visit', 'switzerland', 'one', 'day']",[],"['Georgia', 'Switzerland']",[]
2024,HcdohhNq8Iw,"['india', 'list', 'india', 'type', 'geographical', 'destination', 'likedesert', 'snowy', 'mountains', 'rainforest', 'andman', 'lakshwadwip', 'island', 'crystal', 'clear', 'beach', 'also', 'india', '2nd', 'old', 'country', 'world', 'beside', 'city', 'rest', 'india', 'different', 'feel', 'like', 'another', 'world', 'mention']","['india', 'isnt', 'safe', 'woman', 'sanitation', 'food', 'preparation', 'need', 'upgrade', 'recommend', 'global', 'traveler']",['India'],['India']
2024,HcdohhNq8Iw,"['india', 'list', 'india', 'type', 'geographical', 'destination', 'likedesert', 'snowy', 'mountains', 'rainforest', 'andman', 'lakshwadwip', 'island', 'crystal', 'clear', 'beach', 'also', 'india', '2nd', 'old', 'country', 'world', 'beside', 'city', 'rest', 'india', 'different', 'feel', 'like', 'another', 'world', 'mention']","['dadevinot', 'safe', 'woman', 'tell']",['India'],[]
2023,HcdohhNq8Iw,[],[],['France'],[]
2023,HcdohhNq8Iw,[],['thank'],['France'],[]
2025,HcdohhNq8Iw,"['sri', 'lanka', 'offer', 'stun', 'beach', 'rich', 'culture', 'wildlife', 'safari', 'warm', 'hospitality', 'unforgettable', 'travel', 'visit', 'sri', 'lanka']",[],['Sri Lanka'],[]
2024,HcdohhNq8Iw,[],"['thanks', 'visit']",[],[]
2024,HcdohhNq8Iw,"['wow', 'inspiring', 'journey', 'world', 'captivating', 'destination', 'description', 'feel', 'like', 'vivid', 'painting', 'serene', 'beauty', 'french', 'polynesia', 'ancient', 'wonder', 'guatemala', 'poetic', 'landscape', 'slovenia', 'way', 'weave', 'together', 'essence', 'location', 'make', 'impossible', 'feel', 'drawn', 'eager', 'explore', 'natural', 'cultural', 'treasure', 'thank', 'share', 'evocative', 'emotionally', 'rich', 'guideit', 'truly', 'spark', 'wanderlust', 'within', 'cant', 'wait', 'experience', 'destination', 'firsthand']","['glad', 'enjoy']","['Slovenia', 'Guatemala']",[]
2024,HcdohhNq8Iw,"['list', 'fantastic', 'many', 'amazing', 'place', 'explore']",[],[],[]
2024,HcdohhNq8Iw,"['amazing', 'scenery', 'video', 'always', 'great', 'feel']",[],[],[]
2024,HcdohhNq8Iw,[],[],[],[]
2024,HcdohhNq8Iw,"['wonderful', 'world', 'also', 'many', 'beautiful', 'place', 'korea']","['course', 'bring', 'video', 'korea', 'soon']",[],[]
2024,HcdohhNq8Iw,"['breath', 'take', 'location', 'change', 'always', 'great', 'adventure']",[],[],[]
2024,HcdohhNq8Iw,[],"['thank', 'cheer']",[],[]
2024,HcdohhNq8Iw,[],['yes'],[],[]
2024,HcdohhNq8Iw,"['interest', 'thanks', 'want', 'come']",[],[],[]
2024,HcdohhNq8Iw,"['fantastic', 'video', 'really', 'appreciate', 'break', 'concept', 'clearly', 'remind', 'similar', 'topic', 'recently', 'discuss', 'channel', 'explore', 'different', 'aspect', 'personal', 'experience', 'relate', 'anyone', 'interested', 'deep', 'dive', 'might', 'find', 'helpful', 'keep', 'great', 'work']","['thank', 'much']",[],[]
2024,HcdohhNq8Iw,"['love', 'country', 'love', 'greece', 'croatia', 'summer', 'vacation', 'best', 'far', 'way', 'far']",[],"['Greece', 'Croatia']",[]
2024,HcdohhNq8Iw,"['informative', 'video']",[],[],[]
2024,HcdohhNq8Iw,"['country', 'offer', 'diverse', 'experience', 'thanks', 'wonderful', 'travel', 'guide']","['glad', 'enjoy']",[],[]
2024,HcdohhNq8Iw,[],[],[],[]
2024,HcdohhNq8Iw,"['wow', 'beautiful', 'love', 'travel']","['thanks', 'visit']",[],[]
2024,HcdohhNq8Iw,"['thanks', 'recommendation']",[],[],[]
2024,HcdohhNq8Iw,"['indonesia', 'thousand', 'beautiful', 'island', 'world']","['especially', 'bali', 'friendly', 'touristsour', 'food', 'also', 'delicious', 'rendang', 'nasi', 'goreng', 'one', 'many', 'religious', 'culture', 'country', 'love', 'diversity', 'difference']",['Indonesia'],['Indonesia']
2024,HcdohhNq8Iw,"['nepal', 'heaven', 'himalayan']","['nepal', 'even']",['Nepal'],['Nepal']
2024,HcdohhNq8Iw,"['wow', 'never', 'travel', 'except', 'come', 'israel', 'age']","['plan', 'trip', 'somewhere', 'begin', 'journey', 'good', 'luck']",['Israel'],[]
2024,HcdohhNq8Iw,['beautiful'],"['thank', 'cheer']",[],[]
2024,HcdohhNq8Iw,"['tunisia', 'simple', 'tourist', 'excellent', 'health', 'tourism', 'long', 'stay', 'tourism', 'day', 'full', 'package', 'include', 'full', 'medical', 'check', 'mountain', 'desert', 'lake', 'oasis', 'amazing', 'white', 'sand', 'beach', 'cristal', 'clean', 'emerald', 'green', 'mediterranean', 'sea', 'unique', 'experience', 'archeological', 'site', 'chartage', 'many', 'rest', 'romanfenice', 'time', 'film', 'scene', 'monthly', 'plife', 'brian', 'star', 'war', 'desert', 'festival', 'fantastic', 'good', 'fooddrink', 'friendliness', 'entertainment', 'many', 'come', 'visit', 'tunisia', 'extremely', 'good', 'price', 'destination', 'thousand', 'people', 'europe', 'choice', 'ready', 'move', 'live', 'tunisia']",[],['Tunisia'],[]
2024,HcdohhNq8Iw,['time'],"['wish', 'happy', 'new', 'year']",[],[]
2023,HcdohhNq8Iw,[],[],['France'],[]
2023,HcdohhNq8Iw,"['beautiful', 'place', 'everyone', 'know', 'bore', 'place', 'go', 'want', 'enjoy', 'vacation', 'go', 'dominican', 'republic', 'top', 'best', 'country', 'visit']","['best', 'city', 'visit', 'part', 'country', 'beautiful', 'fun', 'visit']",[],[]
2023,HcdohhNq8Iw,"['lose', 'watermark', 'float', 'throughout', 'entire', 'video', 'thats', 'thing', 'im', 'focus', 'throughout', 'video', 'utterly', 'annoying']","['watermark', 'copyright', 'protect', 'content', 'scammer', 'sorry']",[],[]
2023,HcdohhNq8Iw,[],[],[],[]
2023,HcdohhNq8Iw,[],[],[],[]
2023,HcdohhNq8Iw,[],"['thank', 'cheer']",[],[]
2023,HcdohhNq8Iw,[],[],[],[]
2025,HcdohhNq8Iw,[],[],[],[]
2024,HcdohhNq8Iw,[],[],['Sri Lanka'],[]
2024,HcdohhNq8Iw,"['stop', 'use', 'ai', 'script']",[],[],[]
2024,HcdohhNq8Iw,"['video', 'make', 'ai', 'sured']",[],[],[]
2024,HcdohhNq8Iw,"['quit', 'ai', 'write', 'video']",[],[],[]
2024,HcdohhNq8Iw,['ccleaner'],[],[],[]
2024,zjhtj7r_AvE,"['philliphines', 'great', 'country', 'delicious', 'food', 'cook', 'people', 'agree']",[],[],[]
2024,zjhtj7r_AvE,"['thanks', 'kind', 'word', 'philippine']",[],['Philippines'],[]
2024,zjhtj7r_AvE,"['thanks', 'promote', 'country']",[],[],[]
2024,zjhtj7r_AvE,"['hapf', 'filipino', 'didnt', 'know', 'beautiful', 'country', 'travel', 'around', 'country', 'tine', 'year']",[],[],[]
2024,zjhtj7r_AvE,"['think', 'never', 'thailand', 'japan', 'right']",[],"['Japan', 'Thailand']",[]
2024,zjhtj7r_AvE,"['ayyy', 'live', 'philipinesand', 'agree', 'need', 'go']",[],[],[]
2024,zjhtj7r_AvE,"['thank', 'say', 'country', 'people', 'say', 'country', 'one', 'brunei', 'darussalam', 'fun', 'place', 'go', 'jerudong', 'park', 'yayasan']",[],[],[]
2024,zjhtj7r_AvE,"['gotta', 'check', 'namibia', 'drewblinsky', 'agree', 'best', 'country', 'philippine', 'also', 'top']",[],"['Philippines', 'Namibia']",[]
2024,zjhtj7r_AvE,"['thanks', 'put', 'contry', '4th', 'place', 'philippine', 'contry']",[],['Philippines'],[]
2024,zjhtj7r_AvE,"['go', 'go', 'pf', 'country', 'one', 'day']",[],[],[]
2024,zjhtj7r_AvE,"['sootrue', 'beautiful', 'vietnam', 'extremely', 'delicious', 'food', 'awesome', 'culture', 'amazingly', 'epic', 'landscape']",[],['Vietnam'],[]
2024,zjhtj7r_AvE,"['love', 'philipine']",[],[],[]
2024,zjhtj7r_AvE,"['love', 'philipine']","['ocean', 'hurt', 'eye']",[],[]
2024,zjhtj7r_AvE,"['south', 'koreascratch', 'thatboff', 'list', 'person', 'color', 'south', 'korean', 'racist', 'mean', 'absolutely', 'racist', 'non', 'white', 'people']","['yes', 'thats', 'choose', 'phillipines', 'becuse', 'filipino', 'racist', 'frieandly', 'welcome', 'country', 'yeahd']",[],[]
2024,zjhtj7r_AvE,"['number', 'north', 'korea', 'traffic', 'jam', 'obesity', 'political', 'stability', 'clean', 'air', 'god', 'flesh', 'bone', 'physically', 'present']","['wheres', 'entertainment']",[],[]
2024,zjhtj7r_AvE,[],"['wee', 'love', 'philippine']",['Philippines'],['Philippines']
2024,zjhtj7r_AvE,"['forget', 'india']",[],['India'],[]
2024,zjhtj7r_AvE,[],[],[],[]
2024,zjhtj7r_AvE,['pillipns'],[],[],[]
2024,zjhtj7r_AvE,[],[],[],[]
2024,zjhtj7r_AvE,[],[],['Philippines'],[]
2024,zjhtj7r_AvE,"['wow', 'south', 'korea', 'nic', 'philippine', 'go', 'south', 'korea']",[],['Philippines'],[]
2024,zjhtj7r_AvE,"['live', 'philippine']",[],['Philippines'],[]
2024,zjhtj7r_AvE,[],[],[],[]
2024,zjhtj7r_AvE,"['thank', 'visiting', 'philippine', 'im', 'philippine']",[],['Philippines'],[]
2024,zjhtj7r_AvE,"['thank', 'choose', 'philippine', 'enjoy', 'holiday', 'god', 'bless', 'always']",[],['Philippines'],[]
2024,zjhtj7r_AvE,"['thank', 'god', 'bless', 'maybe', 'go', 'someday']",[],[],[]
2024,zjhtj7r_AvE,"['thats', 'lot', 'food', 'carcar', 'dude', 'find', 'soft', 'torta', 'dalaguete', 'dont', 'go', 'dalaguete', 'kinda', 'far', 'satisfy', 'view', 'food']",[],[],[]
2024,zjhtj7r_AvE,"['cebu', 'dude', 'arrive', 'airport', 'go', 'carcar', 'pass', 'big', 'long', 'new', 'bridge', 'srp', 'minglanilla', 'naga', 'sn', 'fernando', 'carcar', 'saw', 'thats', 'good', 'number', 'list']",[],['Philippines'],[]
2024,zjhtj7r_AvE,['phils'],[],[],[]
2024,zjhtj7r_AvE,"['literally', 'like', 'explore', 'mar', 'sentence', 'doesnt', 'make', 'sense', 'bro']",[],[],[]
2024,zjhtj7r_AvE,"['american', 'drink', 'beer', 'street', 'lol']",[],[],[]
2024,zjhtj7r_AvE,[],[],[],[]
2024,zjhtj7r_AvE,"['best', 'beach', 'asia', 'drunk', 'even', 'japan', 'many', 'beautiful', 'beach', 'asia', 'big', 'survey', 'beach', 'asia', 'course']",[],['Japan'],[]
2024,zjhtj7r_AvE,[],[],['Philippines'],[]
2024,zjhtj7r_AvE,"['vote', 'go', 'philippines', 'amazing', 'country', 'friendly', 'people', 'earth']",[],['Philippines'],[]
2024,zjhtj7r_AvE,"['mabuhay', 'thank', 'include', 'philippine', 'top']",[],['Philippines'],[]
2024,zjhtj7r_AvE,"['bear', 'philippine', 'btw', 'go', 'country']",[],['Philippines'],[]
2024,zjhtj7r_AvE,"['finland', 'say', 'philippine', 'friendlyes', 'country']",[],"['Finland', 'Philippines']",[]
2024,zjhtj7r_AvE,"['korean', 'metro', 'system', 'hk', 'mtr']",[],[],[]
2024,zjhtj7r_AvE,"['live', 'philippine', 'bear']",[],['Philippines'],[]
2024,zjhtj7r_AvE,"['literally', 'south', 'korean', 'bar', 'indian', 'pakistani', 'allow']",[],[],[]
2024,zjhtj7r_AvE,"['like', 'country', 'try', 'visit', 'malaysia']",[],['Malaysia'],[]
2024,zjhtj7r_AvE,"['live', 'philipines']",[],[],[]
2024,zjhtj7r_AvE,"['im', 'philippine', 'filipino', 'assembleee']",[],['Philippines'],[]
2024,zjhtj7r_AvE,[],[],[],[]
2024,zjhtj7r_AvE,[],[],['Indonesia'],[]
2024,zjhtj7r_AvE,"['filipino', 'nice', 'people', 'world', 'filipino', 'kid']",[],[],[]
2024,zjhtj7r_AvE,"['u', 'didnt', 'mention', 'india', 'bcoz', 'quality', 'mention', 'country']",[],['India'],[]
2024,zjhtj7r_AvE,[],[],[],[]
2024,zjhtj7r_AvE,"['hello', 'thx', 'shout', 'country', 'philipines']",[],[],[]
2024,zjhtj7r_AvE,"['drew', 'blinsky', 'travel', 'country', 'world', 'say', 'hat', 'brunei', 'love', 'lol', 'guess', 'see']",[],[],[]
2024,zjhtj7r_AvE,"['many', 'filipino', 'watch']",[],[],[]
2024,zjhtj7r_AvE,[],[],['Philippines'],[]
2024,zjhtj7r_AvE,"['filipino', 'agree', 'beach', 'calmevery', 'hotel', 'seaside', 'expensive', 'u', 'peso', 'really', 'cheap', 'u', 'dollar', 'recommend', 'panglao', 'beach', 'hennan', 'come', 'june']",[],['United States'],[]
2024,zjhtj7r_AvE,"['asia', 'goo']",[],[],[]
2024,zjhtj7r_AvE,"['vietnam', 'mom', 'vietnamese', 'brunei', 'huh', 'neighbour', 'south', 'korea', 'black', 'pink', 'concert', 'philippinesoh', 'goodness', 'always', 'neighbour', 'namibia', 'idk', 'country', 'look', 'video', 'meat', 'im', 'vegetarian', 'meat']",[],"['Philippines', 'Namibia', 'Vietnam']",[]
2024,zjhtj7r_AvE,"['ppl', 'already', 'live', 'philippine', 'live']",[],['Philippines'],[]
2024,zjhtj7r_AvE,[],[],['Philippines'],[]
2024,zjhtj7r_AvE,"['thank', 'visit', 'country']",[],[],[]
2024,zjhtj7r_AvE,['thailand'],[],['Thailand'],[]
2024,zjhtj7r_AvE,[],[],['India'],[]
2024,zjhtj7r_AvE,"['come', 'philippine']",[],['Philippines'],[]
2024,zjhtj7r_AvE,"['cambodia', 'beautiful', 'country', 'shouldnt', 'ignore', 'best', 'place', 'also', 'nice', 'people', 'big', 'temple', 'world']",[],"['France', 'Cambodia']",[]
2024,zjhtj7r_AvE,"['number', 'one', 'china']",[],['China'],[]
2024,zjhtj7r_AvE,['wereasian'],[],[],[]
2024,zjhtj7r_AvE,['wereasian'],[],[],[]
2024,zjhtj7r_AvE,"['u', 'miss', 'afghanistanits', 'v', 'cheap', 'amazing', 'landscape', 'friendly', 'local']",['war'],['Afghanistan'],[]
2024,zjhtj7r_AvE,"['first', 'everyone', 'doesnt', 'drink', 'second', 'vietnamese', 'people', 'like', 'money', 'u', 'still', 'practice', 'communism', 'third', 'certain', 'street', 'clean', 'want', 'visitor', 'see', 'fourth', 'street', 'food', 'safe']","['vietnam', 'use', 'capitalism', 'survive', 'government', 'system', 'communist']",['United States'],['Vietnam']
2024,zjhtj7r_AvE,"['japan', 'beautiful', 'country', 'world', 'every', 'cherry', 'blossom', 'food', 'yummy']","['see', 'japanese', 'people', 'eat', 'octopus', 'tentacle', 'really', 'offputting']",['Japan'],[]
2024,zjhtj7r_AvE,"['country', 'beautiful', 'visit', 'language', 'barrier', 'people', 'start', 'talk', 'language', 'dont', 'understand']","['im', 'filipino', 'almost', 'u', 'know', 'speak', 'english', 'pretty', 'much', 'adapt', 'language']",[],['United States']
2025,zjhtj7r_AvE,[],[],['India'],[]
2025,zjhtj7r_AvE,"['filipino', 'probably', 'nice', 'people', 'world', 'mom', 'watch', 'gma', 'lot', 'people', 'go', 'jail', 'go', 'fight', 'hit', 'hear', 'tv', 'well', 'sure', 'buddy']",[],[],[]
2025,zjhtj7r_AvE,[],[],[],[]
2025,zjhtj7r_AvE,"['love', 'philippine', 'im', 'also', 'relationship', 'filipino', 'woman']",[],['Philippines'],[]
2025,zjhtj7r_AvE,"['hear', 'mexico', 'place', 'visit', 'look', 'like', 'beautiful', 'country']",[],['Mexico'],[]
2025,zjhtj7r_AvE,[],[],[],[]
2025,zjhtj7r_AvE,"['great', 'top', 'country']",[],[],[]
2025,zjhtj7r_AvE,[],[],['Philippines'],[]
2025,zjhtj7r_AvE,"['thailand', 'best']",[],['Thailand'],[]
2024,zjhtj7r_AvE,[],[],[],[]
2024,zjhtj7r_AvE,[],[],[],[]
2024,zjhtj7r_AvE,[],[],['India'],[]
2024,zjhtj7r_AvE,"['half', 'filipino', 'half', 'human']",[],[],[]
2024,zjhtj7r_AvE,"['malaysia', 'country', 'top']",[],['Malaysia'],[]
2024,zjhtj7r_AvE,"['philippine', 'right', 'best', 'location', 'ever', 'visit']",[],['Philippines'],[]
2024,zjhtj7r_AvE,[],[],[],[]
2024,zjhtj7r_AvE,['indonesia'],[],['Indonesia'],[]
2024,zjhtj7r_AvE,"['ever', 'visit', 'indonesia', 'try', 'indonesia', 'friendly', 'accept', 'social', 'medium']",[],['Indonesia'],[]
2024,zjhtj7r_AvE,"['like', 'u', 'say', 'also', 'miss', 'two', 'best', 'place', 'well', 'australia', 'gold', 'coast', 'n', 'new', 'zealand']",[],['Australia'],[]
2024,zjhtj7r_AvE,"['thank', 'include', 'beautiful', 'philippine']",[],['Philippines'],[]
2024,zjhtj7r_AvE,[],[],[],[]
2024,zjhtj7r_AvE,"['bro', 'half', 'comment', 'philippine']",[],['Philippines'],[]
2024,zjhtj7r_AvE,"['hello', 'hong', 'kongese', 'everything', 'look', 'interesting', 'saw', 'subway', 'show', 'south', 'korea', 'hong', 'kong', 'mtr']",[],[],[]
2024,zjhtj7r_AvE,"['think', 'indonesia', 'friendly', 'nice', 'people', 'world']",[],['Indonesia'],[]
2024,zjhtj7r_AvE,"['come', 'bali']",[],['Indonesia'],[]
2024,zjhtj7r_AvE,"['im', 'curious', 'brunei', 'namibia', 'nice', 'nice']",[],"['France', 'Namibia']",[]
2024,zjhtj7r_AvE,"['philippine', 'interesting', 'country', 'visit', 'nice', 'place', 'live', 'nicer', 'cheap', 'place', 'like', 'vietnam', 'malaysia', 'thailand']",[],"['Philippines', 'Malaysia', 'Vietnam', 'France', 'Thailand']",[]
2024,zjhtj7r_AvE,"['sri', 'lanka', 'one', 'best', 'tourist', 'destination', 'even', 'vote', 'forbes']",[],['Sri Lanka'],[]
2024,zjhtj7r_AvE,"['think', 'thailand', 'best', 'world']",[],['Thailand'],[]
2024,zjhtj7r_AvE,"['phillipines', 'winn']",[],[],[]
2024,zjhtj7r_AvE,"['thanks', 'stay', 'usa']",[],['United States'],[]
2024,t6clmCbzO0E,"['portugal', 'everything', 'good', 'food', 'culture', 'historic', 'city', 'beach', 'paradise', 'surf', 'good', 'wine', 'sun', 'safe', 'country', 'important', 'friendly', 'people', 'welcome', 'portugal']",[],['Portugal'],[]
2024,t6clmCbzO0E,"['portugal', 'everything', 'good', 'food', 'culture', 'historic', 'city', 'beach', 'paradise', 'surf', 'good', 'wine', 'sun', 'safe', 'country', 'important', 'friendly', 'people', 'welcome', 'portugal']","['want', 'come', 'hows', 'economy']",['Portugal'],[]
2024,t6clmCbzO0E,"['portugal', 'everything', 'good', 'food', 'culture', 'historic', 'city', 'beach', 'paradise', 'surf', 'good', 'wine', 'sun', 'safe', 'country', 'important', 'friendly', 'people', 'welcome', 'portugal']","['many', 'portuguese', 'emigrate']",['Portugal'],[]
2024,t6clmCbzO0E,"['portugal', 'everything', 'good', 'food', 'culture', 'historic', 'city', 'beach', 'paradise', 'surf', 'good', 'wine', 'sun', 'safe', 'country', 'important', 'friendly', 'people', 'welcome', 'portugal']","['yannickillewhat', 'visitingtravelling', 'country']",['Portugal'],[]
2024,t6clmCbzO0E,[],[],['Bulgaria'],[]
2024,t6clmCbzO0E,"['image', 'quality', 'video', 'excellent', 'thank', 'share', 'place', 'cheap', 'living', 'standard', 'everyone', 'useful', 'difficult', 'economic', 'context', 'large', 'city', 'become', 'increasingly', 'crowd', 'expensive']",['thank'],[],[]
2024,t6clmCbzO0E,"['every', 'time', 'watch', 'video', 'feel', 'relaxed', 'ding', 'great', 'job', 'scenic', 'hunter', 'keep']","['glad', 'hear']",[],[]
2024,t6clmCbzO0E,"['think', 'twice', 'malta', 'nevertheless', 'great', 'video', 'well']",[],['Malta'],[]
2024,t6clmCbzO0E,"['think', 'twice', 'malta', 'nevertheless', 'great', 'video', 'well']","['hey', 'could', 'tell', 'malta', 'good', 'visittravel', 'go', 'later', 'year', 'would', 'really', 'appreciate', 'tip', 'etc']",['Malta'],['Malta']
2024,t6clmCbzO0E,"['think', 'twice', 'malta', 'nevertheless', 'great', 'video', 'well']","['unknownhumanonline', 'malta', 'lovely', 'island', 'mediterranean', 'sea', 'doubt', 'malta', 'know', 'history', 'beautiful', 'view', 'warm', 'weather', 'however', 'traveler', 'might', 'find', 'challenge', 'reason', 'per', 'view', 'mainly', 'summer', 'heat', 'intense', 'often', 'reach', '30c', 'make', 'outdoor', 'activity', 'uncomfortable', 'secondly', 'beach', 'mostly', 'rocky', 'might', 'expect', 'want', 'sandy', 'shore', 'get', 'around', 'also', 'tricky', 'drive', 'malta', 'chaotic', 'parking', 'often', 'difficult', 'find', 'public', 'bus', 'available', 'may', 'reliable', 'make', 'trip', 'well', 'suggest', 'consider', 'visit', 'spring', 'fall', 'weather', 'cool', 'drink', 'plenty', 'water', 'wear', 'sunscreen', 'protect', 'sun', 'rent', 'car', 'easy', 'travel', 'careful', 'road', 'also', 'highly', 'recommend', 'carry', 'cash', 'small', 'purchase', 'place', 'accept', 'credit', 'card', 'tip', 'hope', 'enjoy', 'time', 'malta']",['Malta'],['Malta']
2024,t6clmCbzO0E,"['small', 'struggle', 'travel', 'channel', 'love', 'content', 'thanks', 'great', 'video', 'inspire', 'keep', 'grind', 'channel', 'maby', 'one', 'day', 'ill', 'grow', 'big']","['sure', 'keep', 'good', 'work', 'consistently']",[],[]
2024,t6clmCbzO0E,"['small', 'struggle', 'travel', 'channel', 'love', 'content', 'thanks', 'great', 'video', 'inspire', 'keep', 'grind', 'channel', 'maby', 'one', 'day', 'ill', 'grow', 'big']",[],[],[]
2024,t6clmCbzO0E,"['scam', 'alert', 'inform', 'never', 'offer', 'money', 'ask', 'money', 'exchange', 'subscribe', 'channel', 'notice', 'scam', 'go', 'turkey', 'india', 'country', 'whatsapp', 'telegram', 'use', 'brand', 'name', 'since', 'offer', 'money', 'exchange', 'subscribe', 'channel', 'people', 'visit', 'channel', 'money', 'aware', 'part', 'cyber', 'scam', 'already', 'please', 'report', 'whatsapp', 'number', 'telegram', 'number', 'police', 'cyber', 'crime', 'center', 'country', 'previous', 'scam', 'alert', 'reference']",[],"['Turkey', 'India']",[]
2024,t6clmCbzO0E,[],[],['Belarus'],[]
2024,t6clmCbzO0E,"['love', 'content', 'way', 'cheap']",[],[],[]
2024,t6clmCbzO0E,"['italy', 'expensive', 'way', 'driver', '100km', 'coast']",[],['Italy'],[]
2024,t6clmCbzO0E,"['italy', 'expensive', 'way', 'driver', '100km', 'coast']",['cheap'],['Italy'],[]
2024,t6clmCbzO0E,"['love', 'video', 'float', 'scenic', 'hunter', 'go', 'throughout', 'video', 'distracting', 'annoy']","['copyright', 'try', 'scale', 'watermark']",[],[]
2024,t6clmCbzO0E,[],[],[],[]
2024,t6clmCbzO0E,[],[],[],[]
2024,t6clmCbzO0E,"['nice', 'video', 'thanks']",[],['France'],[]
2024,t6clmCbzO0E,"['please', 'provide', 'transcript', 'english']",[],[],[]
2024,t6clmCbzO0E,"['good', 'stuff', 'save', 'vid', 'future', 'reference', 'cheer']",[],[],[]
2024,t6clmCbzO0E,"['beautiful', 'interesting', 'content', 'since', 'everyone', 'cant', 'afford', 'expensive', 'destination', 'give', 'idea', 'plan', 'budget', 'trip', 'europe', 'everyone', 'thank']","['glad', 'helpful']",[],[]
2024,t6clmCbzO0E,"['kosovo', 'country', 'part', 'serbia']",[],['Serbia'],[]
2024,t6clmCbzO0E,"['nice', 'documentary', 'take', 'u', 'many', 'country', 'cheap', 'think', 'comparison', 'yes', 'turkish', 'lira', 'currency', 'spain', 'n', 'portugal', 'well', 'jst', 'way', 'thinking', 'cheap']",[],"['France', 'Portugal', 'Spain', 'United States']",[]
2024,t6clmCbzO0E,"['tool', 'use', 'make', 'automation', 'video']",[],[],[]
2024,t6clmCbzO0E,"['need', 'citiescountries', 'screen', 'time']","['note', 'thanks']",[],[]
2024,t6clmCbzO0E,"['discovery', 'vibrant', 'marine', 'life', 'indonesias', 'raja', 'ampat', 'islands', 'showcases', 'one', 'beautiful', 'place', 'world']",[],[],[]
2024,t6clmCbzO0E,"['guide', 'super', 'helpful', 'im', 'excite', 'visit', 'affordable', 'place', 'europe', 'thanks', 'share']","['youre', 'welcome']",[],[]
2024,t6clmCbzO0E,[],[],[],[]
2024,t6clmCbzO0E,[],[],[],[]
2024,t6clmCbzO0E,"['great', 'video', 'always', 'thanks', 'insightful', 'list', 'refreshing', 'see', 'roundup', 'budgetfriendly', 'destination']",[],[],[]
2024,t6clmCbzO0E,[],[],[],[]
2024,t6clmCbzO0E,[],[],[],[]
2024,t6clmCbzO0E,"['seriously', 'cheap', 'clearly', 'computer', 'generate', 'video', 'didnt', 'access', 'grammar', 'assistance', 'available']",[],[],[]
2024,t6clmCbzO0E,[],[],[],[]
2024,t6clmCbzO0E,[],[],[],[]
2024,t6clmCbzO0E,"['fresh', 'crap', 'need', 'holiday', 'ukraine', 'portugal', 'would', 'find', 'place', 'live', 'oh', 'depend', 'choice', 'lifestyle', 'like', 'shack', 'plumbing']",[],"['Ukraine', 'Portugal']",[]
2024,t6clmCbzO0E,[],[],[],[]
2024,t6clmCbzO0E,[],[],[],[]
2024,t6clmCbzO0E,"['absolutely', 'love', 'video', 'incredible', 'insight', 'ive', 'explore', 'similar', 'theme', 'channel', 'roamrovers', 'dive', 'amazing', 'destination', 'travel', 'tip', 'enjoy', 'much', 'might', 'find', 'travel', 'adventure', 'interest', 'hope', 'see', 'fellow', 'travel', 'enthusiast']",[],[],[]
2024,kYjeIRPn87s,"['anyone', 'india']",[],['India'],['China']
2024,kYjeIRPn87s,"['anyone', 'india']",[],['India'],['India']
2024,kYjeIRPn87s,"['anyone', 'india']",[],['India'],[]
2024,kYjeIRPn87s,"['anyone', 'india']",[],['India'],[]
2024,kYjeIRPn87s,"['anyone', 'india']","['rip', 'ur', 'still', 'india', 'pakistan']",['India'],"['Pakistan', 'India']"
2024,kYjeIRPn87s,[],['thevidu'],[],[]
2024,kYjeIRPn87s,[],['rahma'],[],[]
2024,kYjeIRPn87s,[],[],[],[]
2024,kYjeIRPn87s,[],[],[],[]
2024,kYjeIRPn87s,[],[],[],['Sri Lanka']
2024,kYjeIRPn87s,[],"['ugly', 'dirty']",['India'],[]
2024,kYjeIRPn87s,[],[],['India'],['Pakistan']
2024,kYjeIRPn87s,[],[],['India'],[]
2024,kYjeIRPn87s,[],[],['India'],[]
2025,kYjeIRPn87s,"['indian', 'india']",[],['India'],[]
2024,kYjeIRPn87s,[],[],['Philippines'],['Philippines']
2024,kYjeIRPn87s,"['always', 'india']","['come', 'nepal']",['India'],['Nepal']
2024,kYjeIRPn87s,['greece'],[],['Greece'],[]
2024,kYjeIRPn87s,[],[],['Switzerland'],[]
2024,kYjeIRPn87s,"['thailand', 'peace']",[],['Thailand'],[]
2024,kYjeIRPn87s,[],[],[],[]
2024,kYjeIRPn87s,[],[],['India'],[]
2024,kYjeIRPn87s,[],[],['Kenya'],[]
2024,kYjeIRPn87s,['ireland'],[],['Ireland'],[]
2024,kYjeIRPn87s,[],[],['United States'],[]
2024,kYjeIRPn87s,[],[],"['Portugal', 'United States', 'Vietnam']",[]
2024,kYjeIRPn87s,"['uae', 'usa', 'brazil']","['nicaragua', 'love', 'united', 'state', 'america']","['United Arab Emirates', 'Brazil', 'United States']","['United States', 'Nicaragua']"
2024,kYjeIRPn87s,"['south', 'korea']",[],[],[]
2024,kYjeIRPn87s,[],[],[],[]
2024,kYjeIRPn87s,[],[],[],[]
2024,kYjeIRPn87s,[],[],[],[]
2024,kYjeIRPn87s,[],[],['Romania'],[]
2024,kYjeIRPn87s,"['singapore', 'usa', 'switzerland']",[],"['Singapore', 'United States', 'Switzerland']",[]
2024,kYjeIRPn87s,"['switzerland', 'malaysia', 'philippine', 'turkey']",[],"['Turkey', 'Philippines', 'Malaysia', 'Switzerland']",[]
2024,kYjeIRPn87s,"['poland', 'every', 'city', 'beatiful']",[],['Poland'],[]
2024,kYjeIRPn87s,"['poland', 'every', 'city', 'beatiful']",[],['Poland'],['Poland']
2025,kYjeIRPn87s,"['agree', 'canada', 'good', 'usa', 'pakistan']",[],"['Pakistan', 'Canada', 'United States']",[]
2024,kYjeIRPn87s,"['think', 'usa', 'philippine']",[],"['Philippines', 'United States']",[]
2025,kYjeIRPn87s,[],[],[],[]
2024,kYjeIRPn87s,[],[],['Uzbekistan'],[]
2024,kYjeIRPn87s,[],[],['Indonesia'],[]
2024,kYjeIRPn87s,[],[],['United Arab Emirates'],[]
2024,kYjeIRPn87s,[],[],['United States'],[]
2024,kYjeIRPn87s,"['united', 'state', 'america']",[],['United States'],[]
2024,kYjeIRPn87s,"['united', 'state']","['get', 'shot', 'rob', 'dont', 'want', 'see', 'drug', 'everywhere', 'zombiepeople', 'street']",['United States'],[]
2024,kYjeIRPn87s,"['united', 'state']","['picasso', 'america', 'isnt', 'like', 'amurca', 'like']",['United States'],['United States']
2025,kYjeIRPn87s,"['austria', 'switzerland', 'america', 'country', 'deserve', 'first', 'place']",['america'],"['Austria', 'United States', 'Switzerland']",['United States']
2024,kYjeIRPn87s,[],[],['Australia'],['Pakistan']
2025,kYjeIRPn87s,[],[],['Nepal'],[]
2025,kYjeIRPn87s,[],[],['India'],[]
2024,kYjeIRPn87s,[],[],[],[]
2024,kYjeIRPn87s,[],[],[],[]
2024,kYjeIRPn87s,[],[],['Qatar'],[]
2024,kYjeIRPn87s,[],[],['Sri Lanka'],[]
2024,kYjeIRPn87s,[],[],['Bangladesh'],[]
2024,kYjeIRPn87s,[],[],['Mauritius'],[]
2024,kYjeIRPn87s,[],[],['United Arab Emirates'],[]
2024,kYjeIRPn87s,[],[],[],[]
2024,kYjeIRPn87s,"['south', 'korea']",[],[],[]
2024,kYjeIRPn87s,[],[],['Georgia'],[]
2024,kYjeIRPn87s,['greece'],[],['Greece'],[]
2024,kYjeIRPn87s,"['south', 'korea']",[],[],[]
2024,kYjeIRPn87s,[],[],['Switzerland'],[]
2024,kYjeIRPn87s,[],[],['United States'],[]
2024,kYjeIRPn87s,[],[],[],[]
2024,kYjeIRPn87s,"['south', 'korea']",[],[],[]
2024,kYjeIRPn87s,[],[],[],[]
2025,kYjeIRPn87s,"['india', 'please', 'vote', 'country']",[],['India'],['India']
2025,kYjeIRPn87s,['philippine'],[],['Philippines'],[]
2025,kYjeIRPn87s,"['canada', 'click', 'button']",[],['Canada'],[]
2025,kYjeIRPn87s,"['korea', 'favourite', 'country']",[],[],[]
2025,kYjeIRPn87s,[],[],['Pakistan'],[]
2025,kYjeIRPn87s,[],[],['Pakistan'],[]
2025,kYjeIRPn87s,[],[],['United Arab Emirates'],[]
2025,kYjeIRPn87s,['thailand'],[],['Thailand'],[]
2025,kYjeIRPn87s,"['malaysiaone', 'beautiful', 'country', 'world']",[],['Malaysia'],[]
2025,kYjeIRPn87s,[],[],['India'],[]
2025,kYjeIRPn87s,"['philippine', 'best', 'country', 'world']",[],['Philippines'],[]
2025,kYjeIRPn87s,[],[],['Sri Lanka'],[]
2025,kYjeIRPn87s,"['georgia', 'im', 'georgian']",[],['Georgia'],[]
2025,kYjeIRPn87s,[],[],['Italy'],[]
2025,kYjeIRPn87s,[],[],['Germany'],[]
2025,kYjeIRPn87s,[],[],[],[]
2025,kYjeIRPn87s,[],[],['Switzerland'],[]
2025,kYjeIRPn87s,[],[],['Switzerland'],[]
2025,kYjeIRPn87s,[],[],['Pakistan'],[]
2025,kYjeIRPn87s,[],[],['India'],[]
2025,kYjeIRPn87s,"['south', 'korea']",[],[],[]
2024,kYjeIRPn87s,[],[],['India'],[]
2024,kYjeIRPn87s,[],[],['India'],[]
2024,kYjeIRPn87s,"['usa', 'best', 'country']",[],['United States'],[]
2024,kYjeIRPn87s,[],[],['India'],[]
2024,kYjeIRPn87s,[],[],[],[]
2024,kYjeIRPn87s,[],[],['India'],[]
2024,kYjeIRPn87s,[],[],['India'],[]
2024,kYjeIRPn87s,"['im', 'america']",[],['United States'],[]
2024,kYjeIRPn87s,[],[],['United States'],[]
2024,kYjeIRPn87s,"['south', 'africa']",[],[],[]
2024,kYjeIRPn87s,[],[],[],[]
2024,kYjeIRPn87s,[],[],['India'],[]
2024,kYjeIRPn87s,[],[],['India'],[]
2025,kYjeIRPn87s,[],"['mean', 'uk', 'cuz', 'london', 'uk']",['United Kingdom'],['United Kingdom']
2025,kYjeIRPn87s,"['india', 'switzerland', 'france', 'canda']",[],"['France', 'Switzerland', 'India']",['France']
2024,kYjeIRPn87s,[],[],['India'],['Bangladesh']
2025,kYjeIRPn87s,[],[],[],[]
2025,kYjeIRPn87s,"['song', 'name', 'please']",[],[],[]
2025,kYjeIRPn87s,"['portugal', 'argentina']",[],"['Argentina', 'Portugal']",[]
2025,kYjeIRPn87s,[],[],['Philippines'],[]
2025,kYjeIRPn87s,[],[],[],[]
2025,kYjeIRPn87s,"['russiya', 'united', 'state']",[],['United States'],[]
2025,kYjeIRPn87s,[],[],[],[]
2025,kYjeIRPn87s,[],[],[],[]
2024,rESOc5PmBx8,"['touched', 'choose', 'country', 'greece', 'one', 'best', 'destination', 'thank', 'kind', 'word', 'nice', 'trip', 'wherever', 'go']","['thank', 'love', 'time', 'greece', 'happy', 'journey', 'john', 'bev']","['France', 'Greece']",['Greece']
2024,rESOc5PmBx8,"['touched', 'choose', 'country', 'greece', 'one', 'best', 'destination', 'thank', 'kind', 'word', 'nice', 'trip', 'wherever', 'go']","['yesterday', 'tell', 'dear', 'wife', 'want', 'one', 'day', 'visit', 'greece', 'first', 'country', 'ever', 'research', 'grade', 'school', 'far', 'however', 'one', 'day']","['France', 'Greece']",['Greece']
2024,rESOc5PmBx8,"['touched', 'choose', 'country', 'greece', 'one', 'best', 'destination', 'thank', 'kind', 'word', 'nice', 'trip', 'wherever', 'go']","['fire', 'always', 'welcome', 'come', 'greece', 'wish', 'opportunity', 'soon', 'possible']","['France', 'Greece']",['Greece']
2024,rESOc5PmBx8,"['touched', 'choose', 'country', 'greece', 'one', 'best', 'destination', 'thank', 'kind', 'word', 'nice', 'trip', 'wherever', 'go']","['fire', 'hope', 'get', 'go', 'soon', 'john', 'bev']","['France', 'Greece']",[]
2024,rESOc5PmBx8,"['thanks', 'clarify', 'location', 'best', 'rent', 'car', 'identify', 'specific', 'city', 'island', 'also', 'ver', 'helpful']","['glad', 'helpful', 'thanks', 'watch', 'happy', 'journey', 'john', 'bev']",[],[]
2024,rESOc5PmBx8,"['would', 'add', 'norway', 'go', 'already', 'plan', 'next', 'trip', 'back', 'scenery', 'breathtaking']","['love', 'norway', 'happy', 'journey', 'john', 'bev']",['Norway'],['Norway']
2024,rESOc5PmBx8,"['would', 'add', 'norway', 'go', 'already', 'plan', 'next', 'trip', 'back', 'scenery', 'breathtaking']","['feel', 'norway']",['Norway'],['Norway']
2024,rESOc5PmBx8,"['would', 'add', 'norway', 'go', 'already', 'plan', 'next', 'trip', 'back', 'scenery', 'breathtaking']","['norway', 'absolutely', 'gorgeous']",['Norway'],['Norway']
2024,rESOc5PmBx8,"['would', 'add', 'norway', 'go', 'already', 'plan', 'next', 'trip', 'back', 'scenery', 'breathtaking']","['nice', 'short', 'week', 'visit', 'impractical', 'slow', 'travel', 'day', 'immigration', 'unless', 'truly', 'wealthy']",['Norway'],['France']
2024,rESOc5PmBx8,"['would', 'include', 'portugal', 'extend', 'stay', 'lisbon', 'porto', 'explore', 'everywhere', 'find', 'financially', 'reasonably', 'price', 'country', 'western', 'europe']","['portugal', 'awesome', 'agree', 'pricing', 'happy', 'journey', 'john', 'bev']",['Portugal'],['Portugal']
2024,rESOc5PmBx8,"['would', 'include', 'portugal', 'extend', 'stay', 'lisbon', 'porto', 'explore', 'everywhere', 'find', 'financially', 'reasonably', 'price', 'country', 'western', 'europe']","['like', 'everywhere', 'else', 'affordability', 'portugal', 'especially', 'housing', 'rapidly', 'decrease', 'immigration', 'suggest', 'hedge', 'fund', 'high', 'net', 'worth', 'individual', 'buy', 'housing', 'raise', 'price', 'amaze', 'happen', 'housing', 'across', 'europe', 'past', 'month', 'especially', 'anything', 'near', 'season', 'even', 'albania', 'montenegro', 'increase', 'rapidly', 'rental', 'sale', 'basically', 'need', 'go', 'country', 'adjacent', 'belarus', 'ukraine', 'russia', 'still', 'find', 'reasonable', 'rate', 'basically', 'place', 'cold', 'hot']",['Portugal'],"['Russian Federation', 'Albania', 'Montenegro', 'Ukraine', 'Portugal', 'Belarus']"
2024,rESOc5PmBx8,"['great', 'country', 'visit', 'long', 'term', 'stay', 'would', 'love', 'hear', 'comment', 'want', 'information', 'country', 'sure', 'click', 'link', 'description', 'thanks', 'much', 'happy', 'journey', 'john', 'bev']","['elsewhere', 'report', 'typically', 'stay', 'week', 'less', 'location', 'qualify', 'slow', 'travel']",[],[]
2024,rESOc5PmBx8,"['great', 'country', 'visit', 'long', 'term', 'stay', 'would', 'love', 'hear', 'comment', 'want', 'information', 'country', 'sure', 'click', 'link', 'description', 'thanks', 'much', 'happy', 'journey', 'john', 'bev']","['travel', 'week', 'time', 'weve', 'stay', 'month', 'occasion', 'norm']",[],[]
2024,rESOc5PmBx8,"['great', 'country', 'visit', 'long', 'term', 'stay', 'would', 'love', 'hear', 'comment', 'want', 'information', 'country', 'sure', 'click', 'link', 'description', 'thanks', 'much', 'happy', 'journey', 'john', 'bev']","['elsewhere', 'report', 'typically', 'stay', 'week', 'less', 'location', 'qualify', 'slow', 'travel']",[],[]
2024,rESOc5PmBx8,"['great', 'country', 'visit', 'long', 'term', 'stay', 'would', 'love', 'hear', 'comment', 'want', 'information', 'country', 'sure', 'click', 'link', 'description', 'thanks', 'much', 'happy', 'journey', 'john', 'bev']","['travel', 'week', 'time', 'weve', 'stay', 'month', 'occasion', 'norm']",[],[]
2024,rESOc5PmBx8,"['congrats', 'join', '100countries', 'club', 'sure', 'far', 'exceed', 'current', 'number', 'soon', 'happy', 'currently', 'camino', 'de', 'santiago', 'keep', 'travel']","['thanks', 'enjoy', 'camino', 'best', 'luck', 'hope', 'great', 'time', 'happy', 'journey', 'john', 'bev']",[],[]
2024,rESOc5PmBx8,"['congrats', 'join', '100countries', 'club', 'sure', 'far', 'exceed', 'current', 'number', 'soon', 'happy', 'currently', 'camino', 'de', 'santiago', 'keep', 'travel']","['thats', 'awesome', 'country', 'nowhere', 'near', 'many', 'country', 'different', 'country', 'hope', 'journey', 'camino', 'de', 'santiago', 'keep', 'travel']",[],[]
2024,rESOc5PmBx8,"['congrats', 'join', '100countries', 'club', 'sure', 'far', 'exceed', 'current', 'number', 'soon', 'happy', 'currently', 'camino', 'de', 'santiago', 'keep', 'travel']","['713devereux', 'world', 'big', 'travel', 'let', 'keep', 'travel']",[],[]
2024,rESOc5PmBx8,"['love', 'video', 'agree', 'many', 'choice', 'stay', 'long', 'term', 'many', 'spend', 'month', 'medellin', 'weather', 'perfect', 'year', 'round', 'spent', 'month', 'costa', 'rica', 'good', 'rent', 'car', 'often', 'mostly', 'day', 'weekend', 'go', 'outside', 'village', 'live', 'go', 'around', 'country', 'roads', 'arent', 'great', 'rental', 'cheap', 'deliver', 'car', 'condo', 'whenever', 'need', 'stay', 'month', 'valencia', 'awesome', 'walkable', 'beach', 'wasnt', 'far', 'away', 'croatia', 'time', 'north', 'long', 'weekend', 'week', 'month', 'month', 'week', 'split', 'love', 'split', 'get', 'dubrovnik', 'island', 'month', 'travel', 'ferry', 'everywhere', 'easy', 'need', 'go', 'zagreb', 'go', 'krakow', 'couple', 'week', 'couple', 'week', 'would', 'recommend', 'buenos', 'aire', 'long', 'term', 'stay', '3x', 'month', 'month', 'month', 'good', 'expat', 'community', 'european', 'feeling', 'favorite', 'trip', 'month', 'cap', 'dail', 'france', 'border', 'monaco', 'home', 'base', 'best', 'airbnb', 'ever', 'overlook', 'seai', 'could', 'literally', 'throw', 'stone', 'ocean', 'trip', 'take', 'many', 'trip', 'around', 'europe', 'nice', 'airport', 'close', 'train', 'visit', 'paris', 'lyon', 'berlin', 'amsterdam', 'milan', 'venice', 'etc', 'could', 'walk', 'monaco', 'every', 'day', 'along', 'sea', 'path', 'go', 'gym', 'grocery', 'store', 'plus', 'friend', 'live', 'since', 'monaco', 'work', 'time', 'believe', 'time', 'ever', 'rent', 'car', 'costa', 'rica', 'usually', 'go', 'public', 'transport', 'walk']","['u', 'rental', 'thanks', 'great', 'info', 'happy', 'journey', 'john', 'bev']","['Italy', 'Monaco', 'France', 'Netherlands', 'Germany', 'Croatia']",['United States']
2024,rESOc5PmBx8,"['would', 'stay', 'italy', 'close', 'big', 'city', 'public', 'transportation', 'easy', 'bus', 'big', 'city', 'day', 'tour', 'seashore', 'beach', 'time', 'food', 'reasonable', 'delicious', 'friendly', 'smile', 'big', 'welcome', 'mat', 'lot', 'grandson', 'grandparent', 'return', 'italy', 'drag', 'grand', 'overnighted', 'rome', 'id', 'look', 'pension', 'rather', 'hotel', 'stay', 'place', 'pension', 'since', '1600s']","['spend', 'week', 'northern', 'italy', 'great', 'time', 'could', 'easily', 'make', 'list', 'well', 'happy', 'journey', 'john', 'bev']",['Italy'],['Italy']
2024,rESOc5PmBx8,"['would', 'stay', 'italy', 'close', 'big', 'city', 'public', 'transportation', 'easy', 'bus', 'big', 'city', 'day', 'tour', 'seashore', 'beach', 'time', 'food', 'reasonable', 'delicious', 'friendly', 'smile', 'big', 'welcome', 'mat', 'lot', 'grandson', 'grandparent', 'return', 'italy', 'drag', 'grand', 'overnighted', 'rome', 'id', 'look', 'pension', 'rather', 'hotel', 'stay', 'place', 'pension', 'since', '1600s']","['jabow', 'mean', 'look', 'pension']",['Italy'],[]
2024,rESOc5PmBx8,"['would', 'stay', 'italy', 'close', 'big', 'city', 'public', 'transportation', 'easy', 'bus', 'big', 'city', 'day', 'tour', 'seashore', 'beach', 'time', 'food', 'reasonable', 'delicious', 'friendly', 'smile', 'big', 'welcome', 'mat', 'lot', 'grandson', 'grandparent', 'return', 'italy', 'drag', 'grand', 'overnighted', 'rome', 'id', 'look', 'pension', 'rather', 'hotel', 'stay', 'place', 'pension', 'since', '1600s']","['fire', '13a', 'pension', 'type', 'lodge', 'europe', 'cheap', 'small', 'local', 'place']",['Italy'],[]
2024,rESOc5PmBx8,"['hi', 'jon', 'bev', 'watch', 'amazing', 'interview', 'cypress', 'room', 'lady', 'know', 'finally', 'time', 'comment', 'husband', 'watch', 'video', 'since', 'decide', 'best', 'life', 'would', 'full', 'time', 'travel', 'two', 'adult', 'daughter', 'process', 'sell', 'everything', 'start', 'journey', 'june', 'meantime', 'live', 'beautiful', 'downtown', 'coeur', 'dalene', 'idaho', 'would', 'love', 'host', 'find', 'area', 'thank', 'much', 'share', 'knowledge', 'experience', 'find', 'video', 'invaluable', 'informative', 'truly', 'inspire', 'u']","['thank', 'much', 'lovely', 'offer', 'would', 'please', 'send', 'u', 'email', 'website', 'instagram', 'wed', 'love', 'meet', 'sometime', 'john', 'bev']",['United States'],['United States']
2024,rESOc5PmBx8,"['thanks', 'great', 'video', 'lucky', 'benefit', 'experience']","['pleasure', 'thanks', 'watch', 'follow', 'along', 'u', 'happy', 'journey', 'john', 'bev']",[],['United States']
2024,rESOc5PmBx8,"['new', 'zealand', 'dream', 'slow', 'travel', 'imagine', 'soaking', 'stunning', 'landscape', 'comfort', 'scenic', 'train', 'ride']","['train', 'new', 'zealand', 'love', 'happy', 'journey', 'john', 'bev']",[],[]
2024,rESOc5PmBx8,"['new', 'zealand', 'dream', 'slow', 'travel', 'imagine', 'soaking', 'stunning', 'landscape', 'comfort', 'scenic', 'train', 'ride']","['retirementtravelers', 'glad', 'hear', 'enjoy']",[],[]
2024,rESOc5PmBx8,"['great', 'list', 'nice', 'see', 'new', 'zealand', 'include', 'pleasure', 'visit', 'several', 'year', 'ago', 'well', 'great', 'opportunity', 'live', 'greece', 'year', 'child']","['thanks', 'love', 'new', 'zealand', 'greece', 'thanks', 'watch', 'happy', 'journey', 'john', 'bev']","['France', 'Greece']",['Greece']
2024,rESOc5PmBx8,"['northern', 'spain', 'favorite', 'thank', 'interesting', 'video']","['glad', 'enjoy', 'thank', 'watch', 'happy', 'journey', 'john', 'bev']",['Spain'],[]
2024,rESOc5PmBx8,"['would', 'add', 'prague', 'enchant', 'city', 'offer', 'great', 'food', 'beer', 'reasonable', 'price', 'free', 'public', 'transit', 'include', 'funicular', 'hill', 'senior', 'opera', 'symphony', 'kula', 'lumpur', 'another', 'city', 'literally', 'inexpensive', 'delicious', 'food', 'additional', 'affordable', 'rent', 'though', 'cultural', 'activity', 'limit']","['love', 'prague', 'head', 'back', 'next', 'fall', 'year', 'enjoy', 'kl', 'well', 'want', 'go', 'back', 'happy', 'journey', 'john', 'bev']",['Czech Republic'],['Czech Republic']
2024,rESOc5PmBx8,"['useful', 'entertaining', 'video', 'accommodation', 'location', 'travel', 'vlogers', 'usually', 'encourage', 'reserve', 'accommodation', 'week', 'advance', 'seem', 'impractical', 'spontaneous', 'explore']","['travel', 'schedule', 'usually', 'plan', 'well', 'advance', 'typically', 'stay', 'hotel', 'happy', 'journey', 'john', 'bev']",[],[]
2024,rESOc5PmBx8,"['come', 'back', 'switzerlandwe', 'go', 'back', 'next', 'yearabsolutely', 'gorgeous']","['cant', 'wait', 'return', 'switzerland', 'thanks', 'share', 'happy', 'journey', 'john', 'bev']",[],['Switzerland']
2024,rESOc5PmBx8,"['come', 'back', 'switzerlandwe', 'go', 'back', 'next', 'yearabsolutely', 'gorgeous']","['beautiful', 'place']",[],[]
2024,rESOc5PmBx8,"['love', 'zagreb', 'croatia']","['great', 'time', 'zagreb', 'thanks', 'share', 'happy', 'journey', 'john', 'bev']",['Croatia'],[]
2024,rESOc5PmBx8,"['would', 'rather', 'go', 'new', 'place', 'ive', 'yet', 'experience', 'rather', 'return', 'place', 'ive', 'already', 'even', 'applies', 'place', 'ive', 'love', 'new', 'zealand', 'exception', 'id', 'happily', 'go', 'back', 'drop', 'hat']","['u', 'weve', 'country', 'love', 'visit', 'nearly', 'new', 'zealand', 'definitely', 'near', 'top', 'happy', 'journey', 'john', 'bev']",[],['United States']
2024,rESOc5PmBx8,"['great', 'video', 'thanks', 'give', 'u', 'many', 'idea']","['welcome', 'thanks', 'watch', 'happy', 'journey', 'john', 'bev']",['United States'],[]
2024,rESOc5PmBx8,"['great', 'video', 'think', 'mexico', 'would', 'list']","['love', 'mexico', 'put', 'much', 'mexico', 'content', 'lately', 'want', 'share', 'place', 'love', 'thanks', 'watch', 'happy', 'journey', 'john', 'bev']",['Mexico'],['Mexico']
2024,rESOc5PmBx8,"['love', 'list', 'go', 'europe', 'month', 'early', 'next', 'year', 'month', 'spain', 'month', 'crete', 'part']","['enjoy', 'happy', 'journey', 'john', 'bev']",['Spain'],[]
2024,rESOc5PmBx8,"['love', 'list', 'go', 'europe', 'month', 'early', 'next', 'year', 'month', 'spain', 'month', 'crete', 'part']","['would', 'take', 'advantage', 'opportunity', 'strengthen', 'financial', 'future', 'protect', 'retirement', 'create', 'lasting', 'legacy', 'let', 'go']",['Spain'],[]
2024,rESOc5PmBx8,"['agree', 'choice', 'love', 'month', 'location', 'mexico', 'would', 'list', 'well', 'many', 'different', 'region', 'different', 'food', 'speciality', 'haha', 'might', 'easy', 'list', 'country', 'wouldnt', 'want', 'stay', 'month']","['spend', 'time', 'mexico', 'love', 'many', 'great', 'country', 'visit', 'happy', 'journey', 'john', 'bev']",['Mexico'],['Mexico']
2024,rESOc5PmBx8,"['agree', 'choice', 'love', 'month', 'location', 'mexico', 'would', 'list', 'well', 'many', 'different', 'region', 'different', 'food', 'speciality', 'haha', 'might', 'easy', 'list', 'country', 'wouldnt', 'want', 'stay', 'month']","['would', 'take', 'advantage', 'opportunity', 'strengthen', 'financial', 'future', 'protect', 'retirement', 'create', 'lasting', 'legacy', 'let', 'go']",['Mexico'],[]
2024,rESOc5PmBx8,"['good', 'info', 'would', 'helpful', 'include', 'visa', 'need', 'country', 'direct', 'u', 'website', 'also', 'reminder', 'schengen', 'rule', 'first', 'timer']","['thanks', 'suggestion', 'weve', 'previous', 'video', 'schengen', 'zone', 'overview', 'rule', 'happy', 'journey', 'john', 'bev']",['United States'],[]
2024,rESOc5PmBx8,"['great', 'video', 'panama', 'medellin', 'favorite', 'thank']","['pleasure', 'like', 'place', 'happy', 'journey', 'john', 'bev']",['Panama'],[]
2024,rESOc5PmBx8,"['taiwan', 'stay', 'day', 'definitely', 'one', 'country', 'worth', 'long', 'stay']","['great', 'choice', 'blast', 'taiwan', 'happy', 'journey', 'john', 'bev']",['Taiwan'],['Taiwan']
2024,rESOc5PmBx8,"['fantastic', 'video', 'thank', 'much', 'think', 'hit', 'nearly', 'favorite', 'id', 'add', 'budapest', 'love', 'walk', 'must', 'hard', 'pick', 'bless']","['glad', 'enjoy', 'budapest', 'definitely', 'near', 'top', 'u', 'happy', 'journey', 'john', 'bev']",[],['United States']
2024,rESOc5PmBx8,"['fabulous', 'thank']","['welcome', 'thanks', 'happy', 'journey', 'john', 'bev']",[],[]
2024,rESOc5PmBx8,"['great', 'video']","['glad', 'enjoy', 'thank', 'watch', 'happy', 'journey', 'john', 'bev']",[],[]
2024,rESOc5PmBx8,"['agree', 'country', 'great', 'slow', 'travel', 'thatbut', 'money', 'bulgaria', 'albania', 'new', 'frontier', 'slow', 'travel', 'cheap', 'cheap', 'cheap', 'sweet', 'people', 'great', 'food', 'natural', 'beauty', 'interesting', 'historyculture']","['thanks', 'share', 'bulgaria', 'albania', 'could', 'easily', 'make', 'list', 'happy', 'journey', 'john', 'bev']","['Bulgaria', 'Albania']","['Bulgaria', 'Albania']"
2024,rESOc5PmBx8,"['agree', 'country', 'great', 'slow', 'travel', 'thatbut', 'money', 'bulgaria', 'albania', 'new', 'frontier', 'slow', 'travel', 'cheap', 'cheap', 'cheap', 'sweet', 'people', 'great', 'food', 'natural', 'beauty', 'interesting', 'historyculture']","['stage', 'life', 'youve', 'work', 'would', 'say', 'yes', 'opportunity', 'could', 'enhance', 'financial', 'future', 'also', 'ensure', 'lasting', 'legacy', 'loved', 'one']","['Bulgaria', 'Albania']",[]
2024,rESOc5PmBx8,"['great', 'list', 'thanks', 'share', 'cant', 'argue', 'choice', 'havent', 'poland', 'schedule', 'fall', 'maybe', 'well', 'cross', 'path', 'country', 'would', 'add', 'chile', 'incredible', 'diversity', 'landscape', 'climate', 'north', 'south', 'excellent', 'wine', 'visit', 'easter', 'island', 'remote', 'inhabited', 'place', 'earthits', 'really', 'amazing', 'place', 'keep', 'return', 'three', 'month', 'go', 'top', 'bottom', 'would', 'incredible', 'portugal', 'many', 'thing', 'see', 'experience', 'small', 'country', 'plus', 'two', 'different', 'island', 'opportunity', 'azores', 'madeira', 'beautiful', 'favorite', 'mine', 'vietnam', 'major', 'city', 'lay', 'back', 'beach', 'communities', 'food', 'friendly', 'people', 'every', 'time', 'go', 'find', 'place', 'wasnt', 'aware', 'need', 'add', 'list', 'youd', 'shortage', 'option', 'three', 'month', 'vietnam', 'thanks', 'share']","['never', 'go', 'rio', 'beautiful', 'city', 'world', 'go', 'ipanema', 'every', 'two', 'month']","['Poland', 'Portugal', 'Chile', 'Vietnam']",['Brazil']
2024,rESOc5PmBx8,"['great', 'list', 'thanks', 'share', 'cant', 'argue', 'choice', 'havent', 'poland', 'schedule', 'fall', 'maybe', 'well', 'cross', 'path', 'country', 'would', 'add', 'chile', 'incredible', 'diversity', 'landscape', 'climate', 'north', 'south', 'excellent', 'wine', 'visit', 'easter', 'island', 'remote', 'inhabited', 'place', 'earthits', 'really', 'amazing', 'place', 'keep', 'return', 'three', 'month', 'go', 'top', 'bottom', 'would', 'incredible', 'portugal', 'many', 'thing', 'see', 'experience', 'small', 'country', 'plus', 'two', 'different', 'island', 'opportunity', 'azores', 'madeira', 'beautiful', 'favorite', 'mine', 'vietnam', 'major', 'city', 'lay', 'back', 'beach', 'communities', 'food', 'friendly', 'people', 'every', 'time', 'go', 'find', 'place', 'wasnt', 'aware', 'need', 'add', 'list', 'youd', 'shortage', 'option', 'three', 'month', 'vietnam', 'thanks', 'share']","['thanks', 'suggestion', 'happy', 'journey', 'john', 'bev']","['Poland', 'Portugal', 'Chile', 'Vietnam']",[]
2024,rESOc5PmBx8,"['favorite', 'youtubers', 'youtubers', 'copy', 'right', 'leave', 'keep', 'authentic', 'best']","['thanks', 'much', 'kind', 'comment', 'happy', 'journey', 'john', 'bev']",[],[]
2024,rESOc5PmBx8,"['snow', 'curt', 'live', 'columbia', 'many', 'month', 'snow', 'go', 'knee', 'operation', 'wonderful', 'time', 'make', 'want', 'go', 'sure', 'thank', 'video', 'greeting', 'camilla', 'denmark']","['thanks', 'share', 'happy', 'journey', 'john', 'bev']",['Denmark'],[]
2024,rESOc5PmBx8,"['list', 'best']","['thanks', 'much', 'glad', 'find', 'helpful', 'happy', 'journey', 'john', 'bev']",[],[]
2024,rESOc5PmBx8,"['ah', 'travel', 'lust']","['thanks', 'happy', 'journey', 'john', 'bev']",[],[]
2024,rESOc5PmBx8,"['hello', 'ouray', 'colorado', 'awesome', 'video', 'thank', 'much', 'share', 'experience', 'great', 'gathering', 'spot', 'someone', 'could', 'start', 'travel', 'bonanza', 'right', 'foot', 'personally', 'would', 'interested', 'start', 'mediterranean', 'list', 'really', 'really', 'enjoy', 'confluence', 'european', 'history', 'crystal', 'clear', 'warm', 'water', 'since', '30th', 'anniversary', 'trip', 'greece', 'cancel', 'due', 'covid', 'would', 'bonus', 'finally', 'get', 'also', 'enjoy', 'central', 'south', 'american', 'list', 'live', 'panama', 'year', 'kid', 'middle', 'school', 'graduate', 'high', 'school', 'would', 'love', 'return', 'wife', 'buti', 'need', 'strategically', 'plan', 'humidity', 'sit', 'well', 'would', 'spend', 'christmas', 'costa', 'rica', 'worldly', 'treasure', 'protected', 'land', 'guess', 'columbia', 'would', 'best', 'latin', 'american', 'start', 'point', 'weather', 'mild', 'start', 'bag', 'travel', 'practice', 'tom', 'toc', 'labor', 'day', 'sale', 'get', 'one', 'liter', 'bag', 'travel', 'work', 'practice', 'carry', 'complete', 'trip', 'since', 'labor', 'dayand', 'glorious', 'check', 'bag', 'airport', 'need', 'refine', 'wardrobe', 'well', 'figure', 'way', 'incorporate', 'personal', 'bag', 'runningwalking', 'shoe', 'cpap', 'dominate', 'l', 'bag', 'much', 'since', 'tom', 'toc', 'bag', 'set', 'attach', 'personal', 'bag', 'like', 'osprey', 'system', 'currently', 'think', 'sling', 'bag', 'put', 'electronics', 'flight', 'need', 'equipment', 'safe', 'travel']","['thanks', 'share', 'great', 'information', 'happy', 'journey', 'john', 'bev']","['Greece', 'Panama']",[]
2024,rESOc5PmBx8,"['cute', 'girl', 'spanish', 'segment']","['thats', 'granddaughter', 'family', 'meet', 'u', 'spain', 'summer', 'happy', 'journey', 'john', 'bev']",[],"['Spain', 'United States']"
2024,rESOc5PmBx8,"['love', 'video', 'website', 'due', 'husband', 'health', 'move', 'little', 'early', 'slo', 'go', 'year', 'often', 'walk', 'cane', 'move', 'slow', 'place', 'suggest', 'long', 'term', 'travel', 'affordable', 'travel', 'extensively', 'past', 'year', 'love', 'new', 'zealand', 'italy', 'france', 'suggestion', 'appreciate']","['thanks', 'much', 'regard', 'affordable', 'colombia', 'india', 'south', 'africa', 'lao', 'vietnam', 'option', 'happy', 'journey', 'john', 'bev']","['France', 'Italy']","['Colombia', 'Vietnam', 'India']"
2024,rESOc5PmBx8,"['guess', 'make', 'right', 'choice', 'head', 'cartagena', 'panama', 'city', 'next', 'couple', 'week', 'im', 'leave', 'month', 'sea', 'travel']","['awesome', 'place', 'hope', 'great', 'trip', 'happy', 'journey', 'john', 'bev']",['Panama'],[]
2024,rESOc5PmBx8,"['robert', 'age', 'pound', 'want', 'lose', 'weight', 'also', 'health', 'ok', 'want', 'visit', 'country', 'month', 'lose', 'weight', 'get', 'good', 'health', 'want', 'safe', 'warm', 'weather', 'month', 'decmarch', 'please', 'help', 'thank', 'also', 'want', 'hotelresort', 'thing']",[],[],[]
2024,rESOc5PmBx8,"['safe', 'philippine', 'reputation', 'kidnapping', 'get', 'news', 'recently', 'june', 'ap', 'news', 'police', 'kidnap', 'foreign', 'tourist', 'ransom']","['felt', 'safe', 'area', 'go', 'certainly', 'careful', 'everywhere', 'happy', 'journey', 'john', 'bev']",['Philippines'],[]
2024,rESOc5PmBx8,"['safe', 'philippine', 'reputation', 'kidnapping', 'get', 'news', 'recently', 'june', 'ap', 'news', 'police', 'kidnap', 'foreign', 'tourist', 'ransom']","['retirementtravelers', 'country', 'list', 'dont', 'issue', 'seem', 'worth', 'point', 'kidnap', 'something', 'avoid', 'vigilant', 'state', 'department', 'advisory', 'say', 'exercise', 'increase', 'caution', 'due', 'crime', 'terrorism', 'civil', 'unrest', 'kidnapping']",['Philippines'],[]
2024,rESOc5PmBx8,"['safe', 'philippine', 'reputation', 'kidnapping', 'get', 'news', 'recently', 'june', 'ap', 'news', 'police', 'kidnap', 'foreign', 'tourist', 'ransom']","['mtndudesf', 'see', 'similar', 'statement', 'state', 'department', 'many', 'country', 'around', 'world', 'philippine', 'level', 'spain', 'safe', 'european', 'country', 'like', 'france', 'belgium', 'denmark', 'ive', 'philippine', 'safe', 'friendly', 'englishspeaking', 'people', 'miss', 'wonderful', 'place', 'blanket', 'statement', 'state', 'department', 'put', 'would', 'shame']",['Philippines'],"['Philippines', 'Spain', 'Belgium', 'France', 'Denmark']"
2024,rESOc5PmBx8,"['safe', 'philippine', 'reputation', 'kidnapping', 'get', 'news', 'recently', 'june', 'ap', 'news', 'police', 'kidnap', 'foreign', 'tourist', 'ransom']","['nomadjim', 'show', 'country', 'list', 'mention', 'kidnapping', 'terrorism', 'state', 'department']",['Philippines'],[]
2024,rESOc5PmBx8,"['safe', 'philippine', 'reputation', 'kidnapping', 'get', 'news', 'recently', 'june', 'ap', 'news', 'police', 'kidnap', 'foreign', 'tourist', 'ransom']","['nomadjim', 'outside', 'africa', 'middle', 'east', 'state', 'department', 'mention', 'kidnap', 'following', 'country', 'sorry', 'france', 'belgium', 'denmark', 'spain', 'mexico', 'peru', 'colombia', 'ecuador', 'honduras', 'bangladesh', 'papua', 'new', 'guinea', 'pakistan', 'malaysia', 'philippine', 'haiti', 'trinidad', 'tobago', 'venezuela']",['Philippines'],"['Ecuador', 'Peru', 'Spain', 'Colombia', 'Bangladesh', 'Malaysia', 'Honduras', 'Belgium', 'Philippines', 'Haiti', 'Guinea', 'Mexico', 'France', 'Pakistan', 'Denmark']"
2024,rESOc5PmBx8,"['greece', 'favorite', 'country', 'vacation']","['spend', 'may', 'really', 'love']",['Greece'],[]
2024,rESOc5PmBx8,"['greece', 'favorite', 'country', 'vacation']","['greece', 'amaze', 'happy', 'journey', 'john', 'bev']",['Greece'],['Greece']
2024,rESOc5PmBx8,"['greece', 'favorite', 'country', 'vacation']",[],['Greece'],['Greece']
2024,rESOc5PmBx8,"['ah', 'travel']","['travel', 'wonderful']",[],[]
2024,rESOc5PmBx8,"['ah', 'travel']","['would', 'take', 'advantage', 'opportunity', 'strengthen', 'financial', 'future', 'protect', 'retirement', 'create', 'lasting', 'legacy', 'let', 'go']",[],[]
2024,rESOc5PmBx8,"['try', 'something', 'totally', 'different', 'small', 'kingdom', 'denmark', 'copenhagen', 'bornholm', 'west', 'coast', 'jutland', 'skagen', 'island', 'greenland', 'list', 'go']","['great', 'suggestion', 'thanks', 'happy', 'journey', 'john', 'bev']","['Greenland', 'Denmark']",[]
2024,rESOc5PmBx8,"['try', 'something', 'totally', 'different', 'small', 'kingdom', 'denmark', 'copenhagen', 'bornholm', 'west', 'coast', 'jutland', 'skagen', 'island', 'greenland', 'list', 'go']","['bornholm', 'look', 'awesome']","['Greenland', 'Denmark']",[]
2025,rESOc5PmBx8,"['georgia', 'country', 'state']","['list', 'havent', 'yet', 'john', 'bev']",['Georgia'],[]
2024,rESOc5PmBx8,"['recommend', 'place', 'think', 'important', 'recognize', 'might', 'safe', 'may', 'safe', 'others', 'latina', 'poland', 'would', 'extremely', 'unsafe', 'rise', 'white', 'nationalism', 'create', 'dangerous', 'environment', 'white']","['wonderful', 'time', 'poland', 'meet', 'incredible', 'people', 'race', 'think', 'might', 'information', 'wrong', 'one', 'could', 'wrong', 'youve', 'experience', 'bad', 'situation', 'would', 'interested', 'know', 'future', 'reference', 'john', 'bev']",['Poland'],['Poland']
2024,rESOc5PmBx8,"['finish', 'month', 'albufeira', 'porto', 'cascais', 'incredible', 'fun']","['beautiful', 'place', 'thanks', 'share', 'happy', 'journey', 'john', 'bev']",[],[]
2024,rESOc5PmBx8,"['great', 'information', 'thank']","['glad', 'helpful', 'happy', 'journey', 'john', 'bev']",[],[]
2024,rESOc5PmBx8,"['quite', 'happy', 'find', 'channel', 'wife', 'retire', 'year', 'time', 'age', 'spending', 'time', 'favorite', 'country', 'around', 'month', 'time', 'definitely', 'plan', 'least', 'next', 'decade', 'glad', 'see', 'favorite', 'country', 'list', 'consider', 'centralsouth', 'american', 'country', 'well', 'originally', 'philippine', 'really', 'glad', 'enjoy', 'stay', 'im', 'surprised', 'dont', 'italy', 'list', 'along', 'spain', 'nz', 'top', 'especially', 'love', 'tuscany', 'couldnt', 'wait', 'stay', 'much', 'long', 'duration', 'week', 'normally', 'spend', 'finally', 'id', 'also', 'recommend', 'western', 'europe', 'germany', 'france', 'benelux', 'switzerland', 'long', 'term', 'stay', 'within', 'hour', 'drive', 'course', 'train', 'ride', 'live', 'germany', 'year', 'still', 'think', 'lot', 'ground', 'cover', 'area']","['thank', 'comment', 'love', 'italy', 'plan', 'return', 'future', 'germany', 'france', 'switzerland', 'great', 'idea', 'weve', 'visit', 'need', 'return', 'john', 'bev']","['Philippines', 'Spain', 'Italy', 'France', 'Germany', 'Switzerland']","['France', 'Germany', 'Italy', 'Switzerland']"
2024,rESOc5PmBx8,"['alot', 'choice', 'house', 'minute', 'montezuma', 'costa', 'rica', 'wonderful', 'area', 'retire', 'mid', 'explore', 'country', 'list']","['thats', 'awesome', 'great', 'time', 'costa', 'rica', 'happy', 'journey', 'john', 'bev']",[],[]
2024,rESOc5PmBx8,[],"['thanks', 'happy', 'journey', 'john', 'bev']",[],[]
2024,rESOc5PmBx8,"['great', 'video', 'topic', 'three', 'month', 'stay', 'draw', 'watch', 'great', 'location', 'consider', 'id', 'love', 'see', 'series', 'like', 'base', 'cooler', 'warm', 'location', 'love', 'sweatshirt', 'weather', 'get', 'back', 'north', 'wale', 'great', 'sweatshirt', 'weather', 'location', 'would', 'recommend', 'know', 'others', 'love', 'hot', 'weather', 'place', 'would', 'another', 'great', 'video', 'something', 'like', 'open', 'suggestion', 'thanks', 'great', 'content']","['great', 'suggestion', 'thanks', 'typically', 'dont', 'go', 'cold', 'place', 'layer', 'place', 'like', 'scotland', 'ireland', 'norway', 'etc']",['United Kingdom'],"['Norway', 'United Kingdom', 'Ireland']"
2024,rESOc5PmBx8,"['wow', 'excellent', 'video', 'much', 'pack', 'short', 'time', 'save', 'since', 'retire', 'next', 'year', 'great', 'job', 'guy', 'nail']","['glad', 'helpful', 'good', 'luck', 'retirement', 'planning', 'john', 'bev']",[],[]
2024,rESOc5PmBx8,"['thank', 'include', 'country', 'philippine']","['pleasure', 'love', 'philippine', 'happy', 'journey', 'john', 'bev']",['Philippines'],['Philippines']
2024,rESOc5PmBx8,"['thank', 'inspire', 'video', 'remember', 'one', 'video', 'speak', 'virtual', 'mailbox', 'service', 'use', 'im', 'unable', 'find', 'particular', 'video', 'refresh', 'memory', 'service', 'recommend', 'wife', 'inspire', 'two', 'visit', 'remain', 'national', 'park', 'one', 'year', 'could', 'please', 'share', 'video', 'speak', 'virtual', 'mailbox', 'service', 'thank']","['thanks', 'watch', 'love', 'national', 'park', 'take', 'u', 'year', 'one', 'year', 'ambitious', 'link', 'virtual', 'mailbox', 'put', 'description', 'video', 'rvmail', 'service', 'good', 'luck', 'planning', 'let', 'u', 'know', 'assistance', 'john', 'bev']",[],['United States']
2024,rESOc5PmBx8,"['great', 'info']","['glad', 'helpful', 'happy', 'journey', 'john', 'bev']",[],[]
2024,rESOc5PmBx8,"['great', 'brief', 'detailed', 'overview', 'location', 'thanks', 'much']","['glad', 'enjoy', 'thank', 'watch', 'happy', 'journey', 'john', 'bev']",[],[]
2024,rESOc5PmBx8,"['great', 'list', 'many', 'awesome', 'place', 'see', 'future']","['glad', 'enjoy', 'happy', 'journey', 'john', 'bev']",[],[]
2024,rESOc5PmBx8,"['great', 'video', 'guy', 'crete', 'recently', 'already', 'plan', 'return', 'bev', 'like', 'long', 'hair']","['awesome', 'thank', 'glad', 'enjoy', 'crete', 'happy', 'journey', 'john', 'bev']",[],[]
2024,rESOc5PmBx8,"['great', 'video', 'one', 'best', 'love', 'jump', 'nononsense', 'informative']","['glad', 'helpful', 'thanks', 'happy', 'journey', 'john', 'bev']",[],[]
2024,rESOc5PmBx8,"['great', 'video', 'give', 'lot', 'food', 'thought']","['glad', 'helpful', 'thanks', 'follow', 'along', 'happy', 'journey', 'john', 'bev']",[],[]
2024,rESOc5PmBx8,"['really', 'interesting', 'choice', 'thanks']","['thanks', 'glad', 'like', 'happy', 'journey', 'john', 'bev']",[],[]
2024,rESOc5PmBx8,"['agree', 'pick', 'many', 'favorite', 'however', 'miss', 'vietnam', 'ho', 'chi', 'minh', 'da', 'nang', 'within', 'anyones', 'budget']","['many', 'hard', 'choice', 'love', 'time', 'vietnam', 'well', 'happy', 'journey', 'john', 'bev']",['Vietnam'],['Vietnam']
2024,rESOc5PmBx8,"['past', 'spring', 'spend', 'lot', 'time', 'croatia', 'place', 'go', 'plus', 'trogir', 'absolutely', 'see', 'u', 'stay', 'least', 'month', 'two', 'zagreb', 'alone', 'market', 'people', 'cool', 'city', 'laid', 'back', 'spend', 'week', 'albania', 'would', 'say', 'would', 'go', 'back', 'albania', 'heartbeat', 'people', 'amazing', 'town', 'unique', 'tirana', 'city', 'welcoming', 'interesting', 'love', 'greece', 'well', 'island', 'whole', 'country', 'cant', 'go', 'wrong', 'renew', 'interest', 'colombia', 'thanks', 'video']","['thanks', 'glad', 'find', 'helpful', 'really', 'enjoy', 'albania', 'well', 'definitely', 'want', 'go', 'back', 'happy', 'journey', 'john', 'bev']","['Colombia', 'Albania', 'United States', 'Greece', 'Croatia']",['Albania']
2024,rESOc5PmBx8,"['isolate', 'problem', 'area', 'main', 'still', 'louis', 'armstrong', 'sing', 'wonderful', 'world']","['agree', 'completely', 'thanks', 'happy', 'journey', 'john', 'bev']",[],[]
2024,rESOc5PmBx8,"['awesome', 'video', 'cant', 'fault', 'choice', 'really', 'amazing', 'long', 'term', 'experience', 'could', 'easily', 'spend', 'three', 'month', 'go', 'back', 'turkey', 'travelingand', 'eat', 'around', 'various', 'city', 'fell', 'love', 'cost', 'effective', 'location', 'well', 'cost', 'spectrum', 'could', 'easily', 'spend', 'three', 'month', 'australia', 'make', 'way', 'east', 'coast', 'melbourne', 'sydney', 'brisbane', 'cairn', 'darwin', 'much', 'see', 'people', 'fantastic', 'inexpensive', 'travel', 'location', 'worth']","['thanks', 'share', 'turkey', 'australia', 'amazing', 'place', 'well', 'happy', 'journey', 'john', 'bev']","['Turkey', 'Australia']","['Turkey', 'Australia']"
2024,rESOc5PmBx8,"['love', 'video', 'many', 'great', 'place', 'still', 'need', 'visit']","['yes', 'hope', 'get', 'see', 'happy', 'journey', 'john', 'bev']",[],[]
2024,rESOc5PmBx8,"['super', 'video', 'great', 'info', 'thanks', 'share', 'perspective', 'experience']","['glad', 'enjoy', 'thank', 'watch', 'happy', 'journey', 'john', 'bev']",[],[]
2024,rESOc5PmBx8,"['great', 'location']","['thanks', 'glad', 'enjoy', 'happy', 'journey', 'john', 'bev']",[],[]
2024,rESOc5PmBx8,"['good', 'job', 'two', 'guatemala', 'shortly', 'go', 'panama', 'take', 'care']","['thanks', 'guatemala', 'could', 'easily', 'list', 'love', 'time', 'antigua', 'lake', 'atitlan', 'happy', 'journey', 'john', 'bev']","['Panama', 'Guatemala']",['Guatemala']
2024,rESOc5PmBx8,"['current', 'exchange', 'rate', 'japan', 'good', 'place', 'travel', 'would', 'best', 'learn', 'basic', 'japanese']","['agree', 'plan', 'visit', 'month', 'next', 'year', 'happy', 'journey', 'john', 'bev']",['Japan'],[]
2025,rESOc5PmBx8,"['hello', 'please', 'make', 'one', 'video', 'country', 'best', 'saving', 'save', 'enough', 'travel', 'wait', 'response', 'thanks']","['great', 'idea', 'consider', 'future', 'video', 'john', 'bev']",[],[]
2025,rESOc5PmBx8,"['hello', 'please', 'make', 'one', 'video', 'country', 'best', 'saving', 'save', 'enough', 'travel', 'wait', 'response', 'thanks']","['retirementtravelers', 'please', 'make', 'similar', 'video', 'like', 'top', 'best', 'country', 'save', 'something', 'like']",[],[]
2024,rESOc5PmBx8,"['last', 'time', 'go', 'medellin', 'refuse', 'rain', 'entire', 'day', 'like', 'cooler', 'temp', 'still', 'fun', 'place']","['glad', 'enjoy', 'happy', 'journey', 'john', 'bev']",[],[]
2024,rESOc5PmBx8,"['last', 'time', 'go', 'medellin', 'refuse', 'rain', 'entire', 'day', 'like', 'cooler', 'temp', 'still', 'fun', 'place']","['could', 'take', 'step', 'today', 'create', 'lasting', 'financial', 'security', 'family', 'one', 'ensure', 'comfort', 'stability', 'generation', 'would']",[],[]
2024,rESOc5PmBx8,"['spend', 'week', 'albania', 'incredible', 'euro', 'coffee', 'e', 'beer', 'euro', 'accommodation', 'unreal']","['love', 'albania', 'hospitality', 'roof', 'glad', 'great', 'time', 'beautiful', 'country', 'definately', 'back', 'thanks', 'subscribe', 'john', 'bev']",['Albania'],['Albania']
2024,rESOc5PmBx8,"['spend', 'week', 'albania', 'incredible', 'euro', 'coffee', 'e', 'beer', 'euro', 'accommodation', 'unreal']","['path', 'great', 'financial', 'freedom', 'security', 'right', 'front', 'one', 'could', 'positively', 'impact', 'future', 'also', 'childrens', 'grandchildrens', 'would', 'walk', 'turn', 'away']",['Albania'],[]
2024,rESOc5PmBx8,"['plan', 'threemonths', 'immersion', 'retire', 'accord', 'current', 'plan', 'late', 'top', 'three', 'threemonth', 'stay', 'three', 'country', 'list', 'slovenia', 'portugal', 'chile', 'slovenia', 'possibly', 'beautiful', 'country', 'ive', 'visit', 'although', 'number', 'country', 'visit', 'less', 'half', 'portugal', 'obvious', 'choice', 'since', 'want', 'portuguese', 'language', 'immersion', 'ill', 'stay', 'away', 'algarve', 'south', 'englishlanguage', 'friendly', 'immersion', 'chile', 'favorite', 'latin', 'america', 'colombia', 'wouldve', 'list', 'although', 'prefer', 'bogota', 'san', 'franciscolike', 'weather', 'medellin', 'san', 'diegolike', 'weather', 'fear', 'colombia', 'rapidly', 'move', 'wrong', 'direction', 'politically', 'definitely', 'prefer', 'south', 'america', 'central', 'america', 'many', 'reason', 'maybe', 'four', 'six', 'week', 'stay', 'guatemala', 'el', 'salvador', 'would', 'fun']","['country', 'love', 'could', 'easily', 'make', 'list', 'share', 'concern', 'colombia', 'past', 'experience', 'great', 'happy', 'journey', 'john', 'bev']","['Colombia', 'Slovenia', 'Guatemala', 'United States', 'Portugal', 'Chile']",['Colombia']
2024,rESOc5PmBx8,"['plan', 'threemonths', 'immersion', 'retire', 'accord', 'current', 'plan', 'late', 'top', 'three', 'threemonth', 'stay', 'three', 'country', 'list', 'slovenia', 'portugal', 'chile', 'slovenia', 'possibly', 'beautiful', 'country', 'ive', 'visit', 'although', 'number', 'country', 'visit', 'less', 'half', 'portugal', 'obvious', 'choice', 'since', 'want', 'portuguese', 'language', 'immersion', 'ill', 'stay', 'away', 'algarve', 'south', 'englishlanguage', 'friendly', 'immersion', 'chile', 'favorite', 'latin', 'america', 'colombia', 'wouldve', 'list', 'although', 'prefer', 'bogota', 'san', 'franciscolike', 'weather', 'medellin', 'san', 'diegolike', 'weather', 'fear', 'colombia', 'rapidly', 'move', 'wrong', 'direction', 'politically', 'definitely', 'prefer', 'south', 'america', 'central', 'america', 'many', 'reason', 'maybe', 'four', 'six', 'week', 'stay', 'guatemala', 'el', 'salvador', 'would', 'fun']","['agree', 'slovenia', 'wonderful', 'inexpensive', 'day', 'chile', 'challenge', 'since', 'collapse', 'venezuala', 'homework', 'go', 'sure', 'safe', 'columbia', 'day', 'probably', 'depend', 'city', 'visit', 'country', 'fairly', 'safe', 'others']","['Colombia', 'Slovenia', 'Guatemala', 'United States', 'Portugal', 'Chile']","['Chile', 'Slovenia']"
2024,rESOc5PmBx8,"['hi', 'love', 'ireland', 'country', 'easily', 'spend', 'month', 'use', 'county', 'base', 'easily', 'travel', 'throughout', 'start', 'dublin', 'travel', 'several', 'county', 'week', 'easily', 'could', 'spend', 'month', 'people', 'warm', 'friendly', 'every', 'county', 'unique', 'beautiful']",[],['Ireland'],"['Ireland', 'United States']"
2024,rESOc5PmBx8,"['hi', 'love', 'ireland', 'country', 'easily', 'spend', 'month', 'use', 'county', 'base', 'easily', 'travel', 'throughout', 'start', 'dublin', 'travel', 'several', 'county', 'week', 'easily', 'could', 'spend', 'month', 'people', 'warm', 'friendly', 'every', 'county', 'unique', 'beautiful']","['would', 'take', 'advantage', 'opportunity', 'strengthen', 'financial', 'future', 'protect', 'retirement', 'create', 'lasting', 'legacy', 'let', 'go']",['Ireland'],[]
2024,rESOc5PmBx8,"['new', 'zealand', 'look', 'stun', 'isnt', 'super', 'expensive', 'id', 'love', 'hear', 'thought', 'cost', 'long', 'stay']","['yes', 'new', 'zealand', 'costly', 'understanding', 'small', 'town', 'arent', 'expensive', 'get', 'youre', 'come', 'u', 'expensive', 'incredible', 'would', 'worth', 'work', 'could', 'go', 'john', 'bev']",[],['United States']
2024,rESOc5PmBx8,"['new', 'zealand', 'look', 'stun', 'isnt', 'super', 'expensive', 'id', 'love', 'hear', 'thought', 'cost', 'long', 'stay']","['yes', 'nz', 'expensive', 'life', 'time', 'experience', 'also', 'exchange', 'rate', 'might', 'advantageous', 'u', 'euro', 'like']",[],['United States']
2025,rESOc5PmBx8,[],"['glad', 'enjoy', 'john', 'bev']",[],[]
2025,rESOc5PmBx8,"['love', 'video', 'always', 'full', 'great', 'information']","['thanks', 'much', 'john', 'bev']",[],[]
2025,rESOc5PmBx8,"['krakow', 'amaze', 'highlight', 'country', 'tour', 'eastern', 'europe']","['also', 'love', 'krakow', 'thanks', 'share', 'john', 'bev']",[],[]
2025,rESOc5PmBx8,"['im', 'expat', 'living', 'philippine', 'ive', 'see', 'big', 'city', 'small', 'town', 'doubt', 'ill', 'remain', 'much', 'long', 'time', 'move', 'travel', 'advice', 'greatly', 'help', 'wonder', 'country', 'georgia', 'would', 'recommend', 'sub', 'btw']","['thanks', 'sub', 'glad', 'find', 'advice', 'helpful', 'georgia', 'yet', 'definitely', 'list', 'hasnt', 'work', 'happy', 'journey', 'john', 'bev']","['Philippines', 'Georgia']",['Georgia']
2025,rESOc5PmBx8,"['need', 'live', 'malaysia', 'luxury', 'living', 'steal', 'due', 'weak', 'currency', 'incredible', 'diversity', 'food', 'safe', 'clean', 'incredible', 'shopping', 'mall', 'multicultural', 'society', 'main', 'downside', 'heat', 'humidity', 'however', 'live', 'travel', 'airconditioned', 'comfort', 'weather', 'great', 'skin']","['appreciate', 'feedback', 'look', 'future', 'video', 'john', 'bev']",['Malaysia'],[]
2025,rESOc5PmBx8,[],"['appreciate', 'happy', 'travel', 'john', 'bev']",[],[]
2025,rESOc5PmBx8,"['love', 'video', 'love', 'travel', 'chiang', 'mai', 'thailand', 'great', 'city', 'extended', 'stay', 'stay', 'month']","['thanks', 'glad', 'enjoy', 'video', 'chiang', 'mai', 'fun', 'place', 'visit', 'sure', 'happy', 'journey', 'john', 'bev']",['Thailand'],[]
2024,rESOc5PmBx8,[],"['weve', 'love', 'much', 'hoping', 'return', 'soon']",[],[]
2024,rESOc5PmBx8,"['would', 'add', 'brazil', 'natural', 'beauty', 'alone', 'mind', 'blow', 'particular', 'sailing', 'around', 'ilha', 'grande', 'spbig', 'island', 'island', 'carnival', 'also', 'incredible', 'downside', 'crime', 'big', 'city']","['brazil', 'list', 'future', 'thanks', 'share', 'happy', 'journey', 'john', 'bev']",['Brazil'],['Brazil']
2024,rESOc5PmBx8,"['would', 'suggest', 'malaysia', 'sri', 'lanka', 'great', 'long', 'stay', 'destination', 'easy', 'month', 'malaysia', 'borneo', 'month', 'sri', 'lanka', 'good', 'value', 'retiree', 'also', 'consider', 'indonesia', 'java', 'bali', 'lombok', 'great', 'dive', 'indo']","['love', 'place', 'thanks', 'share', 'happy', 'journey', 'john', 'bev']","['Indonesia', 'Malaysia', 'Sri Lanka']",[]
2024,rESOc5PmBx8,"['expected', 'budget', 'place']","['video', 'make', 'travel', 'cost', 'john', 'bev']",[],[]
2024,rESOc5PmBx8,"['great', 'video', 'person', 'slow', 'travel', 'southern', 'thailand', 'year', 'tell', 'much', 'experience', 'many', 'different', 'vibe', 'experience', 'different', 'area', 'gulf', 'coast', 'side', 'koh', 'samui', 'koh', 'tao', 'koh', 'panang', 'enjoyable', 'different', 'love', 'laid', 'back', 'hippie', 'vibe', 'koh', 'tao', 'diving', 'snd', 'snorkel', 'koh', 'samui', 'find', 'different', 'vibe', 'depend', 'part', 'island', 'hua', 'hin', 'expat', 'dislike', 'felt', 'like', 'living', 'suburb', 'u', 'andaman', 'sea', 'side', 'thailand', 'favorite', 'offer', 'much', 'krabi', 'phi', 'phi', 'island', 'railey', 'beach', 'spectacular', 'koh', 'lanta', 'rustic', 'original', 'thai', 'vibe', 'koh', 'yai', 'noi', 'even', 'rural', 'could', 'wait', 'leave', 'phuket', 'homebase', 'large', 'island', 'many', 'different', 'beach', 'area', 'one', 'different', 'feel', 'think', 'hat', 'phuket', 'find', 'right', 'area', 'fit', 'perfectly', 'whenever', 'decide', 'southern', 'thailand', 'would', 'suggest', 'take', 'three', 'month', 'maybe', 'three', 'month', 'gulf', 'side', 'three', 'four', 'month', 'andamen', 'sea', 'side', 'spend', 'rainy', 'season', 'phuket', 'find', 'delightful', 'day', 'rain', 'much', 'could', 'go', 'price', 'low', 'crowd', 'less', 'hotel', 'cheap', 'temperature', 'also', 'cooler']","['wow', 'thank', 'much', 'valuable', 'information', 'want', 'take', 'time', 'explore', 'thailand', 'one', 'favorite', 'happy', 'journey', 'john', 'bev']","['Thailand', 'United States']",['Thailand']
2024,rESOc5PmBx8,"['would', 'add', 'taiwan', 'list']","['great', 'suggestion', 'love', 'taiwan', 'happy', 'journey', 'john', 'bev']",['Taiwan'],['Taiwan']
2024,rESOc5PmBx8,"['still', 'feel', 'good', 'idea', 'go', 'mexico', 'central', 'america', 'give', 'severe', 'water', 'shortagescrises', 'country']","['rain', 'every', 'day', 'mexico', 'city', 'san', 'miguel', 'de', 'allende', 'think', 'area', 'drought', 'hurricane', 'season', 'pass', 'long', 'problem', 'john', 'bev']","['United States', 'Mexico']",['Mexico']
2024,rESOc5PmBx8,"['wonderful', 'recommendation', 'wonder', 'answer', 'felt', 'safe', 'less', 'needtobecareful', 'columbia', 'panama', 'thank']","['place', 'safe', 'place', 'need', 'careful', 'experience', 'little', 'medellin', 'panama', 'city', 'dont', 'go', 'night', 'dont', 'go', 'area', 'shouldnt', 'happy', 'journey', 'john', 'bev']",['Panama'],['Panama']
2024,rESOc5PmBx8,"['island', 'good', 'visit', 'greece', 'shoulder', 'season', 'rent', 'car', 'please', 'prefer', 'walk', 'public', 'transport']","['would', 'say', 'local', 'bus', 'service', 'weve', 'walk', 'every', 'one', 'dont', 'miss', 'folegandros', 'love', 'walk', 'spring', 'paradise', 'wildflower', 'john', 'bev']",['Greece'],[]
2024,rESOc5PmBx8,"['spend', 'month', 'medellin', 'right', 'covid', 'february', 'sooooo', 'hot', 'think', 'maybe', 'spring', 'like', 'temp', 'people', 'southeast', 'u', 'coloradan', 'love', 'colombia', 'except', 'food', 'medellin', 'least', 'favorite', 'place', 'many', 'old', 'gringo', 'men', 'flaunt', 'prostitute', 'every', 'bar', 'disco', 'yuck', 'poblado', 'btw', 'go', 'country', 'month', 'exception', 'pacific', 'coast', 'area']","['thanks', 'share', 'experience', 'happy', 'journey', 'john', 'bev']","['Colombia', 'United States']",[]
2024,rESOc5PmBx8,"['ive', 'great', 'place', 'except', 'dont', 'like', 'zageb']","['thanks', 'share', 'experience', 'happy', 'journey', 'john', 'bev']",[],[]
2024,rESOc5PmBx8,"['salamanca', 'spain']","['weve', 'heard', 'good', 'thing', 'yet', 'thanks', 'much', 'share', 'happy', 'journey', 'john', 'bev']",['Spain'],[]
2024,rESOc5PmBx8,"['new', 'zealand', 'affordable']","['cheap', 'still', 'amazing', 'place', 'visit', 'happy', 'journey', 'john', 'bev']",[],[]
2024,rESOc5PmBx8,"['poland', 'colombia', 'best', 'slow', 'travel', 'spot', 'would', 'say', 'great', 'town', 'co', 'besides', 'mde', 'also', 'check', 'santa', 'catalina', 'state', 'southern', 'brazil', 'ton', 'amazing', 'town', 'people', 'polite', 'colombian']","['thanks', 'tip', 'want', 'return', 'colombia', 'explore', 'happy', 'journey', 'john', 'bev']","['Poland', 'Colombia', 'Brazil']",['Colombia']
2024,rESOc5PmBx8,"['nz', 'australiawaiting', 'visas', 'im', 'airline', 'crewretired', 'perk', 'world', 'nz', 'cheap', 'australia', 'wait']","['nz', 'amaze', 'love', 'time', 'happy', 'journey', 'john', 'bev']",['Australia'],[]
2024,rESOc5PmBx8,"['u', 'govt', 'say', 'columbia']","['yes', 'currently', 'level', 'certainly', 'safe', 'area', 'visit', 'happy', 'journey', 'john', 'bev']",['United States'],[]
2025,iBUzZDBE3Z8,[],[],[],[]
2024,iBUzZDBE3Z8,[],[],[],[]
2024,iBUzZDBE3Z8,"['awesome', 'list', 'thank', 'much', 'effort', 'great', 'video']","['much', 'appreciate']",[],[]
2024,iBUzZDBE3Z8,[],[],[],[]
2024,iBUzZDBE3Z8,"['country', 'feel', 'like', 'unique', 'storybook', 'wait', 'explore', 'romanias', 'mystical', 'castle', 'iceland', 'surreal', 'landscape', 'true', 'bucket', 'list', 'wanderer', 'thanks', 'curating', 'dreamy', 'guidecant', 'wait', 'plan', 'adventure']",[],[],[]
2024,iBUzZDBE3Z8,"['explore', 'new', 'destination', 'allow', 'discover', 'hidden', 'gem', 'make', 'unforgettable', 'memory']",[],[],[]
2024,iBUzZDBE3Z8,"['beautiful', 'scotland']",['really'],['United Kingdom'],[]
2024,iBUzZDBE3Z8,"['ultimate', 'travel', 'inspiration', 'many', 'incredible', 'destination', 'explore']",[],[],[]
2024,iBUzZDBE3Z8,[],[],[],[]
2024,iBUzZDBE3Z8,"['scam', 'alert', 'inform', 'never', 'offer', 'money', 'ask', 'money', 'exchange', 'subscribe', 'channel', 'notice', 'scam', 'go', 'turkey', 'india', 'country', 'whatsapp', 'telegram', 'use', 'brand', 'name', 'since', 'offer', 'money', 'exchange', 'subscribe', 'channel', 'people', 'visit', 'channel', 'money', 'aware', 'part', 'cyber', 'scam', 'already', 'please', 'report', 'whatsapp', 'number', 'telegram', 'number', 'police', 'cyber', 'crime', 'center', 'country', 'previous', 'scam', 'alert', 'reference']",[],"['Turkey', 'India']",[]
2025,iBUzZDBE3Z8,"['sri', 'lanka', 'beautiful', 'island', 'waterfall', 'elephant', 'forest', 'beautiful', 'beach']",[],['Sri Lanka'],[]
2025,iBUzZDBE3Z8,"['no15', 'country', 'total']",[],[],[]
2024,iBUzZDBE3Z8,"['thank', 'grateful', 'video', 'inspire', 'start', 'adventure', 'channel', 'msgliveandshare', 'live', 'list', 'adventure', 'hope', 'share', 'adventure', 'soon', 'absolutely', 'love', 'aerial', 'view']",[],[],[]
2024,iBUzZDBE3Z8,[],[],[],[]
2024,iBUzZDBE3Z8,"['thank', 'much', 'amazing', 'video', 'could', 'help', 'something', 'unrelated', 'okx', 'wallet', 'hold', 'usdt', 'seed', 'phrase', 'alarm', 'fetch', 'churn', 'bridge', 'exercise', 'tape', 'speak', 'race', 'clerk', 'couch', 'crater', 'letter', 'whats', 'best', 'way', 'send', 'binance']",[],[],[]
2024,iBUzZDBE3Z8,[],[],[],[]
2023,l74uBTzJScw,"['ghana', 'place']",[],['Ghana'],[]
2023,l74uBTzJScw,"['ghana', 'place']",[],['Ghana'],[]
2023,l74uBTzJScw,"['ghana', 'place']","['ebonyjohnson', 'account']",['Ghana'],[]
2022,l74uBTzJScw,"['unfortunately', 'lgbtq', 'unfortunately']","['yeah', 'unfortunately', 'youre', 'lgbt']",[],[]
2022,l74uBTzJScw,"['unfortunately', 'lgbtq', 'unfortunately']","['thats', 'best', 'part', 'description']",[],[]
2022,l74uBTzJScw,"['unfortunately', 'lgbtq', 'unfortunately']","['fortunately', 'ban', 'homosexuality']",[],[]
2022,l74uBTzJScw,"['unfortunately', 'lgbtq', 'unfortunately']","['yep', 'unfortunately']",[],[]
2022,l74uBTzJScw,"['unfortunately', 'lgbtq', 'unfortunately']",['fortunately'],[],[]
2022,l74uBTzJScw,"['unfortunately', 'lgbtq', 'unfortunately']","['irrelevant', 'say']",[],[]
2022,l74uBTzJScw,"['unfortunately', 'lgbtq', 'unfortunately']","['yall', 'weird', 'edgy', 'care', 'another', 'person', 'sexuality', 'yes', 'unfortunate', 'u', 'arent', 'gay', 'welp', 'doesnt', 'apply', 'u', 'make', 'comment', 'purpose', 'serve']",[],['United States']
2022,l74uBTzJScw,"['unfortunately', 'lgbtq', 'unfortunately']","['johnappleseed', '8146theyre', 'dl']",[],[]
2023,l74uBTzJScw,[],"['yall', 'make', 'great', 'coffee', 'thats', 'sure']","['Rwanda', 'United States']",[]
2023,l74uBTzJScw,[],"['isnt', 'currently', 'war', 'drc', 'rwanda']","['Rwanda', 'United States']",['Rwanda']
2023,l74uBTzJScw,[],"['j_trew', 'look', 'like', 'time', 'get', 'mom', 'basement', 'touch', 'grass', 'read', 'book', 'hope', 'help']","['Rwanda', 'United States']",[]
2023,l74uBTzJScw,[],[],"['Rwanda', 'United States']",[]
2023,l74uBTzJScw,[],"['yes', 'bro', 'rwanda', 'warj_trew']","['Rwanda', 'United States']",['Rwanda']
2022,l74uBTzJScw,[],[],['Ghana'],['Ghana']
2022,l74uBTzJScw,[],[],['Ghana'],[]
2022,l74uBTzJScw,[],[],['Ghana'],[]
2023,l74uBTzJScw,"['happy', 'see', 'botswana', 'top']",[],['Botswana'],[]
2023,l74uBTzJScw,"['happy', 'see', 'botswana', 'top']",[],['Botswana'],[]
2023,l74uBTzJScw,"['happy', 'see', 'botswana', 'top']",[],['Botswana'],[]
2023,l74uBTzJScw,"['morocco', 'leave', 'chat']","['clearly', 'safe', 'country', 'tourist', 'spot', 'den', 'thief']",['Morocco'],[]
2023,l74uBTzJScw,"['morocco', 'leave', 'chat']","['anonymous', '10345and', 'thats', 'american', 'geography']",['Morocco'],[]
2023,l74uBTzJScw,"['morocco', 'leave', 'chat']",[],['Morocco'],[]
2023,l74uBTzJScw,"['morocco', 'leave', 'chat']",[],['Morocco'],[]
2023,l74uBTzJScw,"['morocco', 'leave', 'chat']","['lol', 'morocco', 'tourist', 'go', 'miss', 'ter', '0rrists', 'wreck', 'hav', '0c']",['Morocco'],['Morocco']
2023,l74uBTzJScw,"['morocco', 'leave', 'chat']","['usa', 'doesnt', 'know', 'morocco', 'africa']",['Morocco'],"['Morocco', 'United States']"
2022,l74uBTzJScw,"['wanna', 'go', 'country', 'illegal', 'gay', 'ill', 'love', 'go']","['taikofangirl', '9590come', 'nigeria', 'africa', 'general']",[],['Nigeria']
2022,l74uBTzJScw,"['wanna', 'go', 'country', 'illegal', 'gay', 'ill', 'love', 'go']",[],[],[]
2023,l74uBTzJScw,"['would', 'love', 'go', 'tanzania']",[],[],[]
2022,l74uBTzJScw,"['weres', 'south', 'africa']",['dangerous'],[],[]
2022,l74uBTzJScw,"['weres', 'south', 'africa']","['man', 'way', 'dangerous']",[],[]
2022,l74uBTzJScw,"['weres', 'south', 'africa']","['yo', 'live']",[],[]
2022,l74uBTzJScw,"['weres', 'south', 'africa']","['stay', 'good', 'area', 'gated', 'community', 'otherwise', 'doom']",[],[]
2022,l74uBTzJScw,"['weres', 'south', 'africa']",[],[],[]
2022,l74uBTzJScw,"['weres', 'south', 'africa']","['forreal', 'dude', 'sa', 'top', 'global', 'murder', 'rate', 'multiple', 'year', 'run']",[],[]
2024,l74uBTzJScw,[],[],"['Gambia', 'Ghana', 'Botswana', 'Mauritius']",[]
2023,l74uBTzJScw,"['top', 'african', 'country', 'would', 'like', 'visit', 'kenya', 'ghana', 'chad', 'tanzania', 'botswana', 'ivory', 'coast', 'benin', 'uganda', 'rwanda', 'ethiopia']","['mine', 'tanzania', 'south', 'africa', 'kenya', 'mauritius', 'seychelles', 'honorable', 'mention', 'botswana', 'rwanda', 'namibia', 'zambia', 'cape', 'verde', 'morocco']","['Botswana', 'Kenya', 'Benin', 'Ghana', 'Ethiopia', 'Uganda', 'Rwanda', 'Chad']","['Botswana', 'Kenya', 'Morocco', 'Mauritius', 'Seychelles', 'Zambia', 'Rwanda', 'Namibia']"
2023,l74uBTzJScw,"['top', 'african', 'country', 'would', 'like', 'visit', 'kenya', 'ghana', 'chad', 'tanzania', 'botswana', 'ivory', 'coast', 'benin', 'uganda', 'rwanda', 'ethiopia']","['choicedk', 'noice', 'selection']","['Botswana', 'Kenya', 'Benin', 'Ghana', 'Ethiopia', 'Uganda', 'Rwanda', 'Chad']",[]
2023,l74uBTzJScw,"['top', 'african', 'country', 'would', 'like', 'visit', 'kenya', 'ghana', 'chad', 'tanzania', 'botswana', 'ivory', 'coast', 'benin', 'uganda', 'rwanda', 'ethiopia']",[],"['Botswana', 'Kenya', 'Benin', 'Ghana', 'Ethiopia', 'Uganda', 'Rwanda', 'Chad']","['Botswana', 'Kenya', 'Egypt', 'Mauritius', 'Ethiopia', 'Rwanda', 'Madagascar', 'Malawi']"
2023,l74uBTzJScw,"['top', 'african', 'country', 'would', 'like', 'visit', 'kenya', 'ghana', 'chad', 'tanzania', 'botswana', 'ivory', 'coast', 'benin', 'uganda', 'rwanda', 'ethiopia']",[],"['Botswana', 'Kenya', 'Benin', 'Ghana', 'Ethiopia', 'Uganda', 'Rwanda', 'Chad']",[]
2025,l74uBTzJScw,[],[],['United Kingdom'],['United States']
2023,l74uBTzJScw,"['fellow', 'mauritian']",[],[],[]
2023,l74uBTzJScw,"['someone', 'love', 'mauritius', 'yes', 'nice']",[],"['France', 'Mauritius']",[]
2022,l74uBTzJScw,"['im', 'uk', 'dont', 'understand', 'havent', 'get', 'large', 'follow', 'thankyou', 'late', 'global', 'update', 'keep']",[],['United Kingdom'],[]
2023,l74uBTzJScw,['tanzaniaaaaaaaa'],['alone'],[],[]
2022,l74uBTzJScw,[],[],['Ghana'],[]
2022,l74uBTzJScw,[],[],['Botswana'],[]
2023,l74uBTzJScw,"['proud', 'country', 'tanzania']",[],[],[]
2022,l74uBTzJScw,[],"['traveler', 'would', 'recommend']",['Ghana'],[]
2023,l74uBTzJScw,[],[],['Gambia'],[]
2024,l74uBTzJScw,"['thank', 'ghana', 'open', 'citizenship', 'african', 'american']",[],['Ghana'],[]
2023,l74uBTzJScw,[],[],['Morocco'],[]
2023,l74uBTzJScw,"['morocco', 'like', 'hmmm']",[],['Morocco'],[]
2024,l74uBTzJScw,"['ueah', 'still', 'love', 'morocco']","['morroco', 'top', 'safe', 'african', 'country', 'morroco', 'rank', 'algeria', 'rank', 'senegal', 'rank', 'gambia', 'rank', 'sierra', 'leone', 'rank', 'botswana', 'rank', 'seyechless', 'rank', 'ghana', 'rank', 'spain', 'rank', 'mauritius', 'rank']",['Morocco'],"['Botswana', 'Spain', 'Mauritius', 'Gambia', 'Ghana', 'Algeria', 'Senegal']"
2022,l74uBTzJScw,[],"['thanks', 'let', 'develop', 'east', 'africa', 'high']",['Rwanda'],[]
2023,l74uBTzJScw,[],[],['Gambia'],[]
2023,l74uBTzJScw,"['morroco', 'leave', 'chat']",[],[],[]
2023,l74uBTzJScw,"['see', 'rwanda', 'list']",[],['Rwanda'],[]
2023,l74uBTzJScw,['ethiopia'],[],['Ethiopia'],[]
2022,l74uBTzJScw,"['move', 'gambia']","['please', 'dont', 'try', 'dear', 'friend', 'regret']",['Gambia'],[]
2022,l74uBTzJScw,"['move', 'gambia']",[],['Gambia'],[]
2022,l74uBTzJScw,"['move', 'gambia']",[],['Gambia'],[]
2022,l74uBTzJScw,[],[],['Kenya'],[]
2025,l74uBTzJScw,[],[],['Gambia'],[]
2022,l74uBTzJScw,[],[],[],[]
2022,l74uBTzJScw,"['thanks', 'include', 'mauritius']",[],['Mauritius'],[]
2022,l74uBTzJScw,[],[],[],[]
2022,l74uBTzJScw,['nigeria'],['say'],['Nigeria'],[]
2022,l74uBTzJScw,['nigeria'],"['ghana', 'no1']",['Nigeria'],['Ghana']
2022,l74uBTzJScw,['nigeria'],"['hate', 'lie']",['Nigeria'],[]
2022,l74uBTzJScw,['nigeria'],"['hate', 'nigeria', 'close', 'safe']",['Nigeria'],['Nigeria']
2022,l74uBTzJScw,['nigeria'],"['hate', 'nigerian', 'bear', 'italia']",['Nigeria'],[]
2022,l74uBTzJScw,['nigeria'],[],['Nigeria'],[]
2022,l74uBTzJScw,['nigeria'],[],['Nigeria'],[]
2022,l74uBTzJScw,['nigeria'],"['hate', 'havent', 'year']",['Nigeria'],[]
2022,l74uBTzJScw,['nigeria'],"['hate', 'im', 'degrade', 'nigeria', 'nigeria', 'vibey', 'country', 'love', 'nigeria', 'vibe', 'culture', 'say', 'nigeria', 'beautiful', 'one', 'best', 'cannot', 'say', 'nigeria', 'safe', 'africa']",['Nigeria'],['Nigeria']
2022,l74uBTzJScw,['nigeria'],"['even', 'south', 'africa', 'safe', 'nigeria', 'ngl', 'south', 'africa', 'western', 'cape', 'actaully', 'pretty', 'safe', 'live', 'havent', 'heard', 'crime', 'area', 'year']",['Nigeria'],['Nigeria']
2022,l74uBTzJScw,"['place', 'wifi']",[],[],[]
2022,l74uBTzJScw,"['place', 'wifi']",[],[],[]
2022,l74uBTzJScw,"['place', 'wifi']",[],[],[]
2022,l74uBTzJScw,['first'],[],[],['France']
2025,l74uBTzJScw,"['south', 'africa']",[],[],[]
2024,l74uBTzJScw,"['gateway', 'africa']",[],[],[]
2024,l74uBTzJScw,[],[],[],[]
2024,l74uBTzJScw,"['south', 'africa']",[],[],[]
2024,l74uBTzJScw,"['south', 'africa']",[],[],[]
2024,l74uBTzJScw,"['agree', 'safe', 'country', 'continent']",[],[],[]
2024,l74uBTzJScw,"['move', 'gambia']",[],['Gambia'],[]
2024,l74uBTzJScw,[],[],['Gambia'],[]
2023,l74uBTzJScw,"['morocco', 'one', 'best', 'tourist', 'country', 'africa', 'mar', 'im', 'joke', 'u']",[],['Morocco'],[]
2023,l74uBTzJScw,"['welcome', 'gambia', 'smile', 'coast', 'africa']",[],['Gambia'],[]
2023,l74uBTzJScw,"['hindu', 'live', 'india', 'love', 'mauritius']",[],"['Mauritius', 'India']",[]
2023,l74uBTzJScw,"['im', 'bit', 'disappointed', 'south', 'africa', 'isnt']",[],[],[]
2022,l74uBTzJScw,"['bouta', 'hop', 'plane', 'gambia']",[],['Gambia'],[]
2022,l74uBTzJScw,['zambia'],[],['Zambia'],[]
2022,l74uBTzJScw,"['african', 'uk', 'rn']",[],['United Kingdom'],[]
2022,l74uBTzJScw,"['ok', 'live', 'africa', 'advice', 'south', 'africa', 'safe', 'developed', 'beautiful', 'also', 'dont', 'go', 'congo', 'kinshasa', 'unless', 'thousand', 'dollar', 'per', 'month', 'security']","['sout', 'africa', 'freaking', 'unsafe', 'brl', 'nightmare']",['Congo'],[]
2022,l74uBTzJScw,"['ok', 'live', 'africa', 'advice', 'south', 'africa', 'safe', 'developed', 'beautiful', 'also', 'dont', 'go', 'congo', 'kinshasa', 'unless', 'thousand', 'dollar', 'per', 'month', 'security']","['angelo', 'live', 'ive', 'never', 'heard', 'crime', 'year', 'live', 'seriously', 'western', 'cape', 'actaully', 'safe', 'dangerous', 'people', 'stop', 'see', 'south', 'africa', 'bad', 'side']",['Congo'],[]
2022,l74uBTzJScw,"['ok', 'live', 'africa', 'advice', 'south', 'africa', 'safe', 'developed', 'beautiful', 'also', 'dont', 'go', 'congo', 'kinshasa', 'unless', 'thousand', 'dollar', 'per', 'month', 'security']","['thatgirlmila', 'south', 'africa', 'consistently', 'one', 'highet', 'murder', 'rate', 'world', 'large', 'wealth', 'gap', 'world', 'sure', 'really', 'safe']",['Congo'],[]
2022,l74uBTzJScw,"['ok', 'live', 'africa', 'advice', 'south', 'africa', 'safe', 'developed', 'beautiful', 'also', 'dont', 'go', 'congo', 'kinshasa', 'unless', 'thousand', 'dollar', 'per', 'month', 'security']","['thatgirlmila', 'western', 'cape', 'safe', 'try', 'move', 'johannesburg', 'pretoria', 'tbh', 'south', 'africa', 'see', 'good', 'side', 'like', 'sa', 'liveable', 'country', 'africa']",['Congo'],['South Africa']
2023,l74uBTzJScw,"['gambian', 'right', 'gay', 'taboo', 'youth', 'know', 'open', 'mind', 'problem', 'thanks', 'religion', 'majority', 'wont', 'appreciate']","['main', 'religion', 'gambia']",[],['Gambia']
2023,l74uBTzJScw,"['gambian', 'right', 'gay', 'taboo', 'youth', 'know', 'open', 'mind', 'problem', 'thanks', 'religion', 'majority', 'wont', 'appreciate']","['kabutokensuke', 'islam', 'christianity', 'though', 'islam', 'dominates']",[],[]
2023,l74uBTzJScw,"['egypt', 'moorco', 'kid']","['south', 'africa', 'u', 'tooyou', 'put', 'brother', 'botswana']",['Egypt'],"['Botswana', 'United States']"
2023,l74uBTzJScw,"['gambia', 'peace', 'love', 'somalia']","['fortunately', 'ban', 'homosexuality']","['Gambia', 'Somalia']",[]
2022,l74uBTzJScw,[],"['bro', 'u', 'wake', 'try', 'make', 'people', 'laugh']",['Nigeria'],[]
2025,l74uBTzJScw,"['south', 'africa', 'dont', 'want', 'see', 'deal', 'many', 'black', 'imo']",[],[],[]
2025,l74uBTzJScw,"['hey', 'south', 'africa']",[],[],[]
2025,l74uBTzJScw,[],[],[],[]
2025,l74uBTzJScw,"['capetown', 'best', 'place', 'africa']",[],[],[]
2025,l74uBTzJScw,['yo'],[],[],[]
2025,l74uBTzJScw,"['gambia', 'world', 'best', 'peaceful', 'country']",[],['Gambia'],[]
2025,l74uBTzJScw,[],[],['Ghana'],[]
2025,l74uBTzJScw,"['mauritius', 'racist', 'country', 'africa', 'dont', 'forget', 'say', 'also']",[],['Mauritius'],[]
2025,l74uBTzJScw,"['africa', 'fucking', 'amaze', 'especially', 'botswana']",[],['Botswana'],[]
2025,l74uBTzJScw,"['gambia', 'smart']",[],['Gambia'],[]
2025,l74uBTzJScw,"['say', 'south', 'africa', 'safe', 'bro']",[],[],[]
2025,l74uBTzJScw,"['ghana', 'first', 'african', 'country', 'island', 'mauritius']",[],"['Ghana', 'Mauritius']",[]
2025,l74uBTzJScw,[],[],['Nigeria'],[]
2025,l74uBTzJScw,[],[],['Mauritius'],[]
2025,l74uBTzJScw,[],[],[],[]
2025,l74uBTzJScw,"['hell', 'peace', 'index']",[],[],[]
2025,l74uBTzJScw,[],[],[],[]
2025,l74uBTzJScw,[],[],['Ghana'],[]
2025,l74uBTzJScw,[],[],['Gambia'],[]
2025,l74uBTzJScw,"['kenya', 'list']",[],['Kenya'],[]
2025,l74uBTzJScw,"['gonna', 'throw', 'somalia']",[],['Somalia'],[]
2025,l74uBTzJScw,"['unfortunately', 'lgbtq', 'friendly', 'fck', 'mean', 'unfortunately', 'fortunately']",[],[],[]
2025,l74uBTzJScw,"['gambia', 'sound', 'good']",[],['Gambia'],[]
2025,l74uBTzJScw,[],[],[],[]
2024,l74uBTzJScw,"['gambia', 'sound', 'great']",[],['Gambia'],[]
2024,l74uBTzJScw,"['south', 'africa', 'curb', 'illegal', 'immigrant', 'problemit', 'would', 'number']",[],[],[]
2024,l74uBTzJScw,"['sadly', 'u', 'say', 'every', 'county', 'except', 'south', 'africa', 'dangerous', 'sadly', 'racism', 'get', 'attention', 'truth', 'hope', 'get', 'go', 'able', 'live', 'africa', 'soon', 'ive', 'neen', 'think', 'togo']",[],"['United States', 'Togo']",[]
2024,l74uBTzJScw,"['number', 'confuse']",[],[],[]
2024,l74uBTzJScw,['gambia'],[],['Gambia'],[]
2024,l74uBTzJScw,[],[],['Rwanda'],[]
2024,l74uBTzJScw,"['mean', 'safe', 'thefts', 'steal', 'weapon', 'community', 'sound', 'like', 'eritrea', 'country', 'call', 'north', 'korea', 'africa', 'woman', 'go', 'night', 'without', 'problem', 'course', 'safety', 'require', 'sacrifice', 'eritrea', 'dont', 'let', 'people', 'outside', 'country', 'without', 'visa']",[],['Eritrea'],[]
2024,l74uBTzJScw,"['safety', 'global', 'index', 'control', 'west']",[],[],[]
2024,l74uBTzJScw,[],[],[],[]
2024,l74uBTzJScw,['ghana'],[],['Ghana'],[]
2024,l74uBTzJScw,"['one', 'thing', 'dont', 'know', 'city', 'kenya']",[],['Kenya'],[]
2024,l74uBTzJScw,"['botswana', 'underrated', 'cool']",[],['Botswana'],[]
2023,l74uBTzJScw,"['love', 'mauritius', 'term', 'peaceful']",[],['Mauritius'],[]
2023,l74uBTzJScw,[],[],[],[]
2023,l74uBTzJScw,"['moroccoalgeria', 'tunisia', 'leave', 'chat']",[],"['Tunisia', 'Morocco', 'Algeria']",[]
2023,l74uBTzJScw,"['fortunately', 'ban', 'homosexuality']",[],[],[]
2023,l74uBTzJScw,"['bro', 'well', 'put', 'south', 'africa', 'dangerous']",[],[],[]
2025,PvLTZNJZ3pA,"['bro', 'call', 'india', 'cheap']","['accord', 'europe', 'country', 'india', 'much', 'cheap', 'bro']",['India'],['India']
2025,PvLTZNJZ3pA,"['bro', 'call', 'india', 'cheap']","['india', 'cheap', 'fuck', 'bro', 'dont', 'make', 'much', 'working', 'india', 'live', 'europe', 'youll', 'know']",['India'],['India']
2024,PvLTZNJZ3pA,"['india', 'filipino', 'much', 'bro']",[],['India'],[]
2025,PvLTZNJZ3pA,"['cheap', 'uk', 'india', '2_thailand', '3_philippines']","['india', 'would', 'cheap', 'accommodation', 'food', 'everything', 'get', 'good', 'guidefriend', 'youll', 'rip']","['United Kingdom', 'India']",['India']
2025,PvLTZNJZ3pA,"['cheap', 'uk', 'india', '2_thailand', '3_philippines']","['get', 'good', 'guide', 'friend', 'otherwise', 'ill', 'rippedas', 'rip', 'bro', 'sauravpadmanabhan', 'india', 'doggy', 'wm2', 'visit', 'train', 'injury', 'tia']","['United Kingdom', 'India']",['India']
2025,PvLTZNJZ3pA,"['mad', 'india', 'chip', 'mad']","['live', 'europe', 'youd', 'understand', 'india', 'lot', 'cheap', 'country']",['India'],['India']
2025,PvLTZNJZ3pA,[],[],[],[]
2024,0CVKc989V90,"['jamaica', 'south', 'africa', 'massive', 'crime', 'rate', 'avoid', 'even', 'tourist', 'stay', 'resort', 'jamaica', 'arm', 'guard', 'gate', 'high', 'fence', 'surround', 'property', 'read', 'crime', 'stats', 'personal', 'safety', 'important']","['please', 'educate', 'regard', 'south', 'africa']",['Jamaica'],[]
2024,0CVKc989V90,"['jamaica', 'south', 'africa', 'massive', 'crime', 'rate', 'avoid', 'even', 'tourist', 'stay', 'resort', 'jamaica', 'arm', 'guard', 'gate', 'high', 'fence', 'surround', 'property', 'read', 'crime', 'stats', 'personal', 'safety', 'important']","['sonjaswart', 'news', 'article', 'read', 'describe', 'carjacking', 'kidnapping', 'theft', 'epidemic', 'sorry', 'dont', 'agree']",['Jamaica'],[]
2024,0CVKc989V90,"['jamaica', 'south', 'africa', 'massive', 'crime', 'rate', 'avoid', 'even', 'tourist', 'stay', 'resort', 'jamaica', 'arm', 'guard', 'gate', 'high', 'fence', 'surround', 'property', 'read', 'crime', 'stats', 'personal', 'safety', 'important']","['lilytd', '3co', 'know', 'ive', 'live', 'year']",['Jamaica'],[]
2024,0CVKc989V90,"['jamaica', 'south', 'africa', 'massive', 'crime', 'rate', 'avoid', 'even', 'tourist', 'stay', 'resort', 'jamaica', 'arm', 'guard', 'gate', 'high', 'fence', 'surround', 'property', 'read', 'crime', 'stats', 'personal', 'safety', 'important']",[],['Jamaica'],[]
2024,0CVKc989V90,"['jamaica', 'south', 'africa', 'massive', 'crime', 'rate', 'avoid', 'even', 'tourist', 'stay', 'resort', 'jamaica', 'arm', 'guard', 'gate', 'high', 'fence', 'surround', 'property', 'read', 'crime', 'stats', 'personal', 'safety', 'important']","['n', 'usa', 'bad', 'bad', 'please']",['Jamaica'],['United States']
2024,0CVKc989V90,"['jamaica', 'south', 'africa', 'massive', 'crime', 'rate', 'avoid', 'even', 'tourist', 'stay', 'resort', 'jamaica', 'arm', 'guard', 'gate', 'high', 'fence', 'surround', 'property', 'read', 'crime', 'stats', 'personal', 'safety', 'important']","['massive', 'crime', 'rate', 'usa', 'canada', 'sweden', 'brazil', 'time', 'everywhere']",['Jamaica'],"['Sweden', 'United States', 'Brazil', 'Canada']"
2024,0CVKc989V90,"['jamaica', 'south', 'africa', 'massive', 'crime', 'rate', 'avoid', 'even', 'tourist', 'stay', 'resort', 'jamaica', 'arm', 'guard', 'gate', 'high', 'fence', 'surround', 'property', 'read', 'crime', 'stats', 'personal', 'safety', 'important']","['anywhere', 'dark', 'character']",['Jamaica'],[]
2024,0CVKc989V90,"['jamaica', 'south', 'africa', 'massive', 'crime', 'rate', 'avoid', 'even', 'tourist', 'stay', 'resort', 'jamaica', 'arm', 'guard', 'gate', 'high', 'fence', 'surround', 'property', 'read', 'crime', 'stats', 'personal', 'safety', 'important']","['agree', 'jamaica', 'arm', 'guard', 'arm', 'personal', 'escort', 'leave', 'house']",['Jamaica'],['Jamaica']
2024,0CVKc989V90,"['jamaica', 'south', 'africa', 'massive', 'crime', 'rate', 'avoid', 'even', 'tourist', 'stay', 'resort', 'jamaica', 'arm', 'guard', 'gate', 'high', 'fence', 'surround', 'property', 'read', 'crime', 'stats', 'personal', 'safety', 'important']","['celticqueen', 'wouldnt', 'want', 'leave', 'bad', 'crime', 'area', 'move', 'another', 'lol']",['Jamaica'],[]
2024,0CVKc989V90,"['jamaica', 'south', 'africa', 'massive', 'crime', 'rate', 'avoid', 'even', 'tourist', 'stay', 'resort', 'jamaica', 'arm', 'guard', 'gate', 'high', 'fence', 'surround', 'property', 'read', 'crime', 'stats', 'personal', 'safety', 'important']","['retire', 'south', 'africa', 'time', 'anc', 'start', 'hand', 'machete']",['Jamaica'],[]
2024,0CVKc989V90,"['jamaica', 'south', 'africa', 'massive', 'crime', 'rate', 'avoid', 'even', 'tourist', 'stay', 'resort', 'jamaica', 'arm', 'guard', 'gate', 'high', 'fence', 'surround', 'property', 'read', 'crime', 'stats', 'personal', 'safety', 'important']","['hollywoodwil', 'mever', 'see', 'ythu', 'g', 'jamauca', 'like', 'youmust', 'heve', 'specialmission', 'mever', 'hesrd', 'place']",['Jamaica'],[]
2024,0CVKc989V90,"['jamaica', 'south', 'africa', 'massive', 'crime', 'rate', 'avoid', 'even', 'tourist', 'stay', 'resort', 'jamaica', 'arm', 'guard', 'gate', 'high', 'fence', 'surround', 'property', 'read', 'crime', 'stats', 'personal', 'safety', 'important']","['userlz', '6pr3qx5y', 'ponciana', 'apartment', 'montego', 'bay', 'mission', 'lol', 'first', 'time', 'wedding', 'happen', 'negril', 'want', 'go', 'couple', 'day', 'early', 'explore']",['Jamaica'],[]
2024,0CVKc989V90,"['jamaica', 'south', 'africa', 'massive', 'crime', 'rate', 'avoid', 'even', 'tourist', 'stay', 'resort', 'jamaica', 'arm', 'guard', 'gate', 'high', 'fence', 'surround', 'property', 'read', 'crime', 'stats', 'personal', 'safety', 'important']","['sonjaswart', 'live', 'botswana', 'move', 'state', 'crazy', 'dangerous', 'unstable', 'roll', 'blackout', 'crime', 'absurd', 'live', 'durban', 'move', 'joburg', 'right', 'three', 'vehicle', 'bullet', 'hole', 'think', 'need', 'educate']",['Jamaica'],"['Botswana', 'United States']"
2024,0CVKc989V90,"['jamaica', 'south', 'africa', 'massive', 'crime', 'rate', 'avoid', 'even', 'tourist', 'stay', 'resort', 'jamaica', 'arm', 'guard', 'gate', 'high', 'fence', 'surround', 'property', 'read', 'crime', 'stats', 'personal', 'safety', 'important']","['celticqueen', 'ha', 'dont', 'know', 'talk', 'live', 'durban', 'joburg', 'move', 'state', 'like', 'paradise', 'compare', 'sa']",['Jamaica'],['United States']
2024,0CVKc989V90,"['jamaica', 'south', 'africa', 'massive', 'crime', 'rate', 'avoid', 'even', 'tourist', 'stay', 'resort', 'jamaica', 'arm', 'guard', 'gate', 'high', 'fence', 'surround', 'property', 'read', 'crime', 'stats', 'personal', 'safety', 'important']","['lhtnguyen', 'many', 'comment', 'negative', 'towards', 'ton', 'video', 'say', 'youve', 'live', 'every', 'single', 'place', 'planet', 'tell', 'people', 'ridiculous', 'youre', 'also', 'fake', 'fraud']",['Jamaica'],[]
2024,0CVKc989V90,"['jamaica', 'south', 'africa', 'massive', 'crime', 'rate', 'avoid', 'even', 'tourist', 'stay', 'resort', 'jamaica', 'arm', 'guard', 'gate', 'high', 'fence', 'surround', 'property', 'read', 'crime', 'stats', 'personal', 'safety', 'important']",[],['Jamaica'],[]
2024,0CVKc989V90,"['jamaica', 'south', 'africa', 'massive', 'crime', 'rate', 'avoid', 'even', 'tourist', 'stay', 'resort', 'jamaica', 'arm', 'guard', 'gate', 'high', 'fence', 'surround', 'property', 'read', 'crime', 'stats', 'personal', 'safety', 'important']","['sonjaswart', 'south', 'african', 'flock', 'like', 'new', 'zealand', 'escape', 'crime', 'sa', 'accord', 'one', 'speak', 'crime', 'rampant']",['Jamaica'],[]
2024,0CVKc989V90,"['jamaica', 'south', 'africa', 'massive', 'crime', 'rate', 'avoid', 'even', 'tourist', 'stay', 'resort', 'jamaica', 'arm', 'guard', 'gate', 'high', 'fence', 'surround', 'property', 'read', 'crime', 'stats', 'personal', 'safety', 'important']","['way', 'crime', 'america', 'shithole']",['Jamaica'],['United States']
2024,0CVKc989V90,"['jamaica', 'south', 'africa', 'massive', 'crime', 'rate', 'avoid', 'even', 'tourist', 'stay', 'resort', 'jamaica', 'arm', 'guard', 'gate', 'high', 'fence', 'surround', 'property', 'read', 'crime', 'stats', 'personal', 'safety', 'important']","['sonjaswart', 'wet', 'behind', 'ear', 'definitely', 'old', 'school', 'use', 'say', 'young', 'whippersnapper']",['Jamaica'],[]
2024,0CVKc989V90,"['jamaica', 'south', 'africa', 'massive', 'crime', 'rate', 'avoid', 'even', 'tourist', 'stay', 'resort', 'jamaica', 'arm', 'guard', 'gate', 'high', 'fence', 'surround', 'property', 'read', 'crime', 'stats', 'personal', 'safety', 'important']","['sonjaswart', 'transportation', 'service', 'stateswhen', 'see', 'several', 'layer', 'plastic', 'wrap', 'around', 'suitcase', 'deter', 'thievesi', 'automatically', 'know', 'theyre', 'travel', 'sa']",['Jamaica'],[]
2024,0CVKc989V90,"['jamaica', 'south', 'africa', 'massive', 'crime', 'rate', 'avoid', 'even', 'tourist', 'stay', 'resort', 'jamaica', 'arm', 'guard', 'gate', 'high', 'fence', 'surround', 'property', 'read', 'crime', 'stats', 'personal', 'safety', 'important']","['lhtnguyen', 'educate', 'age', 'degree', 'snd', 'work', 'several', 'country', 'md', 'bad', 'mouth', 'country', 'south', 'africa', 'best', 'country', 'world', 'period', 'viva', 'rsa']",['Jamaica'],[]
2024,0CVKc989V90,"['jamaica', 'south', 'africa', 'massive', 'crime', 'rate', 'avoid', 'even', 'tourist', 'stay', 'resort', 'jamaica', 'arm', 'guard', 'gate', 'high', 'fence', 'surround', 'property', 'read', 'crime', 'stats', 'personal', 'safety', 'important']","['sonjaswart', 'dont', 'care', 'jesus', 'christ', 'college', 'degree', 'south', 'africa', 'dangerous', 'troubled', 'country', 'think', 'say', 'whatever', 'want', 'lol', 'bad', 'mouth', 'country', 'tell']",['Jamaica'],[]
2024,0CVKc989V90,"['jamaica', 'south', 'africa', 'massive', 'crime', 'rate', 'avoid', 'even', 'tourist', 'stay', 'resort', 'jamaica', 'arm', 'guard', 'gate', 'high', 'fence', 'surround', 'property', 'read', 'crime', 'stats', 'personal', 'safety', 'important']","['sonjaswart', 'maybe', 'get', 'use', 'life', 'see', 'crime', 'around', 'neighbourhood', 'honestly', 'world', 'know', 'south', 'africa', 'crimeinfested']",['Jamaica'],[]
2024,0CVKc989V90,"['jamaica', 'south', 'africa', 'massive', 'crime', 'rate', 'avoid', 'even', 'tourist', 'stay', 'resort', 'jamaica', 'arm', 'guard', 'gate', 'high', 'fence', 'surround', 'property', 'read', 'crime', 'stats', 'personal', 'safety', 'important']","['papaosmubaloscarbalajadia', 'live', 'country', 'live', 'heaven']",['Jamaica'],[]
2024,0CVKc989V90,"['jamaica', 'south', 'africa', 'massive', 'crime', 'rate', 'avoid', 'even', 'tourist', 'stay', 'resort', 'jamaica', 'arm', 'guard', 'gate', 'high', 'fence', 'surround', 'property', 'read', 'crime', 'stats', 'personal', 'safety', 'important']","['holiday', 'sound', 'like', 'prison', 'surround', 'guard', 'gun']",['Jamaica'],[]
2024,0CVKc989V90,"['jamaica', 'south', 'africa', 'massive', 'crime', 'rate', 'avoid', 'even', 'tourist', 'stay', 'resort', 'jamaica', 'arm', 'guard', 'gate', 'high', 'fence', 'surround', 'property', 'read', 'crime', 'stats', 'personal', 'safety', 'important']","['papaosmubaloscarbalajadia', 'live', 'heaven', 'crime', 'everywhere', 'good', 'rsa', 'far', 'outweigh', 'bad', 'leave', 'u', 'alone', 'happy', 'viva', 'rsa']",['Jamaica'],['United States']
2024,0CVKc989V90,"['jamaica', 'south', 'africa', 'massive', 'crime', 'rate', 'avoid', 'even', 'tourist', 'stay', 'resort', 'jamaica', 'arm', 'guard', 'gate', 'high', 'fence', 'surround', 'property', 'read', 'crime', 'stats', 'personal', 'safety', 'important']","['bobsled', 'team', 'believe']",['Jamaica'],[]
2024,0CVKc989V90,"['jamaica', 'south', 'africa', 'massive', 'crime', 'rate', 'avoid', 'even', 'tourist', 'stay', 'resort', 'jamaica', 'arm', 'guard', 'gate', 'high', 'fence', 'surround', 'property', 'read', 'crime', 'stats', 'personal', 'safety', 'important']","['exactly', 'stupid', 'suggestion']",['Jamaica'],[]
2024,0CVKc989V90,"['jamaica', 'south', 'africa', 'massive', 'crime', 'rate', 'avoid', 'even', 'tourist', 'stay', 'resort', 'jamaica', 'arm', 'guard', 'gate', 'high', 'fence', 'surround', 'property', 'read', 'crime', 'stats', 'personal', 'safety', 'important']","['friend', 'visit', 'africa', 'great', 'time', 'love', 'country', 'never', 'felt', 'unsafe', 'another', 'couple', 'visit', 'earlier', 'year']",['Jamaica'],[]
2024,0CVKc989V90,"['jamaica', 'south', 'africa', 'massive', 'crime', 'rate', 'avoid', 'even', 'tourist', 'stay', 'resort', 'jamaica', 'arm', 'guard', 'gate', 'high', 'fence', 'surround', 'property', 'read', 'crime', 'stats', 'personal', 'safety', 'important']","['son', 'wife', 'go', 'jamaica', 'day', 'august', 'problem', 'anywhere', 'travel', 'country']",['Jamaica'],['Jamaica']
2024,0CVKc989V90,"['jamaica', 'south', 'africa', 'massive', 'crime', 'rate', 'avoid', 'even', 'tourist', 'stay', 'resort', 'jamaica', 'arm', 'guard', 'gate', 'high', 'fence', 'surround', 'property', 'read', 'crime', 'stats', 'personal', 'safety', 'important']","['must', 'compare', 'amount', 'crime', 'country', 'crime', 'america', 'everywhere', 'crime', 'level']",['Jamaica'],['United States']
2024,0CVKc989V90,"['jamaica', 'south', 'africa', 'massive', 'crime', 'rate', 'avoid', 'even', 'tourist', 'stay', 'resort', 'jamaica', 'arm', 'guard', 'gate', 'high', 'fence', 'surround', 'property', 'read', 'crime', 'stats', 'personal', 'safety', 'important']","['go', 'place', 'unless', 'u', 'super', 'richsonjaswart']",['Jamaica'],[]
2024,0CVKc989V90,"['jamaica', 'south', 'africa', 'massive', 'crime', 'rate', 'avoid', 'even', 'tourist', 'stay', 'resort', 'jamaica', 'arm', 'guard', 'gate', 'high', 'fence', 'surround', 'property', 'read', 'crime', 'stats', 'personal', 'safety', 'important']","['lilytd', '3cono', 'safe', 'good', 'defend', 'gaza']",['Jamaica'],[]
2024,0CVKc989V90,"['jamaica', 'south', 'africa', 'massive', 'crime', 'rate', 'avoid', 'even', 'tourist', 'stay', 'resort', 'jamaica', 'arm', 'guard', 'gate', 'high', 'fence', 'surround', 'property', 'read', 'crime', 'stats', 'personal', 'safety', 'important']","['get', 'information', 'never', 'problem', 'except', 'pushy', 'selles']",['Jamaica'],[]
2024,0CVKc989V90,"['jamaica', 'south', 'africa', 'massive', 'crime', 'rate', 'avoid', 'even', 'tourist', 'stay', 'resort', 'jamaica', 'arm', 'guard', 'gate', 'high', 'fence', 'surround', 'property', 'read', 'crime', 'stats', 'personal', 'safety', 'important']","['cousin', 'get', 'credit', 'card', 'stollen', 'right', 'plane', 'south', 'africa']",['Jamaica'],[]
2024,0CVKc989V90,"['jamaica', 'south', 'africa', 'massive', 'crime', 'rate', 'avoid', 'even', 'tourist', 'stay', 'resort', 'jamaica', 'arm', 'guard', 'gate', 'high', 'fence', 'surround', 'property', 'read', 'crime', 'stats', 'personal', 'safety', 'important']","['step', 'dad', 'jamaica', 'wish', 'much', 'could', 'retire', 'way', 'crime', 'horrible', 'crime', 'like', 'someone', 'break', 'car', 'crime', 'like', 'murder', 'arm', 'robbery', 'home', 'invasion', 'thats', 'sad', 'bc', 'amazing', 'beautiful', 'country', 'people', 'jamaica', 'beautiful', 'good', 'island', 'caribbean', 'people', 'food', 'diverse', 'landscape', 'cant', 'beat']",['Jamaica'],['Jamaica']
2024,0CVKc989V90,"['jamaica', 'south', 'africa', 'massive', 'crime', 'rate', 'avoid', 'even', 'tourist', 'stay', 'resort', 'jamaica', 'arm', 'guard', 'gate', 'high', 'fence', 'surround', 'property', 'read', 'crime', 'stats', 'personal', 'safety', 'important']","['acelticqueen', 'comment', 'usa', 'context', 'usa', 'wasnt', 'include', 'video']",['Jamaica'],['United States']
2024,0CVKc989V90,"['jamaica', 'south', 'africa', 'massive', 'crime', 'rate', 'avoid', 'even', 'tourist', 'stay', 'resort', 'jamaica', 'arm', 'guard', 'gate', 'high', 'fence', 'surround', 'property', 'read', 'crime', 'stats', 'personal', 'safety', 'important']","['hollywoodwil', 'go', 'attack', 'someone', 'else', 'n', 'little', 'thumb', 'attack', 'another', 'female', 'sooo', 'long', 'post', 'n', 'duh', 'kid', 'unlike', 'u', 'speak', 'live', 'take', 'wrong', 'dont', 'troll', 'frigging', 'comment', 'act', 'know', 'come', 'cause', 'away', 'friggin']",['Jamaica'],[]
2024,0CVKc989V90,"['jamaica', 'south', 'africa', 'massive', 'crime', 'rate', 'avoid', 'even', 'tourist', 'stay', 'resort', 'jamaica', 'arm', 'guard', 'gate', 'high', 'fence', 'surround', 'property', 'read', 'crime', 'stats', 'personal', 'safety', 'important']","['lhtnguyen', 'dont', 'know', 'youre', 'talk', 'havent', 'live', 'every', 'single', 'place', 'united', 'state', 'youre', 'probably', 'rich', 'labeling', 'stick', 'neighborhood', 'like', 'youre', 'act', 'havent', 'live', 'hood', 'live', 'every', 'place', 'united', 'state', 'get', 'people', 'comment', 'leave', 'leave', 'others', 'alone', 'dont', 'need', 'agree', 'dont', 'think', 'way', 'think', 'would', 'want']",['Jamaica'],['United States']
2024,0CVKc989V90,"['jamaica', 'south', 'africa', 'massive', 'crime', 'rate', 'avoid', 'even', 'tourist', 'stay', 'resort', 'jamaica', 'arm', 'guard', 'gate', 'high', 'fence', 'surround', 'property', 'read', 'crime', 'stats', 'personal', 'safety', 'important']","['resort', 'stay', 'jamaica']",['Jamaica'],['Jamaica']
2024,0CVKc989V90,"['jamaica', 'south', 'africa', 'massive', 'crime', 'rate', 'avoid', 'even', 'tourist', 'stay', 'resort', 'jamaica', 'arm', 'guard', 'gate', 'high', 'fence', 'surround', 'property', 'read', 'crime', 'stats', 'personal', 'safety', 'important']","['hollywoodwilwhat', 'name', 'resort', 'locate', 'stay', 'resort', 'great', 'armed', 'security']",['Jamaica'],[]
2024,0CVKc989V90,"['jamaica', 'south', 'africa', 'massive', 'crime', 'rate', 'avoid', 'even', 'tourist', 'stay', 'resort', 'jamaica', 'arm', 'guard', 'gate', 'high', 'fence', 'surround', 'property', 'read', 'crime', 'stats', 'personal', 'safety', 'important']","['ive', 'jamaica', 'three', 'time', 'without', 'anything', 'near', 'scary', 'know', 'go', 'outside', 'tourist', 'heaven', 'negril', 'maybe', 'little', 'research', 'go', 'vacation']",['Jamaica'],['Jamaica']
2024,0CVKc989V90,"['jamaica', 'south', 'africa', 'massive', 'crime', 'rate', 'avoid', 'even', 'tourist', 'stay', 'resort', 'jamaica', 'arm', 'guard', 'gate', 'high', 'fence', 'surround', 'property', 'read', 'crime', 'stats', 'personal', 'safety', 'important']","['agree', 'people', 'need', 'educate', 'research', 'base', 'need', 'cheap', 'isnt', 'always', 'well']",['Jamaica'],[]
2024,0CVKc989V90,"['jamaica', 'south', 'africa', 'massive', 'crime', 'rate', 'avoid', 'even', 'tourist', 'stay', 'resort', 'jamaica', 'arm', 'guard', 'gate', 'high', 'fence', 'surround', 'property', 'read', 'crime', 'stats', 'personal', 'safety', 'important']","['lilytd', '3co', 'part', 'africa', 'control', 'gang', 'russian', 'steal', 'african', 'people', 'beautiful', 'part', 'africa']",['Jamaica'],[]
2024,0CVKc989V90,"['jamaica', 'south', 'africa', 'massive', 'crime', 'rate', 'avoid', 'even', 'tourist', 'stay', 'resort', 'jamaica', 'arm', 'guard', 'gate', 'high', 'fence', 'surround', 'property', 'read', 'crime', 'stats', 'personal', 'safety', 'important']","['south', 'africa', 'gem', 'shithole', 'rolling', 'blackout', 'security', 'gate', 'dont', 'work', 'hour', 'taxi', 'driver', 'rob', 'neighbor', 'rob', 'avoid', 'cost', 'dont', 'let', 'try', 'convince']",['Jamaica'],[]
2024,0CVKc989V90,"['jamaica', 'south', 'africa', 'massive', 'crime', 'rate', 'avoid', 'even', 'tourist', 'stay', 'resort', 'jamaica', 'arm', 'guard', 'gate', 'high', 'fence', 'surround', 'property', 'read', 'crime', 'stats', 'personal', 'safety', 'important']",[],['Jamaica'],[]
2024,0CVKc989V90,"['jamaica', 'south', 'africa', 'massive', 'crime', 'rate', 'avoid', 'even', 'tourist', 'stay', 'resort', 'jamaica', 'arm', 'guard', 'gate', 'high', 'fence', 'surround', 'property', 'read', 'crime', 'stats', 'personal', 'safety', 'important']",[],['Jamaica'],[]
2024,0CVKc989V90,"['jamaica', 'south', 'africa', 'massive', 'crime', 'rate', 'avoid', 'even', 'tourist', 'stay', 'resort', 'jamaica', 'arm', 'guard', 'gate', 'high', 'fence', 'surround', 'property', 'read', 'crime', 'stats', 'personal', 'safety', 'important']",[],['Jamaica'],['Jamaica']
2024,0CVKc989V90,"['jamaica', 'south', 'africa', 'massive', 'crime', 'rate', 'avoid', 'even', 'tourist', 'stay', 'resort', 'jamaica', 'arm', 'guard', 'gate', 'high', 'fence', 'surround', 'property', 'read', 'crime', 'stats', 'personal', 'safety', 'important']","['ive', 'travel', 'world', 'place', 'felt', 'extremely', 'unsafe', 'jamaica']",['Jamaica'],['Jamaica']
2024,0CVKc989V90,"['jamaica', 'south', 'africa', 'massive', 'crime', 'rate', 'avoid', 'even', 'tourist', 'stay', 'resort', 'jamaica', 'arm', 'guard', 'gate', 'high', 'fence', 'surround', 'property', 'read', 'crime', 'stats', 'personal', 'safety', 'important']","['video', 'sort', 'joke', 'like', 'listen', 'trump', 'spin', 'b']",['Jamaica'],[]
2024,0CVKc989V90,"['amaze', 'video', 'friend', 'mine', 'refer', 'financial', 'adviser', 'sometime', 'ago', 'get', 'talk', 'investment', 'money', 'start', 'invest', '120k', 'first', 'month', 'portfolio', 'read', 'crazy', 'right', 'decide', 'reinvest', 'profit', 'get', 'interesting', 'year', 'work', 'together', 'make', 'consistent', 'profit', 'buy', 'second', 'home', 'week', 'ago', 'care', 'family']","['ive', 'force', 'find', 'additional', 'source', 'income', 'get', 'retrench', 'barely', 'time', 'continue', 'trading', 'watch', 'investment', 'since', 'second', 'daughter', 'think', 'take', 'break', 'market', 'focus', 'thing', 'return', 'whenever', 'free', 'time', 'continuous', 'process', 'thanks']",[],[]
2024,0CVKc989V90,"['amaze', 'video', 'friend', 'mine', 'refer', 'financial', 'adviser', 'sometime', 'ago', 'get', 'talk', 'investment', 'money', 'start', 'invest', '120k', 'first', 'month', 'portfolio', 'read', 'crazy', 'right', 'decide', 'reinvest', 'profit', 'get', 'interesting', 'year', 'work', 'together', 'make', 'consistent', 'profit', 'buy', 'second', 'home', 'week', 'ago', 'care', 'family']","['alinamathilda', 'quit', 'may', 'best', 'approach', 'ask', 'ai', 'come', 'picture', 'barely', 'time', 'trade', 'job', 'swallow', 'time', 'margaret', 'molli', 'alvey', 'licensed', 'fiduciary', 'make', 'figure', 'profit', 'less', 'seven', 'month', 'handle', 'investment', 'could', 'leave', 'lead', 'need', 'help']",[],[]
2024,0CVKc989V90,"['amaze', 'video', 'friend', 'mine', 'refer', 'financial', 'adviser', 'sometime', 'ago', 'get', 'talk', 'investment', 'money', 'start', 'invest', '120k', 'first', 'month', 'portfolio', 'read', 'crazy', 'right', 'decide', 'reinvest', 'profit', 'get', 'interesting', 'year', 'work', 'together', 'make', 'consistent', 'profit', 'buy', 'second', 'home', 'week', 'ago', 'care', 'family']","['johnawara', 'oh', 'please', 'id', 'love', 'thanks']",[],[]
2024,0CVKc989V90,"['amaze', 'video', 'friend', 'mine', 'refer', 'financial', 'adviser', 'sometime', 'ago', 'get', 'talk', 'investment', 'money', 'start', 'invest', '120k', 'first', 'month', 'portfolio', 'read', 'crazy', 'right', 'decide', 'reinvest', 'profit', 'get', 'interesting', 'year', 'work', 'together', 'make', 'consistent', 'profit', 'buy', 'second', 'home', 'week', 'ago', 'care', 'family']",[],[],[]
2024,0CVKc989V90,"['amaze', 'video', 'friend', 'mine', 'refer', 'financial', 'adviser', 'sometime', 'ago', 'get', 'talk', 'investment', 'money', 'start', 'invest', '120k', 'first', 'month', 'portfolio', 'read', 'crazy', 'right', 'decide', 'reinvest', 'profit', 'get', 'interesting', 'year', 'work', 'together', 'make', 'consistent', 'profit', 'buy', 'second', 'home', 'week', 'ago', 'care', 'family']","['lookup', 'name', 'webpage']",[],[]
2024,0CVKc989V90,"['amaze', 'video', 'friend', 'mine', 'refer', 'financial', 'adviser', 'sometime', 'ago', 'get', 'talk', 'investment', 'money', 'start', 'invest', '120k', 'first', 'month', 'portfolio', 'read', 'crazy', 'right', 'decide', 'reinvest', 'profit', 'get', 'interesting', 'year', 'work', 'together', 'make', 'consistent', 'profit', 'buy', 'second', 'home', 'week', 'ago', 'care', 'family']","['johnawara', 'great', 'thank', 'share']",[],[]
2024,0CVKc989V90,"['amaze', 'video', 'friend', 'mine', 'refer', 'financial', 'adviser', 'sometime', 'ago', 'get', 'talk', 'investment', 'money', 'start', 'invest', '120k', 'first', 'month', 'portfolio', 'read', 'crazy', 'right', 'decide', 'reinvest', 'profit', 'get', 'interesting', 'year', 'work', 'together', 'make', 'consistent', 'profit', 'buy', 'second', 'home', 'week', 'ago', 'care', 'family']","['alinamathilda', 'margaret', 'molli', 'alvey', 'trading', 'strategy', 'work', 'year', 'im', 'make', 'good', 'profit', 'stock', 'market', 'shes', 'honest', 'reputable', 'trustworthy']",[],[]
2024,0CVKc989V90,"['amaze', 'video', 'friend', 'mine', 'refer', 'financial', 'adviser', 'sometime', 'ago', 'get', 'talk', 'investment', 'money', 'start', 'invest', '120k', 'first', 'month', 'portfolio', 'read', 'crazy', 'right', 'decide', 'reinvest', 'profit', 'get', 'interesting', 'year', 'work', 'together', 'make', 'consistent', 'profit', 'buy', 'second', 'home', 'week', 'ago', 'care', 'family']","['another', 'scam']",[],[]
2024,0CVKc989V90,"['amaze', 'video', 'friend', 'mine', 'refer', 'financial', 'adviser', 'sometime', 'ago', 'get', 'talk', 'investment', 'money', 'start', 'invest', '120k', 'first', 'month', 'portfolio', 'read', 'crazy', 'right', 'decide', 'reinvest', 'profit', 'get', 'interesting', 'year', 'work', 'together', 'make', 'consistent', 'profit', 'buy', 'second', 'home', 'week', 'ago', 'care', 'family']","['share', 'adviser', 'name']",[],[]
2024,0CVKc989V90,"['amaze', 'video', 'friend', 'mine', 'refer', 'financial', 'adviser', 'sometime', 'ago', 'get', 'talk', 'investment', 'money', 'start', 'invest', '120k', 'first', 'month', 'portfolio', 'read', 'crazy', 'right', 'decide', 'reinvest', 'profit', 'get', 'interesting', 'year', 'work', 'together', 'make', 'consistent', 'profit', 'buy', 'second', 'home', 'week', 'ago', 'care', 'family']",[],[],[]
2024,0CVKc989V90,"['video', 'omit', 'unpleasant', 'truth', 'country', 'reason', 'inexpensive']","['offer', 'idea', 'unpleasant', 'truth', 'country', 'paul', 'someone', 'either', 'want', 'retire', 'abroad', 'even', 'visit']",[],[]
2024,0CVKc989V90,"['video', 'omit', 'unpleasant', 'truth', 'country', 'reason', 'inexpensive']","['mikefay', 'go', 'india', 'see']",[],['India']
2024,0CVKc989V90,"['video', 'omit', 'unpleasant', 'truth', 'country', 'reason', 'inexpensive']","['west', 'unpleasant', 'truth', 'expensive']",[],[]
2024,0CVKc989V90,"['video', 'omit', 'unpleasant', 'truth', 'country', 'reason', 'inexpensive']","['mikefay', 'guyana', 'get', 'malaria', 'exotic', 'tropical', 'disease', 'get', 'racial', 'problem', 'afro', 'east', 'indian']",[],['Guyana']
2024,0CVKc989V90,"['video', 'omit', 'unpleasant', 'truth', 'country', 'reason', 'inexpensive']","['probably', 'visitin', 'givesva', 'feel', 'unless', 'extremely', 'wealthy', 'u', 'plan', 'relocatingbanywhere', 'thevworld', 'give', 'fact', 'cost', 'livin', 'crisis', 'global', 'post', 'pandemic', 'war', 'prolongedveffect', 'om', 'oil', 'economic', 'recoveryhow', 'country', 'adjust', 'differs']",[],[]
2024,0CVKc989V90,"['video', 'omit', 'unpleasant', 'truth', 'country', 'reason', 'inexpensive']","['paulits', 'cheap', 'bcos', 'currency', 'exchange', 'rate', 'bcos', 'omission', 'unpleasant', 'truth', 'malaysian', 'exchange', 'rate', '1usd', 'myr', 'one', 'lolipop', 'malaysia', 'myr', 'usd', 'buy', 'still', 'change', 'back', 'understand', 'u', 'malaysiawe', 'feel', 'pain', 'inflation', 'like', 'everywhere', 'else']",[],"['Malaysia', 'United States']"
2024,0CVKc989V90,"['video', 'omit', 'unpleasant', 'truth', 'country', 'reason', 'inexpensive']","['mikefay', '100common', 'sense', 'would', 'tell', 'high', 'crime']",[],[]
2024,0CVKc989V90,"['video', 'omit', 'unpleasant', 'truth', 'country', 'reason', 'inexpensive']","['apparently', 'dont', 'travel', 'outside', 'la', 'vega']",[],[]
2024,0CVKc989V90,"['video', 'omit', 'unpleasant', 'truth', 'country', 'reason', 'inexpensive']","['america', 'cheap', 'definitely', 'dont', 'want', 'talk', 'unpleasant', 'truth', 'cant', 'even', 'send', 'child', 'school', 'without', 'afraid']",[],['United States']
2024,0CVKc989V90,"['wanna', 'live', 'like', 'local', 'live', 'belize', 'month', 'american', 'cannot', 'need', 'least', 'month', 'want', 'live', 'like', 'u', 'youre', 'gonna', 'need', 'lot', 'keep', 'mind', 'thing', 'import', 'add', 'cost', 'live', 'youre', 'gonna', 'live', 'san', 'pedro', 'everything', 'import', 'also', 'target', 'every', 'scammer', 'country', 'please', 'understand', 'would', 'move', 'like', 'vacation']","['would', 'recommend']","['Belize', 'United States']",[]
2024,0CVKc989V90,"['wanna', 'live', 'like', 'local', 'live', 'belize', 'month', 'american', 'cannot', 'need', 'least', 'month', 'want', 'live', 'like', 'u', 'youre', 'gonna', 'need', 'lot', 'keep', 'mind', 'thing', 'import', 'add', 'cost', 'live', 'youre', 'gonna', 'live', 'san', 'pedro', 'everything', 'import', 'also', 'target', 'every', 'scammer', 'country', 'please', 'understand', 'would', 'move', 'like', 'vacation']","['thanks', 'add', 'thats', 'helpful']","['Belize', 'United States']",[]
2024,0CVKc989V90,"['wanna', 'live', 'like', 'local', 'live', 'belize', 'month', 'american', 'cannot', 'need', 'least', 'month', 'want', 'live', 'like', 'u', 'youre', 'gonna', 'need', 'lot', 'keep', 'mind', 'thing', 'import', 'add', 'cost', 'live', 'youre', 'gonna', 'live', 'san', 'pedro', 'everything', 'import', 'also', 'target', 'every', 'scammer', 'country', 'please', 'understand', 'would', 'move', 'like', 'vacation']","['think', 'depend', 'want', 'live', 'mean', 'live', 'u', 'type', 'people', 'way', 'living', 'usa', 'couple', 'single', 'person']","['Belize', 'United States']",['United States']
2024,0CVKc989V90,"['wanna', 'live', 'like', 'local', 'live', 'belize', 'month', 'american', 'cannot', 'need', 'least', 'month', 'want', 'live', 'like', 'u', 'youre', 'gonna', 'need', 'lot', 'keep', 'mind', 'thing', 'import', 'add', 'cost', 'live', 'youre', 'gonna', 'live', 'san', 'pedro', 'everything', 'import', 'also', 'target', 'every', 'scammer', 'country', 'please', 'understand', 'would', 'move', 'like', 'vacation']","['thanks', 'also', 'hear', 'belize', 'healthcare', 'isnt', 'best']","['Belize', 'United States']",[]
2024,0CVKc989V90,"['wanna', 'live', 'like', 'local', 'live', 'belize', 'month', 'american', 'cannot', 'need', 'least', 'month', 'want', 'live', 'like', 'u', 'youre', 'gonna', 'need', 'lot', 'keep', 'mind', 'thing', 'import', 'add', 'cost', 'live', 'youre', 'gonna', 'live', 'san', 'pedro', 'everything', 'import', 'also', 'target', 'every', 'scammer', 'country', 'please', 'understand', 'would', 'move', 'like', 'vacation']",[],"['Belize', 'United States']",['Albania']
2024,0CVKc989V90,"['wanna', 'live', 'like', 'local', 'live', 'belize', 'month', 'american', 'cannot', 'need', 'least', 'month', 'want', 'live', 'like', 'u', 'youre', 'gonna', 'need', 'lot', 'keep', 'mind', 'thing', 'import', 'add', 'cost', 'live', 'youre', 'gonna', 'live', 'san', 'pedro', 'everything', 'import', 'also', 'target', 'every', 'scammer', 'country', 'please', 'understand', 'would', 'move', 'like', 'vacation']","['go', 'another', 'country', 'arent', 'go', 'integrate', 'country', 'culture', 'make', 'sense']","['Belize', 'United States']",[]
2024,0CVKc989V90,"['wanna', 'live', 'like', 'local', 'live', 'belize', 'month', 'american', 'cannot', 'need', 'least', 'month', 'want', 'live', 'like', 'u', 'youre', 'gonna', 'need', 'lot', 'keep', 'mind', 'thing', 'import', 'add', 'cost', 'live', 'youre', 'gonna', 'live', 'san', 'pedro', 'everything', 'import', 'also', 'target', 'every', 'scammer', 'country', 'please', 'understand', 'would', 'move', 'like', 'vacation']","['belize', 'also', 'great', 'many', 'corrupt', 'public', 'official', 'beware', 'buying', 'building']","['Belize', 'United States']",['Belize']
2024,0CVKc989V90,"['india', 'good', 'place', 'come', 'many', 'leave', 'india', 'move', 'country']","['educate', 'employable', 'highly', 'sincere', 'truthful', 'indian', 'youngster', 'seek', 'improve', 'life', 'work', 'anywhere', 'world', 'section', 'population', 'high', 'india', 'give', 'number', 'case', 'work', 'eager', 'work', 'population', 'many', 'time', 'large', 'whole', 'population', 'fairly', 'big', 'country', 'also', 'indian', 'people', 'show', 'remarkable', 'resilience', 'adapt', 'new', 'region', 'lifestyle', 'maybe', 'want', 'good', 'life', 'remarkable', 'stoic', 'ability', 'grind', 'persevere', 'humanity', 'praise', 'spirit']",['India'],['India']
2024,0CVKc989V90,"['india', 'good', 'place', 'come', 'many', 'leave', 'india', 'move', 'country']",['india'],['India'],['India']
2024,0CVKc989V90,"['india', 'good', 'place', 'come', 'many', 'leave', 'india', 'move', 'country']","['correct', 'everywhere', 'find']",['India'],[]
2024,0CVKc989V90,"['india', 'good', 'place', 'come', 'many', 'leave', 'india', 'move', 'country']","['mryepic', 'mostly', 'poor', 'idia', 'rural']",['India'],[]
2024,0CVKc989V90,"['india', 'good', 'place', 'come', 'many', 'leave', 'india', 'move', 'country']","['interesting', 'question']",['India'],[]
2024,0CVKc989V90,"['india', 'good', 'place', 'come', 'many', 'leave', 'india', 'move', 'country']","['india', 'bad', 'country', 'go', 'even', 'people', 'rude', 'resist']",['India'],['India']
2024,0CVKc989V90,"['india', 'good', 'place', 'come', 'many', 'leave', 'india', 'move', 'country']","['high', 'population', 'world']",['India'],[]
2024,0CVKc989V90,"['india', 'good', 'place', 'come', 'many', 'leave', 'india', 'move', 'country']","['werent', 'uk', 'spain', 'france', 'portugal', 'good', 'place', 'sailor', 'country', 'go', 'various', 'place', 'around', 'world', 'start', 'live', 'colonize', 'today', 'indian', 'get']",['India'],"['France', 'Portugal', 'Spain', 'United Kingdom']"
2024,0CVKc989V90,"['india', 'good', 'place', 'come', 'many', 'leave', 'india', 'move', 'country']","['country', 'best', 'choice']",['India'],[]
2024,0CVKc989V90,"['india', 'good', 'place', 'come', 'many', 'leave', 'india', 'move', 'country']","['india', 'bad', 'choice', 'high', 'rate', 'rape', 'crime', 'well', 'country', 'pollution', 'poor', 'hygiene']",['India'],['India']
2024,0CVKc989V90,"['india', 'good', 'place', 'come', 'many', 'leave', 'india', 'move', 'country']","['mryepic', 'india', 'bad', 'choice', 'high', 'rate', 'rape', 'crime', 'well', 'country', 'pollution', 'poor', 'hygiene']",['India'],['India']
2024,0CVKc989V90,"['india', 'good', 'place', 'come', 'many', 'leave', 'india', 'move', 'country']","['actually', 'good', 'exchange']",['India'],[]
2024,0CVKc989V90,"['india', 'good', 'place', 'come', 'many', 'leave', 'india', 'move', 'country']","['jay', 'sweet', 'dream', 'baby', 'already', 'fail', 'fit', 'task']",['India'],[]
2024,0CVKc989V90,"['india', 'good', 'place', 'come', 'many', 'leave', 'india', 'move', 'country']","['thats', 'good', 'question']",['India'],[]
2024,0CVKc989V90,"['india', 'good', 'place', 'come', 'many', 'leave', 'india', 'move', 'country']","['indian', 'come', 'canada', 'never', 'move', 'back', 'home', 'theres', 'reason', 'isnt']",['India'],['Canada']
2024,0CVKc989V90,"['india', 'good', 'place', 'come', 'many', 'leave', 'india', 'move', 'country']","['inexpensive', 'nice', 'place', 'good', 'place', 'anyone', 'living', 'small', 'fixed', 'income', 'like', 'many', 'retiree', 'people', 'eager', 'leave', 'india', 'part', 'young', 'people', 'want', 'find', 'wellpaying', 'work', 'obviously', 'work', 'find', 'pricy', 'place']",['India'],"['France', 'India']"
2024,0CVKc989V90,"['india', 'good', 'place', 'come', 'many', 'leave', 'india', 'move', 'country']","['dont', 'want', 'rap']",['India'],[]
2024,0CVKc989V90,"['india', 'good', 'place', 'come', 'many', 'leave', 'india', 'move', 'country']","['probably', 'good', 'place', 'retire', 'much', 'productive', 'year']",['India'],[]
2024,0CVKc989V90,"['india', 'good', 'place', 'come', 'many', 'leave', 'india', 'move', 'country']",['money'],['India'],[]
2024,0CVKc989V90,"['come', 'many', 'country', 'super', 'unsafe']",['think'],[],[]
2024,0CVKc989V90,"['come', 'many', 'country', 'super', 'unsafe']","['example', 'compare']",[],[]
2024,0CVKc989V90,"['come', 'many', 'country', 'super', 'unsafe']","['bizarreworldadventures', '361where']",[],[]
2024,0CVKc989V90,"['cheap', 'isnt', 'easy', 'easy', 'isnt', 'cheap']","['many', 'country', 'live']",[],[]
2024,0CVKc989V90,"['cheap', 'isnt', 'easy', 'easy', 'isnt', 'cheap']",[],[],[]
2024,0CVKc989V90,"['cheap', 'isnt', 'always', 'good']",['exactly'],[],[]
2024,0CVKc989V90,"['cheap', 'isnt', 'always', 'good']","['put', 'back', 'know', 'cant', 'afford', 'variety', 'pack']",[],[]
2024,0CVKc989V90,"['cheap', 'isnt', 'always', 'good']","['plan', 'pick', 'cost']",[],[]
2024,0CVKc989V90,"['cheap', 'isnt', 'always', 'good']","['correction', 'cheap', 'never', 'good']",[],[]
2024,0CVKc989V90,"['cheap', 'isnt', 'always', 'good']","['many', 'country', 'live']",[],[]
2024,0CVKc989V90,"['cheap', 'isnt', 'always', 'good']","['inexpensive', 'good', 'though']",[],[]
2024,0CVKc989V90,"['st', 'lucia', 'grenada', 'st', 'lucia', 'malaysia', 'guyana', 'india', 'philippine', 'st', 'kitts', 'nevis', 'btwn', 'st', 'lucia', 'peurto', 'rico', 'belize', 'jamaica', 'africa']","['lot', 'shitholes', 'list']","['Philippines', 'Belize', 'Malaysia', 'Jamaica', 'Grenada', 'India', 'Guyana']",[]
2024,0CVKc989V90,"['st', 'lucia', 'grenada', 'st', 'lucia', 'malaysia', 'guyana', 'india', 'philippine', 'st', 'kitts', 'nevis', 'btwn', 'st', 'lucia', 'peurto', 'rico', 'belize', 'jamaica', 'africa']",[],"['Philippines', 'Belize', 'Malaysia', 'Jamaica', 'Grenada', 'India', 'Guyana']",[]
2024,0CVKc989V90,"['st', 'lucia', 'grenada', 'st', 'lucia', 'malaysia', 'guyana', 'india', 'philippine', 'st', 'kitts', 'nevis', 'btwn', 'st', 'lucia', 'peurto', 'rico', 'belize', 'jamaica', 'africa']",[],"['Philippines', 'Belize', 'Malaysia', 'Jamaica', 'Grenada', 'India', 'Guyana']",[]
2024,0CVKc989V90,"['st', 'lucia', 'grenada', 'st', 'lucia', 'malaysia', 'guyana', 'india', 'philippine', 'st', 'kitts', 'nevis', 'btwn', 'st', 'lucia', 'peurto', 'rico', 'belize', 'jamaica', 'africa']","['wouldnt', 'want', 'live', 'country']","['Philippines', 'Belize', 'Malaysia', 'Jamaica', 'Grenada', 'India', 'Guyana']",[]
2024,0CVKc989V90,"['absolutely', 'cheap', 'retire', 'malaysia', 'change', 'mm2h', 'program', 'last', 'year']",[],['Malaysia'],[]
2024,0CVKc989V90,"['find', 'many', 'site', 'list', 'inexpensive', 'place', 'retire', 'hardly', 'know', 'anything', 'country', 'cover', 'except', 'cheap', 'live']","['agree', 'use', 'fake', 'ai', 'artificial', 'voice', 'narration', 'addition', 'many', 'photo', 'video', 'show', 'mention', 'country', 'actually', 'photo', 'video', 'clip', 'particular', 'country', 'eg', 'video', 'beach', 'promenade', 'discuss', 'belize', 'ridiculous', 'look', 'mediterranean', 'like', 'perhaps', 'malta', 'definitely', 'belize']",[],"['Belize', 'Malta']"
2024,0CVKc989V90,"['find', 'many', 'site', 'list', 'inexpensive', 'place', 'retire', 'hardly', 'know', 'anything', 'country', 'cover', 'except', 'cheap', 'live']","['155gerard', 'totally', 'agree', 'add', 'proof', 'talk', 'belize', 'show', 'brazilian', 'beach', 'read', 'clearly', 'signal', 'joão', 'pessoa', 'capital', 'state', 'de', 'paraíba', 'know', 'im', 'brasil']",[],['Belize']
2024,0CVKc989V90,"['yes', 'philippine', 'best', 'megreetings', 'canada']","['crime', 'rate', 'canadian', 'city']","['Philippines', 'Canada']",[]
2024,0CVKc989V90,"['yes', 'philippine', 'best', 'megreetings', 'canada']","['annavl', '3era', 'lot', 'low', 'u', 'education', 'system', 'top', 'u', 'even', 'close', 'many', 'country', 'philippine', 'many', 'part', 'beat', 'safe', 'stay', 'district', 'enterimg', 'red', 'zone', 'extreamly', 'dangerous']","['Philippines', 'Canada']","['Philippines', 'United States']"
2024,0CVKc989V90,"['yes', 'philippine', 'best', 'megreetings', 'canada']","['philippine', 'similar', 'hell', 'earth', 'senegalesque', 'temperature', 'mention', 'yearly', 'mega', 'flood', 'dantesque', 'natural', 'disaster', 'wasnt', 'enough', 'president', 'authorize', 'police', 'arrest', 'jail', 'anyone', 'suspect', 'involve', 'drug', 'traffic', 'due', 'process', 'judicial', 'order', 'policeman', 'would', 'decide', 'arrest', 'base', 'victim', 'look', 'thousand', 'murder', 'po', 'resist', 'arrest']","['Philippines', 'Canada']",['Philippines']
2024,0CVKc989V90,"['philippine', 'cheap', 'english', 'speaking', 'country', 'retirementeverybody', 'speaks', 'englishpeople', 'generally', 'politenice', 'tropical', 'weatherand', 'predominantly', 'christian', 'country', 'asia']","['yes', 'phillippines', 'good', 'choice', 'lebanon', 'southwest', 'asia', 'fifty', 'percent', 'christian']","['France', 'Philippines']",['Lebanon']
2024,0CVKc989V90,"['philippine', 'cheap', 'english', 'speaking', 'country', 'retirementeverybody', 'speaks', 'englishpeople', 'generally', 'politenice', 'tropical', 'weatherand', 'predominantly', 'christian', 'country', 'asia']","['agree', 'develop', 'malaysia', 'youre', 'retire', 'would', 'great', 'infrastructure', 'unreliable', 'youre', 'digital', 'nomad']","['France', 'Philippines']",['Malaysia']
2024,0CVKc989V90,"['philippine', 'cheap', 'english', 'speaking', 'country', 'retirementeverybody', 'speaks', 'englishpeople', 'generally', 'politenice', 'tropical', 'weatherand', 'predominantly', 'christian', 'country', 'asia']","['christian', 'portuguese', 'spanish', 'americans', 'wipe', 'muslim', 'population']","['France', 'Philippines']",[]
2024,0CVKc989V90,"['philippine', 'cheap', 'english', 'speaking', 'country', 'retirementeverybody', 'speaks', 'englishpeople', 'generally', 'politenice', 'tropical', 'weatherand', 'predominantly', 'christian', 'country', 'asia']","['ya', 'surprise', 'south', 'africas', 'living', 'expense', 'cheap', 'philippine', 'country', 'mention', 'fact', 'true']","['France', 'Philippines']",['Philippines']
2024,0CVKc989V90,"['philippine', 'cheap', 'english', 'speaking', 'country', 'retirementeverybody', 'speaks', 'englishpeople', 'generally', 'politenice', 'tropical', 'weatherand', 'predominantly', 'christian', 'country', 'asia']","['155gerardthe', 'topic', 'english', 'speaking', 'country']","['France', 'Philippines']",[]
2024,0CVKc989V90,"['philippine', 'cheap', 'english', 'speaking', 'country', 'retirementeverybody', 'speaks', 'englishpeople', 'generally', 'politenice', 'tropical', 'weatherand', 'predominantly', 'christian', 'country', 'asia']","['pinoyhawaiifarmer', 'exactly', 'reply', 'jack', 'list', 'three', 'additional', 'quality', 'along', 'english', 'speaking', 'philippine', 'everybody', 'speak', 'english', 'additionally', 'generally', 'polite', 'country', 'predominantly', 'christian', 'nice', 'tropical', 'weather']","['France', 'Philippines']","['France', 'Philippines']"
2024,0CVKc989V90,"['philippine', 'cheap', 'english', 'speaking', 'country', 'retirementeverybody', 'speaks', 'englishpeople', 'generally', 'politenice', 'tropical', 'weatherand', 'predominantly', 'christian', 'country', 'asia']","['philippine', 'similar', 'hell', 'earth', 'senegalesque', 'temperature', 'mention', 'yearly', 'mega', 'flood', 'dantesque', 'natural', 'disaster', 'wasnt', 'enough', 'president', 'authorize', 'police', 'arrest', 'jail', 'anyone', 'suspect', 'involve', 'drug', 'traffic', 'due', 'process', 'judicial', 'order', 'policeman', 'would', 'decide', 'arrest', 'base', 'victim', 'look', 'thousand', 'murder', 'po', 'resist', 'arrest', 'dangerous', 'country']","['France', 'Philippines']",['Philippines']
2024,0CVKc989V90,"['philippine', 'cheap', 'english', 'speaking', 'country', 'retirementeverybody', 'speaks', 'englishpeople', 'generally', 'politenice', 'tropical', 'weatherand', 'predominantly', 'christian', 'country', 'asia']","['agree', 'philippine', 'english', 'speaking', 'cheap']","['France', 'Philippines']",['Philippines']
2024,0CVKc989V90,"['philippine', 'cheap', 'english', 'speaking', 'country', 'retirementeverybody', 'speaks', 'englishpeople', 'generally', 'politenice', 'tropical', 'weatherand', 'predominantly', 'christian', 'country', 'asia']","['155gerard', 'christian', 'use', 'islam', 'mean', 'islam', 'near', 'future']","['France', 'Philippines']",[]
2024,0CVKc989V90,"['philippine', 'cheap', 'english', 'speaking', 'country', 'retirementeverybody', 'speaks', 'englishpeople', 'generally', 'politenice', 'tropical', 'weatherand', 'predominantly', 'christian', 'country', 'asia']","['say', 'everyone', 'philippine', 'speak', 'english', 'show', 'youve', 'never', 'visit', 'philippine']","['France', 'Philippines']",['Philippines']
2024,0CVKc989V90,"['live', 'costa', 'rica', 'month', 'year', 'round', 'humidity', 'extremely', 'challenge', 'like', 'live', 'inside', 'sponge']","['tell', 'costa', 'rica']",[],[]
2024,0CVKc989V90,"['live', 'costa', 'rica', 'month', 'year', 'round', 'humidity', 'extremely', 'challenge', 'like', 'live', 'inside', 'sponge']",[],[],[]
2024,0CVKc989V90,"['live', 'costa', 'rica', 'month', 'year', 'round', 'humidity', 'extremely', 'challenge', 'like', 'live', 'inside', 'sponge']","['im', 'costa', 'rica', 'lol', 'hot', 'couldnt', 'even', 'enjoy']",[],[]
2024,0CVKc989V90,"['live', 'costa', 'rica', 'month', 'year', 'round', 'humidity', 'extremely', 'challenge', 'like', 'live', 'inside', 'sponge']","['move', 'near', 'mountain', 'sjo', 'heredia']",[],[]
2024,0CVKc989V90,"['live', 'costa', 'rica', 'month', 'year', 'round', 'humidity', 'extremely', 'challenge', 'like', 'live', 'inside', 'sponge']","['must', 'near', 'beach', 'near', 'sea', 'level', 'mountain', 'nice']",[],['France']
2024,0CVKc989V90,"['live', 'costa', 'rica', 'month', 'year', 'round', 'humidity', 'extremely', 'challenge', 'like', 'live', 'inside', 'sponge']","['always', 'comment', 'please', 'mention', 'humidity', 'level', 'know', 'experience', 'cant', 'breath', 'get', 'insect', 'year']",[],[]
2024,0CVKc989V90,"['live', 'costa', 'rica', 'month', 'year', 'round', 'humidity', 'extremely', 'challenge', 'like', 'live', 'inside', 'sponge']","['thats', 'central', 'america', 'would', 'expect', 'hell', 'earth', 'hot', 'u', 'southern', 'state', 'even', 'bad', 'since', 'winter']",[],['United States']
2024,0CVKc989V90,"['live', 'costa', 'rica', 'month', 'year', 'round', 'humidity', 'extremely', 'challenge', 'like', 'live', 'inside', 'sponge']","['rafavalmor', 'heredia', 'beautiful', 'clothes', 'closet', 'always', 'felt', 'damp', 'would', 'cold', 'morning', 'blanket', 'would', 'feel', 'like', 'wet', 'sponge', 'sick', 'bronchitis', 'entire', 'time', 'month']",[],[]
2024,0CVKc989V90,"['live', 'costa', 'rica', 'month', 'year', 'round', 'humidity', 'extremely', 'challenge', 'like', 'live', 'inside', 'sponge']","['andmass', 'shooting', 'maga', 'nut']",[],[]
2024,0CVKc989V90,"['dollar', 'cost', 'vologer', 'give', 'totally', 'mislead', 'number', 'need', 'double', 'reasonable', 'retirement', 'need', 'tribled', 'safe', 'comfortable', 'retirement', 'typical', 'youtube', 'vologer', 'lure', 'sub', 'like', 'view', 'note', 'every', 'view', 'get', 'inaccurate', 'information', 'google', 'country', 'dont', 'go', 'vologers', 'like', 'guy', 'pedal']","['absolutely', 'correct', 'total', 'misleading', 'propaganda', 'video', 'generate', 'like']",[],[]
2024,0CVKc989V90,"['dollar', 'cost', 'vologer', 'give', 'totally', 'mislead', 'number', 'need', 'double', 'reasonable', 'retirement', 'need', 'tribled', 'safe', 'comfortable', 'retirement', 'typical', 'youtube', 'vologer', 'lure', 'sub', 'like', 'view', 'note', 'every', 'view', 'get', 'inaccurate', 'information', 'google', 'country', 'dont', 'go', 'vologers', 'like', 'guy', 'pedal']","['find', 'paint', 'falsely', 'rosey', 'picture', 'country', 'show']",[],[]
2024,0CVKc989V90,"['dollar', 'cost', 'vologer', 'give', 'totally', 'mislead', 'number', 'need', 'double', 'reasonable', 'retirement', 'need', 'tribled', 'safe', 'comfortable', 'retirement', 'typical', 'youtube', 'vologer', 'lure', 'sub', 'like', 'view', 'note', 'every', 'view', 'get', 'inaccurate', 'information', 'google', 'country', 'dont', 'go', 'vologers', 'like', 'guy', 'pedal']","['gregorymasovutch', 'point', 'well', 'take', 'vloggers', 'exaggerate', 'however', 'research', 'numbeo', 'elsewhere', 'well', 'read', 'many', 'comment', 'ppl', 'actually', 'live', 'place', 'become', 'evident', 'quite', 'possible', 'live', '1000mo', 'thereabouts', 'even', 'less', 'catch', 'one', 'mean', 'live', 'youre', 'bring', 'heavy', 'western', 'expectation', 'need', 'baggage', 'work', 'dont', 'mind', 'live', 'decent', 'modest', 'normal', 'life', 'way', 'ppl', 'world', 'live', 'yeah', '1k', 'enough', 'many', 'rural', 'context', 'lot', 'enough', 'youve', 'gotta', 'glitz', 'car', 'snazzy', 'condos', 'blah', 'blah', 'like', 'typical', 'spoil', 'american', 'course', 'youll', 'double', 'price']",[],[]
2024,0CVKc989V90,"['dollar', 'cost', 'vologer', 'give', 'totally', 'mislead', 'number', 'need', 'double', 'reasonable', 'retirement', 'need', 'tribled', 'safe', 'comfortable', 'retirement', 'typical', 'youtube', 'vologer', 'lure', 'sub', 'like', 'view', 'note', 'every', 'view', 'get', 'inaccurate', 'information', 'google', 'country', 'dont', 'go', 'vologers', 'like', 'guy', 'pedal']","['agree', 'shoddy', 'video']",[],[]
2024,0CVKc989V90,"['philippine', 'culture', 'safety', 'people', 'friendly', 'best', 'climate']","['scam', 'get', 'bad']",['Philippines'],[]
2024,0CVKc989V90,"['philippine', 'culture', 'safety', 'people', 'friendly', 'best', 'climate']","['best', 'climate', 'hot', 'humid', 'one', 'natural', 'disaster', 'world']",['Philippines'],[]
2024,0CVKc989V90,"['philippine', 'culture', 'safety', 'people', 'friendly', 'best', 'climate']","['best', 'climate', 'philippine', 'similar', 'hell', 'earth', 'senegalesque', 'temperature', 'mention', 'yearly', 'mega', 'flood', 'dantesque', 'natural', 'disaster', 'wasnt', 'enough', 'president', 'authorize', 'police', 'arrest', 'jail', 'anyone', 'suspect', 'involve', 'drug', 'traffic', 'due', 'process', 'judicial', 'order', 'policeman', 'would', 'decide', 'arrest', 'base', 'victim', 'look', 'thousand', 'murder', 'po', 'resist', 'arrest']",['Philippines'],['Philippines']
2024,0CVKc989V90,"['philippine', 'culture', 'safety', 'people', 'friendly', 'best', 'climate']","['elderly', 'woman']",['Philippines'],[]
2024,0CVKc989V90,"['philippine', 'culture', 'safety', 'people', 'friendly', 'best', 'climate']","['slum', 'scam', 'poor', 'infrastructure']",['Philippines'],[]
2024,0CVKc989V90,"['pro', 'con', 'tell', 'u', 'good', 'bad']",[],['United States'],[]
2024,0CVKc989V90,"['promotional', 'factual']","['yes', 'devoid', 'specific', 'plenty', 'sacharine', 'sweet', 'adjective', 'kind', 'b']",[],[]
2024,0CVKc989V90,"['promotional', 'factual']","['155gerard', 'agree', 'full', 'b', 'madeup', 'fact']",[],[]
2024,0CVKc989V90,"['philippine', 'singapore', 'malaysia', 'south', 'africa', 'guyana', 'columbia', 'somewhere', 'south', 'america']","['malta', 'safe', 'country', 'relatively', 'inexpensive', 'local', 'speak', 'english']","['Philippines', 'Malaysia', 'Singapore', 'United States', 'Guyana']",['Malta']
2024,0CVKc989V90,"['philippine', 'singapore', 'malaysia', 'south', 'africa', 'guyana', 'columbia', 'somewhere', 'south', 'america']","['south', 'america', 'way']","['Philippines', 'Malaysia', 'Singapore', 'United States', 'Guyana']",['United States']
2024,0CVKc989V90,"['philippine', 'singapore', 'malaysia', 'south', 'africa', 'guyana', 'columbia', 'somewhere', 'south', 'america']","['live', 'se', 'asia', 'good', 'bad', 'ugly', 'much', 'funny', 'good', 'usa']","['Philippines', 'Malaysia', 'Singapore', 'United States', 'Guyana']",['United States']
2024,0CVKc989V90,"['philippine', 'singapore', 'malaysia', 'south', 'africa', 'guyana', 'columbia', 'somewhere', 'south', 'america']","['columbia', 'name', 'famous', 'university', 'locate', 'harlem', 'nyc', 'name', 'u', 'capital', 'washingtondc', 'district', 'columbia', 'country', 'south', 'america', 'name', 'columbia', 'yet', 'country', 'continent', 'border', 'venezuela', 'name', 'colombia']","['Philippines', 'Malaysia', 'Singapore', 'United States', 'Guyana']","['Colombia', 'United States']"
2024,0CVKc989V90,"['philippine', 'singapore', 'malaysia', 'south', 'africa', 'guyana', 'columbia', 'somewhere', 'south', 'america']","['noeleenbarry', 'malta', 'another', 'furnace', 'thanks', 'thanks']","['Philippines', 'Malaysia', 'Singapore', 'United States', 'Guyana']",['Malta']
2024,0CVKc989V90,"['philippine', 'singapore', 'malaysia', 'south', 'africa', 'guyana', 'columbia', 'somewhere', 'south', 'america']","['singapore', 'expensive']","['Philippines', 'Malaysia', 'Singapore', 'United States', 'Guyana']",['Singapore']
2024,0CVKc989V90,"['philippine', 'singapore', 'malaysia', 'south', 'africa', 'guyana', 'columbia', 'somewhere', 'south', 'america']",['ignorant'],"['Philippines', 'Malaysia', 'Singapore', 'United States', 'Guyana']",[]
2024,0CVKc989V90,"['philippine', 'singapore', 'malaysia', 'south', 'africa', 'guyana', 'columbia', 'somewhere', 'south', 'america']","['homosexuality', 'act', 'violate', 'law', 'jamaica', 'culture', 'actively', 'hostile', 'gays']","['Philippines', 'Malaysia', 'Singapore', 'United States', 'Guyana']",['Jamaica']
2024,0CVKc989V90,"['philippine', 'singapore', 'malaysia', 'south', 'africa', 'guyana', 'columbia', 'somewhere', 'south', 'america']","['wish', 'singapore', 'cheap', 'would', 'second']","['Philippines', 'Malaysia', 'Singapore', 'United States', 'Guyana']",['Singapore']
2024,0CVKc989V90,"['philippine', 'singapore', 'malaysia', 'south', 'africa', 'guyana', 'columbia', 'somewhere', 'south', 'america']","['boudiccaprasutagus', 'need', 'get', 'life']","['Philippines', 'Malaysia', 'Singapore', 'United States', 'Guyana']",[]
2024,0CVKc989V90,"['philippine', 'singapore', 'malaysia', 'south', 'africa', 'guyana', 'columbia', 'somewhere', 'south', 'america']","['noeleenbarrynever', 'heard', 'maltese', 'maffia', 'one', 'dangerous', 'world']","['Philippines', 'Malaysia', 'Singapore', 'United States', 'Guyana']",[]
2024,0CVKc989V90,"['malaysia', 'caribbean', 'country', 'mention', 'worth', 'consideringforget', 'others']",[],['Malaysia'],[]
2024,0CVKc989V90,"['many', 'country', 'safe', 'unless', 'remain', 'within', 'wall', 'resort', 'caribbean', 'island', 'mention', 'would', 'bad', 'choice', 'lgbtq', 'community', 'friend', 'island', 'leave', 'life', 'danger']",[],[],[]
2024,0CVKc989V90,"['earth', 'recommend', 'jamaica', 'south', 'africa', 'baffle', 'absolutely', 'crime', 'ridden', 'safe']",[],['Jamaica'],[]
2024,0CVKc989V90,"['indias', 'rank', 'good', 'philippine']","['ever', 'check', 'law', 'philippine', 'wouldnt', 'want', 'live']",['Philippines'],['Philippines']
2024,0CVKc989V90,"['indias', 'rank', 'good', 'philippine']","['india', 'rat', 'high', 'video', 'incorrect', 'bad']",['Philippines'],['India']
2024,0CVKc989V90,"['indias', 'rank', 'good', 'philippine']","['ive', 'unless', 'know', 'someone', 'pi', 'seem', 'dangerous', 'visit', 'much', 'less', 'livecoffewithsteve']",['Philippines'],[]
2024,0CVKc989V90,"['indias', 'rank', 'good', 'philippine']","['philippine', 'similar', 'hell', 'earth', 'senegalesque', 'temperature', 'mention', 'yearly', 'mega', 'flood', 'dantesque', 'natural', 'disaster', 'wasnt', 'enough', 'president', 'authorize', 'police', 'arrest', 'jail', 'anyone', 'suspect', 'involve', 'drug', 'traffic', 'due', 'process', 'judicial', 'order', 'policeman', 'would', 'decide', 'arrest', 'base', 'victim', 'look', 'thousand', 'murder', 'po', 'resist', 'arrest']",['Philippines'],['Philippines']
2024,0CVKc989V90,"['cost', 'living', 'malaysia', 'affordable', 'new', 'mm2h', 'visa', 'requirement', 'addition', 'rule', 'keep', 'change', 'hard', 'plan', 'retire', 'several', 'version', 'mm2h', 'longer', 'possible', 'apply', 'directly', 'applicant', 'must', 'use', 'registered', 'agent', 'fee', 'cheap', 'either']","['malaysian', 'requirement', 'immigration']",['Malaysia'],[]
2024,0CVKc989V90,"['cost', 'living', 'malaysia', 'affordable', 'new', 'mm2h', 'visa', 'requirement', 'addition', 'rule', 'keep', 'change', 'hard', 'plan', 'retire', 'several', 'version', 'mm2h', 'longer', 'possible', 'apply', 'directly', 'applicant', 'must', 'use', 'registered', 'agent', 'fee', 'cheap', 'either']","['also', 'dont', 'think', 'option', 'permanent', 'residency']",['Malaysia'],[]
2024,0CVKc989V90,"['get', 'info', 'sir', 'dominica', 'quiet', 'st', 'lucia', 'less', 'crime', 'friendly', 'people', 'low', 'crime', 'low', 'caribbean', 'guyana', 'jamaica', 'shouldnt', 'high', 'crime', 'ppl', 'follow', 'info', 'might', 'loose', 'life']","['yeah', 'producer', 'video', 'would', 'make', 'somalia', 'sound', 'like', 'paradise']","['Dominica', 'Jamaica', 'Guyana']",['Somalia']
2024,0CVKc989V90,"['get', 'info', 'sir', 'dominica', 'quiet', 'st', 'lucia', 'less', 'crime', 'friendly', 'people', 'low', 'crime', 'low', 'caribbean', 'guyana', 'jamaica', 'shouldnt', 'high', 'crime', 'ppl', 'follow', 'info', 'might', 'loose', 'life']","['youre', 'talk', 'ai', 'engine', 'dude', 'need', 'call', 'sir']","['Dominica', 'Jamaica', 'Guyana']",[]
2024,0CVKc989V90,"['get', 'info', 'sir', 'dominica', 'quiet', 'st', 'lucia', 'less', 'crime', 'friendly', 'people', 'low', 'crime', 'low', 'caribbean', 'guyana', 'jamaica', 'shouldnt', 'high', 'crime', 'ppl', 'follow', 'info', 'might', 'loose', 'life']","['stevegunn', '9971yes', 'hear', 'talk', 'relocation', 'dprk', 'yemen', 'venezuela', 'burkina', 'faso', 'dont', 'forget', 'retiree', 'snowblower', 'tax', 'rebate']","['Dominica', 'Jamaica', 'Guyana']",['Yemen']
2024,0CVKc989V90,[],"['plus', 'locate', 'next', 'dictator', 'want', 'invade']",['Guyana'],[]
2024,0CVKc989V90,"['india', 'beautiful', 'country', 'live', 'would', 'choose', 'jaisalmer', 'desert', 'shimla', 'forest', 'srinagar', 'beautiful', 'lake', 'leh', 'majestic', 'snowcapped', 'mountain', 'reason', 'common', 'place', 'less', 'almost', 'dusty', 'allergic', 'dust', 'hehehe', 'city', 'like', 'mumbai', 'new', 'delhi', 'kolkata', 'chaotic', 'bit', 'untidy', 'noisy']",[],['India'],[]
2025,0CVKc989V90,"['receive', 'warning', 'people', 'india', 'dont', 'go', 'india']",[],['India'],[]
2024,0CVKc989V90,"['guyana', 'list', 'expensive', 'u', 'come', 'back']","['lol', 'second', 'bear', 'grow', 'u', 'im', 'near', 'retirement', 'way', 'could', 'retire', 'comfortably', 'many', 'country', 'like', 'colombia', 'dr', 'thailand', 'malaysia', 'philippine', 'african', 'country', 'wish', 'ridiculous', 'cost', 'bad', 'infrastructure', 'wasnt', 'oil', 'boom', 'go', 'get', 'bad', 'ill', 'continue', 'visit', 'sad']","['Guyana', 'United States']","['Philippines', 'Malaysia', 'Colombia', 'Thailand']"
2024,0CVKc989V90,"['brit', 'st', 'lucia', 'antigua', 'cost', 'nearly', 'buy', 'property', 'money', 'bank', 'never', 'touch', 'least', 'grand', 'month', 'income', 'retiree', 'suppose', 'retire', 'income', 'australia', 'new', 'zealand', 'look', 'actual', 'retirement', 'cost', 'decide', 'oh', 'muslim', 'country', 'like', 'malaysia', 'indonesia', 'make', 'sure', 'cope', 'islamic', 'law']",[],"['Indonesia', 'Australia', 'Malaysia']",[]
2024,0CVKc989V90,"['daily', 'power', 'outage', 'hour', 'plus', 'south', 'africa', 'rapidly', 'go', 'toilet', 'wouldnt', 'go', 'even', 'visit', 'india', 'oppressively', 'hot', 'nasty', 'smell', 'everywhere', 'go', 'people', 'constantly', 'face', 'try', 'sell', 'stuff', 'people', 'love', 'india', 'personally', 'wouldnt', 'recommend']","['dougmurphy', 'wrong']",['India'],[]
2024,0CVKc989V90,"['daily', 'power', 'outage', 'hour', 'plus', 'south', 'africa', 'rapidly', 'go', 'toilet', 'wouldnt', 'go', 'even', 'visit', 'india', 'oppressively', 'hot', 'nasty', 'smell', 'everywhere', 'go', 'people', 'constantly', 'face', 'try', 'sell', 'stuff', 'people', 'love', 'india', 'personally', 'wouldnt', 'recommend']","['sonjaswart', 'great', 'counterargument', 'seriously', 'dont', 'quit', 'day', 'job', 'go', 'debate']",['India'],[]
2024,0CVKc989V90,"['daily', 'power', 'outage', 'hour', 'plus', 'south', 'africa', 'rapidly', 'go', 'toilet', 'wouldnt', 'go', 'even', 'visit', 'india', 'oppressively', 'hot', 'nasty', 'smell', 'everywhere', 'go', 'people', 'constantly', 'face', 'try', 'sell', 'stuff', 'people', 'love', 'india', 'personally', 'wouldnt', 'recommend']",[],['India'],[]
2024,0CVKc989V90,"['daily', 'power', 'outage', 'hour', 'plus', 'south', 'africa', 'rapidly', 'go', 'toilet', 'wouldnt', 'go', 'even', 'visit', 'india', 'oppressively', 'hot', 'nasty', 'smell', 'everywhere', 'go', 'people', 'constantly', 'face', 'try', 'sell', 'stuff', 'people', 'love', 'india', 'personally', 'wouldnt', 'recommend']","['dougmurphy', 'stay', 'happy']",['India'],[]
2024,0CVKc989V90,"['daily', 'power', 'outage', 'hour', 'plus', 'south', 'africa', 'rapidly', 'go', 'toilet', 'wouldnt', 'go', 'even', 'visit', 'india', 'oppressively', 'hot', 'nasty', 'smell', 'everywhere', 'go', 'people', 'constantly', 'face', 'try', 'sell', 'stuff', 'people', 'love', 'india', 'personally', 'wouldnt', 'recommend']",[],['India'],[]
2024,0CVKc989V90,"['never', 'know', 'st', 'lucia', 'affordablesomething', 'think']","['indeed', 'want', 'go', 'visit', 'nice', 'buddy']",[],['France']
2024,0CVKc989V90,"['never', 'know', 'st', 'lucia', 'affordablesomething', 'think']","['check', 'crime', 'stats']",[],[]
2024,0CVKc989V90,"['never', 'know', 'st', 'lucia', 'affordablesomething', 'think']","['loisphillips', 'thanks', 'aware']",[],[]
2024,0CVKc989V90,"['bring', 'weather', 'radio', 'place', 'hand', 'crank', 'case', 'dont', 'juice']",[],[],[]
2024,0CVKc989V90,"['distorted', 'misinformation', 'ban']",[],[],[]
2024,0CVKc989V90,"['malaysia', 'largely', 'muslim', 'country', 'thanks', 'india', 'horrible', 'climate', 'poor', 'hygeine', 'standard', 'awful', 'local', 'transport', 'way']",['mensalady'],"['Malaysia', 'India']",[]
2024,0CVKc989V90,"['malaysia', 'largely', 'muslim', 'country', 'thanks', 'india', 'horrible', 'climate', 'poor', 'hygeine', 'standard', 'awful', 'local', 'transport', 'way']","['sad', 'exclude', 'country', 'largely', 'muslim', 'country', 'anyone', 'malaysia', 'tell', 'one', 'best', 'example', 'multiculturalracial', 'society', 'world', 'nonmuslim', 'born', 'living', 'post', 'convince', 'otherwise', 'ensure', 'opinion', 'mislead', 'others', 'make', 'decision', 'rationoal', 'informed', 'manner']","['Malaysia', 'India']",['Malaysia']
2024,0CVKc989V90,"['good', 'video', 'thank', 'good', 'idea', 'show', 'country', 'map', 'situation']","['agree', 'great', 'comment']",[],[]
2024,0CVKc989V90,"['good', 'video', 'thank', 'good', 'idea', 'show', 'country', 'map', 'situation']","['google', 'work', 'great', 'sec', 'findi']",[],[]
2024,0CVKc989V90,[],[],['Philippines'],[]
2024,0CVKc989V90,"['st', 'lucia', 'sound', 'wonderful']","['opinion', 'bias', 'however', 'thats', 'bear', 'raise']",[],[]
2024,0CVKc989V90,"['st', 'lucia', 'sound', 'wonderful']","['malbourne', 'good', 'would', 'rate', 'st', 'lucia', 'far', 'crime', 'compare', 'caribbean', 'island', 'thanks']",[],[]
2024,0CVKc989V90,"['please', 'note', 'india', 'doesnt', 'retirement', 'visa', 'foreigner', 'indian', 'origin']","['go', 'india']",['India'],['India']
2024,0CVKc989V90,"['live', 'philippine', 'aka', 'toronto', 'canada', 'cost', 'living', 'outrageously', 'expensive']","['maybe', 'live', 'capital', 'city']","['Philippines', 'Canada']",[]
2024,0CVKc989V90,[],[],[],[]
2024,0CVKc989V90,"['right', 'uk', 'cheap', 'people', 'think', 'avoid', 'big', 'city', 'centre', 'rent', 'terrible', 'im', 'retire', 'pension', 'income', 'per', 'month', 'manage', 'pay', 'per', 'month', 'trust', 'fund', 'see', 'great', 'granddaughter', 'uni', 'year', 'time', 'without', 'student', 'debt', 'money', 'dont', 'really', 'need', 'assume', 'get', 'essential', 'permit', 'visa']","['someone', 'immigrate', 'uk', 'would', 'help', 'immigrate', 'uk']",['United Kingdom'],['United Kingdom']
2024,0CVKc989V90,"['right', 'uk', 'cheap', 'people', 'think', 'avoid', 'big', 'city', 'centre', 'rent', 'terrible', 'im', 'retire', 'pension', 'income', 'per', 'month', 'manage', 'pay', 'per', 'month', 'trust', 'fund', 'see', 'great', 'granddaughter', 'uni', 'year', 'time', 'without', 'student', 'debt', 'money', 'dont', 'really', 'need', 'assume', 'get', 'essential', 'permit', 'visa']","['janellechristmasw', '6u', 'probably', 'write', 'somebody', 'english', 'second', 'language', 'common', 'mistake', 'immigrant', 'arrives', 'new', 'country', 'emigrant', 'exit', 'old', 'one']",['United Kingdom'],[]
2024,0CVKc989V90,"['right', 'uk', 'cheap', 'people', 'think', 'avoid', 'big', 'city', 'centre', 'rent', 'terrible', 'im', 'retire', 'pension', 'income', 'per', 'month', 'manage', 'pay', 'per', 'month', 'trust', 'fund', 'see', 'great', 'granddaughter', 'uni', 'year', 'time', 'without', 'student', 'debt', 'money', 'dont', 'really', 'need', 'assume', 'get', 'essential', 'permit', 'visa']","['jameswilliamsonw', '8y', 'post']",['United Kingdom'],[]
2025,0CVKc989V90,"['need', 'research', 'single', 'metric', 'common', 'crime', 'commit', 'foreigner', 'quality', 'medical', 'care', 'get', 'utility', 'pay', 'political', 'climate', 'country', 'difficult', 'gain', 'residency', 'job', 'market', 'like', 'cost', 'live', 'whats', 'catch']",[],[],[]
2025,0CVKc989V90,"['sure', 'want', 'retire', 'country', 'seem', 'great', 'vacation', 'spot', 'want', 'slow', 'travel', 'country', 'retire']","['best', 'thing', 'otherwise', 'youre', 'hustle', 'backwards', 'cheap', 'quality', 'life', 'suffer']",[],[]
2024,0CVKc989V90,"['like', 'living', 'steam', 'bath', 'thanks']","['totally', 'agree', 'unleavable', 'list', 'due', 'ungodly', 'heat']",[],[]
2024,0CVKc989V90,"['nordic', 'country', 'switzerland', 'albenia', 'bosnia', 'kosovo', 'kajackthan', 'armeniaazerbaijan', 'mauritius', 'bhutan', 'may', 'peaceful', 'retired', 'life']","['person', 'immigrate']","['Bhutan', 'Mauritius', 'Azerbaijan', 'Armenia', 'Switzerland']",[]
2024,0CVKc989V90,"['nordic', 'country', 'switzerland', 'albenia', 'bosnia', 'kosovo', 'kajackthan', 'armeniaazerbaijan', 'mauritius', 'bhutan', 'may', 'peaceful', 'retired', 'life']","['remember', 'swiss', 'franc', 'cent', 'dollarus']","['Bhutan', 'Mauritius', 'Azerbaijan', 'Armenia', 'Switzerland']",['United States']
2024,0CVKc989V90,"['realize', 'clickbait', 'india', 'really']","['come', 'india', 'western', 'money', 'amazing', 'local', 'make', 'local', 'money', 'much', 'harder']",['India'],['India']
2024,0CVKc989V90,"['belize', 'terrible', 'crime', 'rate']","['boring', 'year']",['Belize'],[]
2024,0CVKc989V90,"['video', 'stupid', 'south', 'africa', 'really', 'live', 'year', 'kid', 'one', 'dangerous', 'country', 'world', 'super', 'unstable', 'right', 'must', 'see', 'gunfight', 'open', 'time']","['lhtnguyen', 'live', 'year', 'see', 'single', 'shot', 'fire', 'live', 'township', 'talk', 'bull', 'excellent', 'memory', 'sorry', 'superb', 'imagination']",[],[]
2024,0CVKc989V90,"['st', 'lucia', 'right', 'first', 'try', 'change', 'louseeuh', 'second', 'later', 'also', 'grenada', 'pronounce', 'grehnahdah', 'grehnadeuh', 'olly', 'richards', 'video', 'country', 'really', 'strange', 'brand', 'english', 'guyana', 'include', 'almost', 'unintelligible', 'country', 'nearly', 'roadless', 'outside', 'capital', 'georgetown', 'call', 'guyahna', 'video', 'switch', 'gheeahna', 'toward', 'end', 'bengguhlooroo', 'bangguhlore', 'india', 'philippine', 'agree', 'beautiful', 'place', 'ive', 'visit', 'time', 'quite', 'filipino', 'live', 'st', 'kitts', 'sister', 'island', 'kneeviss', 'rather', 'neviss', 'school', 'day', 'belize', 'know', 'british', 'honduras']","['ai', 'reading']","['Philippines', 'Belize', 'Honduras', 'Grenada', 'India', 'Guyana']",[]
2024,0CVKc989V90,"['st', 'lucia', 'right', 'first', 'try', 'change', 'louseeuh', 'second', 'later', 'also', 'grenada', 'pronounce', 'grehnahdah', 'grehnadeuh', 'olly', 'richards', 'video', 'country', 'really', 'strange', 'brand', 'english', 'guyana', 'include', 'almost', 'unintelligible', 'country', 'nearly', 'roadless', 'outside', 'capital', 'georgetown', 'call', 'guyahna', 'video', 'switch', 'gheeahna', 'toward', 'end', 'bengguhlooroo', 'bangguhlore', 'india', 'philippine', 'agree', 'beautiful', 'place', 'ive', 'visit', 'time', 'quite', 'filipino', 'live', 'st', 'kitts', 'sister', 'island', 'kneeviss', 'rather', 'neviss', 'school', 'day', 'belize', 'know', 'british', 'honduras']",[],"['Philippines', 'Belize', 'Honduras', 'Grenada', 'India', 'Guyana']",[]
2024,0CVKc989V90,"['st', 'lucia', 'right', 'first', 'try', 'change', 'louseeuh', 'second', 'later', 'also', 'grenada', 'pronounce', 'grehnahdah', 'grehnadeuh', 'olly', 'richards', 'video', 'country', 'really', 'strange', 'brand', 'english', 'guyana', 'include', 'almost', 'unintelligible', 'country', 'nearly', 'roadless', 'outside', 'capital', 'georgetown', 'call', 'guyahna', 'video', 'switch', 'gheeahna', 'toward', 'end', 'bengguhlooroo', 'bangguhlore', 'india', 'philippine', 'agree', 'beautiful', 'place', 'ive', 'visit', 'time', 'quite', 'filipino', 'live', 'st', 'kitts', 'sister', 'island', 'kneeviss', 'rather', 'neviss', 'school', 'day', 'belize', 'know', 'british', 'honduras']",[],"['Philippines', 'Belize', 'Honduras', 'Grenada', 'India', 'Guyana']",[]
2024,0CVKc989V90,"['one', 'furnace', 'u', 'attractive', 'cold', 'place']","['high', 'five']",['United States'],[]
2024,0CVKc989V90,"['one', 'furnace', 'u', 'attractive', 'cold', 'place']","['place', 'even', 'caribbean', 'chilli', 'example', 'dont', 'think', 'dominican', 'republic', 'cold', 'place', 'like', 'constanza', 'need', 'coat']",['United States'],[]
2024,0CVKc989V90,"['tell', 'u', 'country', 'situate']","['know', 'dont', 'teach', 'geography', 'history', 'u', 'cant', 'google']",['United States'],['United States']
2024,0CVKc989V90,"['tell', 'u', 'country', 'situate']","['oh', 'dear']",['United States'],[]
2024,0CVKc989V90,"['one', 'country', 'introduce', 'worth', 'try']",['one'],[],[]
2024,0CVKc989V90,"['one', 'country', 'introduce', 'worth', 'try']",['winner'],[],[]
2024,0CVKc989V90,"['love', 'belize', 'house', 'bar', 'window', 'door', 'like', 'living', 'jail']","['ive', 'belize', 'vacation', 'crime', 'rate', 'really', 'high', 'thus', 'lot', 'walled', 'expat', 'home', 'also', 'employ', 'guard', 'chance', 'get', 'mug', 'wander', 'around', 'urban', 'area', 'almost', 'certain', 'hot', 'humid', 'living', 'hell']",['Belize'],['Belize']
2024,0CVKc989V90,"['best', 'friend', 'philippine', 'ladyboys']","['must', 'mean', 'thailand', 'call', 'ladyboys', 'thailand', 'philippine']",['Philippines'],"['Philippines', 'Thailand']"
2024,0CVKc989V90,"['malaysia', 'tops']","['muslim', 'yes']",['Malaysia'],[]
2024,0CVKc989V90,"['jamaica', 'usd', 'per', 'month', 'na', 'na', 'na', 'na', 'na', 'na', 'jamaica', 'retires', 'want', 'live', 'comfortable', 'life', 'close', 'use', 'usa', 'canada', 'england', 'anyone', 'one', 'developed', 'country', 'need', 'buy', 'house', 'cash', 'monthly', 'cashflow', 'around', 'usd', 'live', 'comfortable', 'need', 'go', 'see', 'place', 'haveenjoy', 'different', 'experience', 'decent', 'place', 'rent', 'cost', 'around', 'usd', 'per', 'month', 'food', 'expensive', 'north', 'america', 'sometimes', 'especially', 'hurricane', 'pass', 'usd', 'per', 'month', 'live', 'life']",[],"['Jamaica', 'United Kingdom', 'United States', 'Canada']",[]
2024,0CVKc989V90,"['philippine', 'safe']",[],['Philippines'],[]
2024,0CVKc989V90,[],[],[],[]
2025,0CVKc989V90,"['mumbai', 'india', 'place', 'ambience', 'super', 'pali', 'hill', 'carter', 'road', 'mount', 'mary', 'bandstand', 'juhu', 'versova', 'simply', 'iconic', 'place', 'person', 'live', 'even', 'day', 'never', 'want', 'leave']",[],['India'],[]
2025,0CVKc989V90,"['mumbai', 'india', 'place', 'ambience', 'super', 'pali', 'hill', 'carter', 'road', 'mount', 'mary', 'bandstand', 'juhu', 'versova', 'simply', 'iconic', 'place', 'person', 'live', 'even', 'day', 'never', 'want', 'leave']","['gotta', 'kid', 'awefully', 'crowd', 'polluted', 'traffic', 'jam', 'noisy', 'unsafe', 'unhygienic', 'elderly', 'people', 'even', 'recommend', 'even', 'female', 'adventurous', 'traveler', 'visit']",['India'],[]
2024,0CVKc989V90,"['try', 'iloilo', 'city', 'philippine', 'different', 'city', 'philippine']",['thanks'],['Philippines'],[]
2024,0CVKc989V90,[],"['philippine', 'similar', 'hell', 'earth', 'senegalesque', 'temperature', 'mention', 'yearly', 'mega', 'flood', 'dantesque', 'natural', 'disaster', 'wasnt', 'enough', 'president', 'authorize', 'police', 'arrest', 'jail', 'anyone', 'suspect', 'involve', 'drug', 'traffic', 'due', 'process', 'judicial', 'order', 'policeman', 'would', 'decide', 'arrest', 'base', 'victim', 'look', 'thousand', 'murder', 'po', 'resist', 'arrest']",['Philippines'],['Philippines']
2024,0CVKc989V90,[],[],[],[]
2024,0CVKc989V90,"['great', 'video', 'thank']",[],[],[]
2025,0CVKc989V90,"['video', 'like', 'marketing', 'brochure', 'lot', 'hype', 'number', 'cheap', 'wout', 'number']",[],[],[]
2025,0CVKc989V90,"['ill', 'stay', 'thailand', 'beautiful', 'country', 'culture', 'beautiful', 'year', 'still', 'havent', 'see', 'everything']",[],['Thailand'],[]
2024,0CVKc989V90,"['agree', 'everything', 'except', 'jamaica', 'south', 'africa', 'english', 'island', 'great', 'get', 'back', 'st', 'vincent', 'crime', 'nice', 'people']",[],"['France', 'Jamaica']",[]
2024,0CVKc989V90,"['st', 'kit', 'food', 'grocery', 'grossly', 'expensive']",[],[],[]
2024,0CVKc989V90,"['south', 'africa', 'great', 'people', 'mostly', 'great', 'infrastructure', 'great', 'weather', 'space', 'space', 'diversity', 'challenge', 'stay']",[],[],[]
2024,0CVKc989V90,"['lol', 'dialect', 'languade', 'philippine', 'spanish', 'lol', 'inglesh', 'bro', 'lol']",[],['Philippines'],[]
2024,0CVKc989V90,"['malaysia', '1st', 'cheap', 'great', 'food', 'n', 'super', 'safe', 'gun', 'illegal']","['dont', 'speak', 'english', 'though']",['Malaysia'],[]
2024,0CVKc989V90,"['malaysia', '1st', 'cheap', 'great', 'food', 'n', 'super', 'safe', 'gun', 'illegal']","['perthgirl', 'yes', 'reason', 'malaysia', 'list', 'english', 'speaking', 'country']",['Malaysia'],['Malaysia']
2024,0CVKc989V90,"['dont', 'forget', 'pet', 'cobra', 'india', 'good', 'luck']","['mention', 'loose', 'hoard', 'monkey', 'roam', 'around', 'occasional', 'worship', 'pest', 'like', 'rat']",['India'],[]
2024,0CVKc989V90,"['india', 'move', 'canada']","['come', 'india', 'western', 'money', 'amazing', 'local', 'make', 'local', 'money', 'much', 'harder']","['Canada', 'India']",['India']
2024,0CVKc989V90,"['lagos', 'nigeria']",[],['Nigeria'],['Haiti']
2025,0CVKc989V90,"['great', 'resource', 'look', 'retire', 'affordably', 'without', 'language', 'barrier', 'love', 'mix', 'budgetfriendly', 'option', 'great', 'quality', 'life', 'amazing', 'see', 'many', 'beautiful', 'place', 'offer', 'comfortable', 'retirement', 'without', 'break', 'bank', 'thanks', 'insight']",[],[],[]
2025,0CVKc989V90,"['think', 'take', 'video', 'grain', 'salt', 'prove', 'didnt', 'enough', 'salt']",[],[],[]
2024,0CVKc989V90,"['indian', 'always', 'appeal', 'move', 'indialife', 'almost', 'lose', 'herethis', 'country', 'full', 'corruption', 'communal', 'feeling']",[],[],[]
2024,0CVKc989V90,"['dont', 'go', 'india', 'philippine']",[],"['Philippines', 'India']",[]
2024,0CVKc989V90,"['good', 'info', 'thanks']",[],[],[]
2024,0CVKc989V90,"['arent', 'country', 'tropic']",[],[],[]
2024,0CVKc989V90,"['india', 'sure', 'want', 'add', 'billion', 'people']",[],['India'],[]
2024,0CVKc989V90,[],[],['Kenya'],[]
2024,0CVKc989V90,"['need', 'month', 'less']",[],[],[]
2024,0CVKc989V90,"['south', 'africa', 'best', 'country', 'retire']",[],[],[]
2024,0CVKc989V90,[],[],[],[]
2024,0CVKc989V90,"['learn', 'new', 'language', 'like', 'chinese', 'china', 'know', 'law', 'n', 'order', 'people', 'friendly', 'civil', 'fact']","['nut', 'chinese', 'rude', 'people', 'safe', 'yes', 'police', 'state']",['China'],[]
2024,0CVKc989V90,"['learn', 'new', 'language', 'like', 'chinese', 'china', 'know', 'law', 'n', 'order', 'people', 'friendly', 'civil', 'fact']",[],['China'],[]
2024,0CVKc989V90,"['heavily', 'populated', 'country', 'crime', 'scam', 'ridiculously', 'high', 'many', 'come', 'western', 'world']",['repeat'],[],[]
2024,0CVKc989V90,"['cant', 'retire', 'saint', 'lucia', 'dont', 'let', 'senior', 'drive', 'rental', 'car']","['dad', 'still', 'drive', 'car', 'along', 'generation']",[],[]
2024,0CVKc989V90,"['cant', 'live', 'jamaica', 'retiree', 'u', 'dollar', 'per', 'month', 'impossible', 'guy', 'know', 'nothing', 'jamaica']","['even', 'guy', 'ai', 'bot']","['Jamaica', 'United States']",[]
2024,0CVKc989V90,"['always', 'want', 'live', 'hut', 'u', 'dont', 'paint']",[],[],[]
2025,0CVKc989V90,"['south', 'africa', 'meee', 'dont', 'think']",[],[],[]
2025,0CVKc989V90,"['wouldnt', 'go', 'anywhere', 'near', 'south', 'africa', 'pay', 'use', 'great', 'year', 'ago', 'pigsty']",[],[],[]
2025,0CVKc989V90,"['stay', 'america']",[],['United States'],[]
2024,0CVKc989V90,"['always', 'research']",[],[],[]
2024,0CVKc989V90,"['india', 'stomach', 'protest']",[],['India'],[]
2024,0CVKc989V90,"['ist', 'cheap', 'learn', 'local', 'language', 'would']",[],[],[]
2024,0CVKc989V90,"['would', 'love', 'live', 'cape', 'town']",[],[],[]
2024,0CVKc989V90,"['southafrica', 'no1for', 'indian', 'ethnically']",[],[],[]
2025,0CVKc989V90,"['idiotic', 'information']","['thats', 'get', 'aigenerated', 'content']",[],[]
2024,0CVKc989V90,"['robert', 'age', 'pound', 'want', 'lose', 'weight', 'also', 'health', 'ok', 'want', 'visit', 'country', 'month', 'lose', 'weight', 'get', 'good', 'health', 'want', 'safe', 'warm', 'weather', 'month', 'decmarch', 'please', 'help', 'thank', 'also', 'want', 'hotelresort', 'thing']","['se', 'asia', 'malaysia', 'kuala', 'lumpur', 'penang', 'langkawi', 'beach', 'genting', 'cameron', 'highland', 'mountains', 'philippine', 'tagaytay', 'baguio', 'mountain', 'cebu', 'city', 'dumaguete', 'beach', 'thailand', 'bangkok', 'chiang', 'mai', 'chiang', 'rai', 'mountains', 'pattaya', 'hua', 'hin', 'beach', 'rent', 'apartment', 'airbnb', 'month', 'month', 'try', 'walk', 'eat', 'less', 'good', 'luck']",[],"['Philippines', 'Malaysia', 'Thailand']"
2023,lH_FJ6N_Wvw,"['go', 'sri', 'lanka', 'high', 'imo', 'one', 'beautiful', 'place', 'ive', 'ever', 'see']","['thank', 'u', 'visit']",['Sri Lanka'],[]
2023,lH_FJ6N_Wvw,"['go', 'sri', 'lanka', 'high', 'imo', 'one', 'beautiful', 'place', 'ive', 'ever', 'see']","['see', 'rest', 'judge', 'country', 'visit', 'country']",['Sri Lanka'],[]
2023,lH_FJ6N_Wvw,"['go', 'sri', 'lanka', 'high', 'imo', 'one', 'beautiful', 'place', 'ive', 'ever', 'see']","['yeah', 'bro', 'im', 'sri', 'lankan', 'best', 'one', 'nowin']",['Sri Lanka'],['Sri Lanka']
2023,lH_FJ6N_Wvw,"['go', 'sri', 'lanka', 'high', 'imo', 'one', 'beautiful', 'place', 'ive', 'ever', 'see']",['thanks'],['Sri Lanka'],[]
2024,lH_FJ6N_Wvw,"['01japan', '02sri', 'lanka', '03china', '04sk', '05philippines', '06maldives', '07vietnam', '08thailand', '09indonesia', '10singapore', 'new', 'zealander']",[],"['Philippines', 'Singapore', 'Vietnam', 'Japan', 'Sri Lanka', 'Maldives', 'Thailand', 'Indonesia', 'China']",['India']
2024,lH_FJ6N_Wvw,"['01japan', '02sri', 'lanka', '03china', '04sk', '05philippines', '06maldives', '07vietnam', '08thailand', '09indonesia', '10singapore', 'new', 'zealander']","['sagardhola', 'nah', 'unless', 'dont', 'wanna', 'face', 'unlimited', 'chaos', 'disturbing', 'situation']","['Philippines', 'Singapore', 'Vietnam', 'Japan', 'Sri Lanka', 'Maldives', 'Thailand', 'Indonesia', 'China']",[]
2024,lH_FJ6N_Wvw,"['01japan', '02sri', 'lanka', '03china', '04sk', '05philippines', '06maldives', '07vietnam', '08thailand', '09indonesia', '10singapore', 'new', 'zealander']",[],"['Philippines', 'Singapore', 'Vietnam', 'Japan', 'Sri Lanka', 'Maldives', 'Thailand', 'Indonesia', 'China']",['India']
2024,lH_FJ6N_Wvw,"['01japan', '02sri', 'lanka', '03china', '04sk', '05philippines', '06maldives', '07vietnam', '08thailand', '09indonesia', '10singapore', 'new', 'zealander']","['prefre', 'thailand', 'cuz', 'really', 'beautiful', 'beach']","['Philippines', 'Singapore', 'Vietnam', 'Japan', 'Sri Lanka', 'Maldives', 'Thailand', 'Indonesia', 'China']",['Thailand']
2024,lH_FJ6N_Wvw,"['01japan', '02sri', 'lanka', '03china', '04sk', '05philippines', '06maldives', '07vietnam', '08thailand', '09indonesia', '10singapore', 'new', 'zealander']",[],"['Philippines', 'Singapore', 'Vietnam', 'Japan', 'Sri Lanka', 'Maldives', 'Thailand', 'Indonesia', 'China']",[]
2024,lH_FJ6N_Wvw,"['01japan', '02sri', 'lanka', '03china', '04sk', '05philippines', '06maldives', '07vietnam', '08thailand', '09indonesia', '10singapore', 'new', 'zealander']",[],"['Philippines', 'Singapore', 'Vietnam', 'Japan', 'Sri Lanka', 'Maldives', 'Thailand', 'Indonesia', 'China']",['Sri Lanka']
2024,lH_FJ6N_Wvw,"['01japan', '02sri', 'lanka', '03china', '04sk', '05philippines', '06maldives', '07vietnam', '08thailand', '09indonesia', '10singapore', 'new', 'zealander']",[],"['Philippines', 'Singapore', 'Vietnam', 'Japan', 'Sri Lanka', 'Maldives', 'Thailand', 'Indonesia', 'China']",[]
2024,lH_FJ6N_Wvw,"['01japan', '02sri', 'lanka', '03china', '04sk', '05philippines', '06maldives', '07vietnam', '08thailand', '09indonesia', '10singapore', 'new', 'zealander']","['yeah', 'sri', 'lanka', 'best', 'one', 'nowin']","['Philippines', 'Singapore', 'Vietnam', 'Japan', 'Sri Lanka', 'Maldives', 'Thailand', 'Indonesia', 'China']",['Sri Lanka']
2024,lH_FJ6N_Wvw,"['01japan', '02sri', 'lanka', '03china', '04sk', '05philippines', '06maldives', '07vietnam', '08thailand', '09indonesia', '10singapore', 'new', 'zealander']",[],"['Philippines', 'Singapore', 'Vietnam', 'Japan', 'Sri Lanka', 'Maldives', 'Thailand', 'Indonesia', 'China']",[]
2024,lH_FJ6N_Wvw,"['01japan', '02sri', 'lanka', '03china', '04sk', '05philippines', '06maldives', '07vietnam', '08thailand', '09indonesia', '10singapore', 'new', 'zealander']","['mephu', '12324because', 'youre', 'thai', 'course', 'would', 'choose', 'country']","['Philippines', 'Singapore', 'Vietnam', 'Japan', 'Sri Lanka', 'Maldives', 'Thailand', 'Indonesia', 'China']",[]
2024,lH_FJ6N_Wvw,"['01japan', '02sri', 'lanka', '03china', '04sk', '05philippines', '06maldives', '07vietnam', '08thailand', '09indonesia', '10singapore', 'new', 'zealander']",[],"['Philippines', 'Singapore', 'Vietnam', 'Japan', 'Sri Lanka', 'Maldives', 'Thailand', 'Indonesia', 'China']",[]
2024,lH_FJ6N_Wvw,"['01japan', '02sri', 'lanka', '03china', '04sk', '05philippines', '06maldives', '07vietnam', '08thailand', '09indonesia', '10singapore', 'new', 'zealander']","['sagardhola', '443only', 'fool', 'go', 'india', 'vacation', 'youtuber', 'go', 'india', 'gain', 'view']","['Philippines', 'Singapore', 'Vietnam', 'Japan', 'Sri Lanka', 'Maldives', 'Thailand', 'Indonesia', 'China']",['India']
2024,lH_FJ6N_Wvw,"['01japan', '02sri', 'lanka', '03china', '04sk', '05philippines', '06maldives', '07vietnam', '08thailand', '09indonesia', '10singapore', 'new', 'zealander']","['sagardhola', 'india', 'disaster', 'lol', 'dirty', 'country']","['Philippines', 'Singapore', 'Vietnam', 'Japan', 'Sri Lanka', 'Maldives', 'Thailand', 'Indonesia', 'China']",['India']
2023,lH_FJ6N_Wvw,"['china', 'thailand', 'vietnam', 'sri', 'lanka', 'sk', 'philiphines']","['cuz', 'youre', 'chinese']","['Sri Lanka', 'Vietnam', 'Thailand', 'China']",[]
2023,lH_FJ6N_Wvw,"['china', 'thailand', 'vietnam', 'sri', 'lanka', 'sk', 'philiphines']",[],"['Sri Lanka', 'Vietnam', 'Thailand', 'China']",[]
2023,lH_FJ6N_Wvw,"['china', 'thailand', 'vietnam', 'sri', 'lanka', 'sk', 'philiphines']","['cocoathechocolatebunnie', 'south', 'korea']","['Sri Lanka', 'Vietnam', 'Thailand', 'China']",[]
2023,lH_FJ6N_Wvw,"['china', 'thailand', 'vietnam', 'sri', 'lanka', 'sk', 'philiphines']",[],"['Sri Lanka', 'Vietnam', 'Thailand', 'China']",['Sri Lanka']
2023,lH_FJ6N_Wvw,"['china', 'thailand', 'vietnam', 'sri', 'lanka', 'sk', 'philiphines']","['south', 'koreacocoathechocolatebunnie']","['Sri Lanka', 'Vietnam', 'Thailand', 'China']",[]
2023,lH_FJ6N_Wvw,"['china', 'thailand', 'vietnam', 'sri', 'lanka', 'sk', 'philiphines']",[],"['Sri Lanka', 'Vietnam', 'Thailand', 'China']",['Sri Lanka']
2023,lH_FJ6N_Wvw,"['china', 'thailand', 'vietnam', 'sri', 'lanka', 'sk', 'philiphines']",[],"['Sri Lanka', 'Vietnam', 'Thailand', 'China']",[]
2023,lH_FJ6N_Wvw,[],[],['Sri Lanka'],[]
2023,lH_FJ6N_Wvw,"['people', 'dont', 'like', 'nepal', 'nepal', 'peace', 'heaven']",[],['Nepal'],[]
2023,lH_FJ6N_Wvw,"['people', 'dont', 'like', 'nepal', 'nepal', 'peace', 'heaven']","['mean', 'people', 'dont', 'like', 'low', 'gdp']",['Nepal'],[]
2023,lH_FJ6N_Wvw,"['people', 'dont', 'like', 'nepal', 'nepal', 'peace', 'heaven']",[],['Nepal'],[]
2023,lH_FJ6N_Wvw,"['people', 'dont', 'like', 'nepal', 'nepal', 'peace', 'heaven']","['right', 'bro', 'love', 'nepal']",['Nepal'],['Nepal']
2023,lH_FJ6N_Wvw,"['people', 'dont', 'like', 'nepal', 'nepal', 'peace', 'heaven']","['love', 'india', 'nepal', 'beautiful', 'country']",['Nepal'],"['Nepal', 'India']"
2023,lH_FJ6N_Wvw,[],[],['Sri Lanka'],[]
2023,lH_FJ6N_Wvw,[],[],['Sri Lanka'],[]
2023,lH_FJ6N_Wvw,[],"['manojkahar', '__3515', 'bankprut', 'beggers', 'bro', 'even', 'poor', 'sri', 'lankan', 'neither', 'poor', 'rich', 'idk', 'tf', 'u', 'talk', 'maybe', 'ur', 'jelly', 'ur', 'country', 'wasnt', 'mention', 'lmao']",['Sri Lanka'],['Sri Lanka']
2023,lH_FJ6N_Wvw,[],"['manojkahar', '__3515come', 'vist', 'bro', 'u', 'see', 'reality', 'ur', 'medium', 'doesnt', 'show']",['Sri Lanka'],[]
2023,lH_FJ6N_Wvw,[],"['manojkahar', '__3515people', 'country', 'dont', 'seem', 'discipline']",['Sri Lanka'],[]
2023,lH_FJ6N_Wvw,[],"['manojkahar', '__3515im', 'sad', 'people', 'country', 'country', 'people', 'society']",['Sri Lanka'],[]
2023,lH_FJ6N_Wvw,[],"['manojkahar', '__3515and', 'see', 'man']",['Sri Lanka'],[]
2023,lH_FJ6N_Wvw,[],[],['Sri Lanka'],[]
2023,lH_FJ6N_Wvw,[],"['manojkahar', '__3515our', 'pepols', 'clearly', 'rich', 'slum', 'ppls']",['Sri Lanka'],[]
2023,lH_FJ6N_Wvw,[],"['manojkahar', '__3515what', 'watch', 'india', 'poop']",['Sri Lanka'],['India']
2023,lH_FJ6N_Wvw,[],"['manojkahar', '__3515better', 'randia']",['Sri Lanka'],[]
2023,lH_FJ6N_Wvw,[],"['manojkahar', '__3515check', 'hdi', 'india', 'sri', 'lanka', 'also', 'literacy', 'rate']",['Sri Lanka'],"['Sri Lanka', 'India']"
2023,lH_FJ6N_Wvw,[],[],['Sri Lanka'],[]
2024,lH_FJ6N_Wvw,"['trust', 'sri', 'lanka', 'soo', 'beautiful', 'lot', 'waterfall', 'beach', 'huge', 'wave', 'lake', 'swim']",[],['Sri Lanka'],[]
2024,lH_FJ6N_Wvw,"['view', 'best', 'country', 'visit', 'nepal', 'bhutan', 'sri', 'lanka', 'japan', 'south', 'korea', 'china', 'turkey']","['yeah', 'sri', 'lanka', 'best', 'one']","['Bhutan', 'Nepal', 'Japan', 'Sri Lanka', 'Turkey', 'China']",['Sri Lanka']
2023,lH_FJ6N_Wvw,[],"['tell', 'translate', 'english', 'already', 'english']",['Sri Lanka'],[]
2023,lH_FJ6N_Wvw,[],"['mrwhotheheckyou', 'indoneshia', 'neshia']",['Sri Lanka'],[]
2024,lH_FJ6N_Wvw,"['srilanka', 'well', 'india']",[],['India'],[]
2024,lH_FJ6N_Wvw,[],[],['India'],[]
2024,lH_FJ6N_Wvw,"['srilanka', 'well', 'india']","['show', 'much', 'social', 'medium', 'influence']",['India'],[]
2024,lH_FJ6N_Wvw,[],[],['Sri Lanka'],[]
2024,lH_FJ6N_Wvw,"['sri', 'lanka', 'thats', 'country']",[],['Sri Lanka'],[]
2023,lH_FJ6N_Wvw,"['sri', 'lanka', 'best']",[],['Sri Lanka'],[]
2023,lH_FJ6N_Wvw,[],[],['Sri Lanka'],[]
2023,lH_FJ6N_Wvw,"['people', 'forget', 'philippine', 'opinion', 'best', 'beach', 'asia']",[],['Philippines'],[]
2024,lH_FJ6N_Wvw,"['bali', 'singapore', 'cambodia', 'japan', 'south', 'korea', 'vietnam', 'thailand', 'shri', 'lanka', 'india', 'lao', 'belgium']",[],"['Belgium', 'Singapore', 'Vietnam', 'Japan', 'Thailand', 'Sri Lanka', 'India', 'Indonesia', 'Cambodia']",['Cambodia']
2024,lH_FJ6N_Wvw,"['bali', 'singapore', 'cambodia', 'japan', 'south', 'korea', 'vietnam', 'thailand', 'shri', 'lanka', 'india', 'lao', 'belgium']",[],"['Belgium', 'Singapore', 'Vietnam', 'Japan', 'Thailand', 'Sri Lanka', 'India', 'Indonesia', 'Cambodia']",['Indonesia']
2023,lH_FJ6N_Wvw,"['china', 'leave', 'chat', 'love', 'china']",[],['China'],[]
2023,lH_FJ6N_Wvw,"['china', 'leave', 'chat', 'love', 'china']",['beautiful'],['China'],[]
2023,lH_FJ6N_Wvw,"['china', 'leave', 'chat', 'love', 'china']","['communication', 'problem', 'china']",['China'],['China']
2023,lH_FJ6N_Wvw,"['country', 'best', 'beautiful']",[],[],['Afghanistan']
2023,lH_FJ6N_Wvw,"['country', 'best', 'beautiful']",[],[],[]
2023,lH_FJ6N_Wvw,"['want', 'go', 'philippine', 'move', 'asia', 'would', 'move', 'philippine', 'malaysia']",[],"['Philippines', 'Malaysia']",[]
2024,lH_FJ6N_Wvw,[],[],"['Japan', 'Indonesia', 'China', 'India']",[]
2023,lH_FJ6N_Wvw,[],[],['Nepal'],[]
2023,lH_FJ6N_Wvw,"['malaysia', 'everything', 'singapore', 'offer', 'ten', 'time']",[],"['Singapore', 'Malaysia']",[]
2024,lH_FJ6N_Wvw,[],[],['Sri Lanka'],[]
2023,lH_FJ6N_Wvw,"['good', 'abt', 'singapore', 'people', 'wanna', 'see', 'bad', 'literally', 'normal', 'asian', 'city', 'glassy', 'building', 'everything', 'feel', 'artificial', 'mention', 'everything', 'expensive']",[],['Singapore'],[]
2023,lH_FJ6N_Wvw,"['phillipines', 'leave', 'chat', 'beautiful', 'laungauge']","['thats', 'right', 'beautifull', 'language', 'beutifull', 'island', 'philipines']",[],[]
2023,lH_FJ6N_Wvw,"['bro', 'show', 'thailand', 'singapore', 'forget', 'malaysia']","['dont', 'get', 'philiphins']","['Singapore', 'Malaysia', 'Thailand']",[]
2024,lH_FJ6N_Wvw,[],[],['Sri Lanka'],[]
2024,lH_FJ6N_Wvw,[],[],['India'],[]
2024,lH_FJ6N_Wvw,"['come', 'beach', 'philippine', 'best', 'amaze', 'english', 'speaking', 'country']",[],['Philippines'],[]
2023,lH_FJ6N_Wvw,"['thailand', 'sure', 'thaijapanese', 'person']",[],['Thailand'],[]
2023,lH_FJ6N_Wvw,"['1im', 'proud', 'country']",[],[],[]
2023,lH_FJ6N_Wvw,"['north', 'korea', 'finna', 'unsubscribe']",[],[],[]
2023,lH_FJ6N_Wvw,[],[],['Philippines'],[]
2023,lH_FJ6N_Wvw,"['philippine', 'list', 'beautiful', 'country']","['philippine', 'common']",['Philippines'],['Philippines']
2023,lH_FJ6N_Wvw,"['philippine', 'list', 'beautiful', 'country']",[],['Philippines'],[]
2023,lH_FJ6N_Wvw,"['philippine', 'list', 'beautiful', 'country']","['inida', 'remove', 'list']",['Philippines'],[]
2023,lH_FJ6N_Wvw,"['go', 'china', 'shanghai', 'one', 'unreal', 'place', 'ive', 'ever', 'see', 'sad']","['think', 'shanghai']",['China'],['China']
2023,lH_FJ6N_Wvw,"['go', 'china', 'shanghai', 'one', 'unreal', 'place', 'ive', 'ever', 'see', 'sad']","['zhmy', '5ev', 'go', 'shanghai', 'tower', 'oriental', 'pearl', 'tower', 'around', 'area', 'ngl', 'shanghai', 'dineyland', 'best', 'disneyland', 'ive']",['China'],['China']
2023,lH_FJ6N_Wvw,"['thank', 'put', 'thailand', 'top', 'list']",[],['Thailand'],[]
2024,lH_FJ6N_Wvw,"['malaysia', 'maldives', 'philipines', 'uae', 'leave', 'chat', 'honestly', 'india', 'pakistan', 'bangladesh', 'great', 'country', 'visit', 'like', 'crowd', 'depressing', 'work', 'time', 'forest', 'everywhere', 'term', 'natural', 'beuty', 'aint', 'really', 'great', 'term', 'tourism', 'activity', 'great', 'politics', 'country', 'management']","['mean', 'depends', 'state', 'visit', 'visit', 'kashmir', 'ladakh', 'himachal', 'pradesh', 'uttarakhand', 'really', 'beautiful']","['Bangladesh', 'Malaysia', 'Maldives', 'India', 'Pakistan', 'United Arab Emirates']",[]
2025,lH_FJ6N_Wvw,"['srilanka', 'best', 'history', 'important']",[],[],[]
2024,lH_FJ6N_Wvw,[],[],['Sri Lanka'],[]
2023,lH_FJ6N_Wvw,"['wronge', 'maldives']",[],['Maldives'],[]
2023,lH_FJ6N_Wvw,"['much', 'good', 'place', 'asia', 'indian', 'deservve', '1st', '2nd', 'place']",[],[],[]
2023,lH_FJ6N_Wvw,"['much', 'good', 'place', 'asia', 'indian', 'deservve', '1st', '2nd', 'place']","['appropriate', 'country', 'full', 'rubbish']",[],[]
2023,lH_FJ6N_Wvw,"['much', 'good', 'place', 'asia', 'indian', 'deservve', '1st', '2nd', 'place']","['claudedevq', '2vrcoming', 'someone', 'learn', 'india', 'social', 'medium', 'cry', 'harder', 'kid']",[],['India']
2023,lH_FJ6N_Wvw,"['much', 'good', 'place', 'asia', 'indian', 'deservve', '1st', '2nd', 'place']","['crowd', 'dirty']",[],[]
2023,lH_FJ6N_Wvw,"['much', 'good', 'place', 'asia', 'indian', 'deservve', '1st', '2nd', 'place']",[],[],[]
2023,lH_FJ6N_Wvw,"['bangladesh', 'unsubscribe']","['bangladesh', 'really', 'deserve', 'list', 'nothing', 'interest', 'country', 'rubbish', 'everywhere']",['Bangladesh'],['Bangladesh']
2023,lH_FJ6N_Wvw,"['bangladesh', 'unsubscribe']",[],['Bangladesh'],[]
2023,lH_FJ6N_Wvw,"['want', 'visit', 'north', 'korea']",[],[],[]
2023,lH_FJ6N_Wvw,"['want', 'visit', 'north', 'korea']",[],[],[]
2024,lH_FJ6N_Wvw,[],"['gemran', 'visit', 'iran', 'pakistan', 'iran', 'way', 'well', 'pakistan']",[],['Pakistan']
2024,lH_FJ6N_Wvw,[],"['yeah', 'thank', 'best', 'one']",['Sri Lanka'],[]
2025,lH_FJ6N_Wvw,[],[],['Sri Lanka'],[]
2025,lH_FJ6N_Wvw,[],[],[],[]
2023,lH_FJ6N_Wvw,[],[],[],[]
2023,lH_FJ6N_Wvw,"['isnt', 'uae', 'malaysia', 'oman', 'japan', 'overrate', 'turkiye', 'asia', 'side', 'list']",[],"['Japan', 'Oman', 'Malaysia', 'United Arab Emirates']",[]
2023,lH_FJ6N_Wvw,[],[],['Philippines'],[]
2023,lH_FJ6N_Wvw,"['im', 'thailand']",[],['Thailand'],[]
2023,lH_FJ6N_Wvw,[],[],[],[]
2023,lH_FJ6N_Wvw,"['2nd', 'beautiful', 'capital', 'world']",[],[],[]
2023,lH_FJ6N_Wvw,[],[],[],[]
2023,lH_FJ6N_Wvw,['thailand'],[],['Thailand'],[]
2023,lH_FJ6N_Wvw,"['china', 'leave', 'chat']",[],['China'],[]
2023,lH_FJ6N_Wvw,[],[],[],[]
2024,lH_FJ6N_Wvw,"['india', 'always', 'first']","['indian', 'pepols', 'dont', 'money', 'dont', 'know', 'country']",['India'],[]
2024,lH_FJ6N_Wvw,"['india', 'always', 'first']",[],['India'],[]
2024,lH_FJ6N_Wvw,"['unsafe', 'criminal', 'india', 'list', 'safe', 'china', 'editor', 'india', 'rank', 'country', 'safety', 'index', 'hdi']","['rank', 'beauty', 'please', 'stop', 'judging', 'country', 'base', 'see', 'social', 'medium', 'india', 'nice', 'youre', 'right', 'china', 'deserves', 'list']","['China', 'India']","['France', 'China', 'India']"
2024,lH_FJ6N_Wvw,"['unsafe', 'criminal', 'india', 'list', 'safe', 'china', 'editor', 'india', 'rank', 'country', 'safety', 'index', 'hdi']","['ive', 'india', 'twice', 'beautiful', 'countrykind', 'peoplelet', 'real', 'traveler', 'say']","['China', 'India']",['India']
2024,lH_FJ6N_Wvw,[],[],['India'],['India']
2024,lH_FJ6N_Wvw,[],"['theone', '_12no', 'million']",['India'],[]
2024,lH_FJ6N_Wvw,"['china', 'mysterious', 'country', 'ever']",[],['China'],[]
2023,lH_FJ6N_Wvw,"['guy', 'indian', 'live', 'india', 'life', 'recommend', 'go', 'muslim', 'islam', 'dont', 'recommend', 'india', 'discrimination', 'hope', 'hapls']",[],['India'],[]
2023,lH_FJ6N_Wvw,"['uae', 'pak', 'leave', 'chat']","['nothing', 'visit', 'uae', 'however', 'gilgit', 'baltistan', 'best', 'world', 'term', 'mountain', 'view']",['United Arab Emirates'],['United Arab Emirates']
2023,lH_FJ6N_Wvw,"['bro', 'phillipines', 'world', 'beutiful', 'place']",[],[],[]
2025,lH_FJ6N_Wvw,"['cambodia', 'bc', 'love', 'cambodia', 'country']",[],['Cambodia'],[]
2025,lH_FJ6N_Wvw,"['singapore', 'w', 'country']",[],['Singapore'],[]
2025,lH_FJ6N_Wvw,[],[],['India'],[]
2024,lH_FJ6N_Wvw,[],[],['Sri Lanka'],[]
2024,lH_FJ6N_Wvw,[],[],[],[]
2024,lH_FJ6N_Wvw,"['uzbekistan', 'bro', 'uzbekistan', 'visitful', 'country']",[],['Uzbekistan'],[]
2024,lH_FJ6N_Wvw,[],[],"['Malaysia', 'Singapore', 'Japan', 'Indonesia', 'China']",[]
2024,lH_FJ6N_Wvw,[],[],['Pakistan'],[]
2024,lH_FJ6N_Wvw,"['north', 'korea', 'best', 'realize', 'great', 'ordinary', 'life']",[],[],[]
2024,lH_FJ6N_Wvw,"['sti', 'lanka', 'best']",[],['Sri Lanka'],[]
2024,lH_FJ6N_Wvw,"['india', 'korea', 'best']",[],['India'],[]
2024,lH_FJ6N_Wvw,[],[],['Sri Lanka'],[]
2024,lH_FJ6N_Wvw,"['wait', 'thailand', 'im', 'thailand', 'rn']",[],['Thailand'],[]
2024,lH_FJ6N_Wvw,['thailand'],[],['Thailand'],[]
2024,lH_FJ6N_Wvw,"['cambodia', 'thailand', 'vietnam']",[],"['Thailand', 'Vietnam', 'Cambodia']",[]
2024,lH_FJ6N_Wvw,"['nepal', 'huh', 'dhoti', 'randians', 'sala', 'dhoti']",[],['Nepal'],[]
2024,lH_FJ6N_Wvw,['malaysia'],[],['Malaysia'],[]
2023,lH_FJ6N_Wvw,"['im', 'thailand', 'thats', 'number']",[],['Thailand'],[]
2023,lH_FJ6N_Wvw,[],[],['Thailand'],[]
2023,lH_FJ6N_Wvw,[],[],['Sri Lanka'],[]
2023,lH_FJ6N_Wvw,[],[],[],[]
2023,lH_FJ6N_Wvw,[],[],['Sri Lanka'],[]
2023,lH_FJ6N_Wvw,"['philippine', 'beachesare', 'sure']",[],['Philippines'],[]
2023,lH_FJ6N_Wvw,"['know', 'talk', 'people', 'brunei', 'people', 'kind']",[],[],[]
2023,lH_FJ6N_Wvw,"['vlogger', 'dont', 'post', 'opinioni', 'trust', 'travel', 'magazine']",[],[],[]
2023,lH_FJ6N_Wvw,['top'],[],[],[]
2023,lH_FJ6N_Wvw,"['one', 'create', 'video', 'blind']",[],[],[]
2023,lH_FJ6N_Wvw,[],[],['Philippines'],[]
2023,lH_FJ6N_Wvw,"['china', 'hong', 'kong', 'leave', 'chat']",[],['China'],[]
2023,lH_FJ6N_Wvw,"['bro', 'really', 'forgot', 'country', 'lebanon', 'tasty', 'food']",[],['Lebanon'],[]
2023,lH_FJ6N_Wvw,['turkey'],[],['Turkey'],[]
2024,lH_FJ6N_Wvw,[],['india'],"['Japan', 'Sri Lanka', 'India']",['India']
2024,lH_FJ6N_Wvw,[],[],"['Japan', 'Sri Lanka', 'India']",['Sri Lanka']
2023,lH_FJ6N_Wvw,[],[],[],[]
2023,lH_FJ6N_Wvw,[],"['italy', 'france', 'uk', 'vatican', 'ireland', 'monaco', 'netherland', 'iceland', 'switzerland', 'germany']",[],"['United Kingdom', 'Italy', 'Ireland', 'Monaco', 'Iceland', 'France', 'Germany', 'Switzerland']"
2023,lH_FJ6N_Wvw,"['qatar', 'bro']",['asean'],['Qatar'],[]
2023,lH_FJ6N_Wvw,"['qatar', 'bro']","['fun_aviationbut', 'qatar', 'asia', 'bro']",['Qatar'],['Qatar']
2025,lH_FJ6N_Wvw,"['seriously', 'india']","['ok', 'bot', 'educate']",['India'],[]
2024,zjhtj7r_AvE,"['philliphines', 'great', 'country', 'delicious', 'food', 'cook', 'people', 'agree']",[],[],[]
2024,zjhtj7r_AvE,"['thanks', 'kind', 'word', 'philippine']",[],['Philippines'],[]
2024,zjhtj7r_AvE,"['thanks', 'promote', 'country']",[],[],[]
2024,zjhtj7r_AvE,"['hapf', 'filipino', 'didnt', 'know', 'beautiful', 'country', 'travel', 'around', 'country', 'tine', 'year']",[],[],[]
2024,zjhtj7r_AvE,"['think', 'never', 'thailand', 'japan', 'right']",[],"['Japan', 'Thailand']",[]
2024,zjhtj7r_AvE,"['ayyy', 'live', 'philipinesand', 'agree', 'need', 'go']",[],[],[]
2024,zjhtj7r_AvE,"['thank', 'say', 'country', 'people', 'say', 'country', 'one', 'brunei', 'darussalam', 'fun', 'place', 'go', 'jerudong', 'park', 'yayasan']",[],[],[]
2024,zjhtj7r_AvE,"['gotta', 'check', 'namibia', 'drewblinsky', 'agree', 'best', 'country', 'philippine', 'also', 'top']",[],"['Philippines', 'Namibia']",[]
2024,zjhtj7r_AvE,"['thanks', 'put', 'contry', '4th', 'place', 'philippine', 'contry']",[],['Philippines'],[]
2024,zjhtj7r_AvE,"['go', 'go', 'pf', 'country', 'one', 'day']",[],[],[]
2024,zjhtj7r_AvE,"['sootrue', 'beautiful', 'vietnam', 'extremely', 'delicious', 'food', 'awesome', 'culture', 'amazingly', 'epic', 'landscape']",[],['Vietnam'],[]
2024,zjhtj7r_AvE,"['love', 'philipine']",[],[],[]
2024,zjhtj7r_AvE,"['love', 'philipine']","['ocean', 'hurt', 'eye']",[],[]
2024,zjhtj7r_AvE,"['south', 'koreascratch', 'thatboff', 'list', 'person', 'color', 'south', 'korean', 'racist', 'mean', 'absolutely', 'racist', 'non', 'white', 'people']","['yes', 'thats', 'choose', 'phillipines', 'becuse', 'filipino', 'racist', 'frieandly', 'welcome', 'country', 'yeahd']",[],[]
2024,zjhtj7r_AvE,"['number', 'north', 'korea', 'traffic', 'jam', 'obesity', 'political', 'stability', 'clean', 'air', 'god', 'flesh', 'bone', 'physically', 'present']","['wheres', 'entertainment']",[],[]
2024,zjhtj7r_AvE,[],"['wee', 'love', 'philippine']",['Philippines'],['Philippines']
2024,zjhtj7r_AvE,"['forget', 'india']",[],['India'],[]
2024,zjhtj7r_AvE,[],[],[],[]
2024,zjhtj7r_AvE,['pillipns'],[],[],[]
2024,zjhtj7r_AvE,[],[],[],[]
2024,zjhtj7r_AvE,[],[],['Philippines'],[]
2024,zjhtj7r_AvE,"['wow', 'south', 'korea', 'nic', 'philippine', 'go', 'south', 'korea']",[],['Philippines'],[]
2024,zjhtj7r_AvE,"['live', 'philippine']",[],['Philippines'],[]
2024,zjhtj7r_AvE,[],[],[],[]
2024,zjhtj7r_AvE,"['thank', 'visiting', 'philippine', 'im', 'philippine']",[],['Philippines'],[]
2024,zjhtj7r_AvE,"['thank', 'choose', 'philippine', 'enjoy', 'holiday', 'god', 'bless', 'always']",[],['Philippines'],[]
2024,zjhtj7r_AvE,"['thank', 'god', 'bless', 'maybe', 'go', 'someday']",[],[],[]
2024,zjhtj7r_AvE,"['thats', 'lot', 'food', 'carcar', 'dude', 'find', 'soft', 'torta', 'dalaguete', 'dont', 'go', 'dalaguete', 'kinda', 'far', 'satisfy', 'view', 'food']",[],[],[]
2024,zjhtj7r_AvE,"['cebu', 'dude', 'arrive', 'airport', 'go', 'carcar', 'pass', 'big', 'long', 'new', 'bridge', 'srp', 'minglanilla', 'naga', 'sn', 'fernando', 'carcar', 'saw', 'thats', 'good', 'number', 'list']",[],['Philippines'],[]
2024,zjhtj7r_AvE,['phils'],[],[],[]
2024,zjhtj7r_AvE,"['literally', 'like', 'explore', 'mar', 'sentence', 'doesnt', 'make', 'sense', 'bro']",[],[],[]
2024,zjhtj7r_AvE,"['american', 'drink', 'beer', 'street', 'lol']",[],[],[]
2024,zjhtj7r_AvE,[],[],[],[]
2024,zjhtj7r_AvE,"['best', 'beach', 'asia', 'drunk', 'even', 'japan', 'many', 'beautiful', 'beach', 'asia', 'big', 'survey', 'beach', 'asia', 'course']",[],['Japan'],[]
2024,zjhtj7r_AvE,[],[],['Philippines'],[]
2024,zjhtj7r_AvE,"['vote', 'go', 'philippines', 'amazing', 'country', 'friendly', 'people', 'earth']",[],['Philippines'],[]
2024,zjhtj7r_AvE,"['mabuhay', 'thank', 'include', 'philippine', 'top']",[],['Philippines'],[]
2024,zjhtj7r_AvE,"['bear', 'philippine', 'btw', 'go', 'country']",[],['Philippines'],[]
2024,zjhtj7r_AvE,"['finland', 'say', 'philippine', 'friendlyes', 'country']",[],"['Finland', 'Philippines']",[]
2024,zjhtj7r_AvE,"['korean', 'metro', 'system', 'hk', 'mtr']",[],[],[]
2024,zjhtj7r_AvE,"['live', 'philippine', 'bear']",[],['Philippines'],[]
2024,zjhtj7r_AvE,"['literally', 'south', 'korean', 'bar', 'indian', 'pakistani', 'allow']",[],[],[]
2024,zjhtj7r_AvE,"['like', 'country', 'try', 'visit', 'malaysia']",[],['Malaysia'],[]
2024,zjhtj7r_AvE,"['live', 'philipines']",[],[],[]
2024,zjhtj7r_AvE,"['im', 'philippine', 'filipino', 'assembleee']",[],['Philippines'],[]
2024,zjhtj7r_AvE,[],[],[],[]
2024,zjhtj7r_AvE,[],[],['Indonesia'],[]
2024,zjhtj7r_AvE,"['filipino', 'nice', 'people', 'world', 'filipino', 'kid']",[],[],[]
2024,zjhtj7r_AvE,"['u', 'didnt', 'mention', 'india', 'bcoz', 'quality', 'mention', 'country']",[],['India'],[]
2024,zjhtj7r_AvE,[],[],[],[]
2024,zjhtj7r_AvE,"['hello', 'thx', 'shout', 'country', 'philipines']",[],[],[]
2024,zjhtj7r_AvE,"['drew', 'blinsky', 'travel', 'country', 'world', 'say', 'hat', 'brunei', 'love', 'lol', 'guess', 'see']",[],[],[]
2024,zjhtj7r_AvE,[],[],[],[]
2024,zjhtj7r_AvE,[],[],['Philippines'],[]
2024,zjhtj7r_AvE,"['filipino', 'agree', 'beach', 'calmevery', 'hotel', 'seaside', 'expensive', 'u', 'peso', 'really', 'cheap', 'u', 'dollar', 'recommend', 'panglao', 'beach', 'hennan', 'come', 'june']",[],['United States'],[]
2024,zjhtj7r_AvE,[],[],[],[]
2024,zjhtj7r_AvE,"['vietnam', 'mom', 'vietnamese', 'brunei', 'huh', 'neighbour', 'south', 'korea', 'black', 'pink', 'concert', 'philippinesoh', 'goodness', 'always', 'neighbour', 'namibia', 'idk', 'country', 'look', 'video', 'meat', 'im', 'vegetarian', 'meat']",[],"['Philippines', 'Namibia', 'Vietnam']",[]
2024,zjhtj7r_AvE,"['ppl', 'already', 'live', 'philippine', 'live']",[],['Philippines'],[]
2024,zjhtj7r_AvE,[],[],['Philippines'],[]
2024,zjhtj7r_AvE,"['thank', 'visit', 'country']",[],[],[]
2024,zjhtj7r_AvE,['thailand'],[],['Thailand'],[]
2024,zjhtj7r_AvE,[],[],['India'],[]
2024,zjhtj7r_AvE,"['come', 'philippine']",[],['Philippines'],[]
2024,zjhtj7r_AvE,"['cambodia', 'beautiful', 'country', 'shouldnt', 'ignore', 'best', 'place', 'also', 'nice', 'people', 'big', 'temple', 'world']",[],"['France', 'Cambodia']",[]
2024,zjhtj7r_AvE,"['number', 'one', 'china']",[],['China'],[]
2024,zjhtj7r_AvE,['wereasian'],[],[],[]
2024,zjhtj7r_AvE,['wereasian'],[],[],[]
2024,zjhtj7r_AvE,"['u', 'miss', 'afghanistanits', 'v', 'cheap', 'amazing', 'landscape', 'friendly', 'local']",['war'],['Afghanistan'],[]
2024,zjhtj7r_AvE,"['first', 'everyone', 'doesnt', 'drink', 'second', 'vietnamese', 'people', 'like', 'money', 'u', 'still', 'practice', 'communism', 'third', 'certain', 'street', 'clean', 'want', 'visitor', 'see', 'fourth', 'street', 'food', 'safe']","['vietnam', 'use', 'capitalism', 'survive', 'government', 'system', 'communist']",['United States'],['Vietnam']
2024,zjhtj7r_AvE,"['japan', 'beautiful', 'country', 'world', 'every', 'cherry', 'blossom', 'food', 'yummy']","['see', 'japanese', 'people', 'eat', 'octopus', 'tentacle', 'really', 'offputting']",['Japan'],[]
2024,zjhtj7r_AvE,"['country', 'beautiful', 'visit', 'language', 'barrier', 'people', 'start', 'talk', 'language', 'dont', 'understand']","['im', 'filipino', 'almost', 'u', 'know', 'speak', 'english', 'pretty', 'much', 'adapt', 'language']",[],['United States']
2025,zjhtj7r_AvE,[],[],['India'],[]
2025,zjhtj7r_AvE,"['filipino', 'probably', 'nice', 'people', 'world', 'mom', 'watch', 'gma', 'lot', 'people', 'go', 'jail', 'go', 'fight', 'hit', 'hear', 'tv', 'well', 'sure', 'buddy']",[],[],[]
2025,zjhtj7r_AvE,[],[],[],[]
2025,zjhtj7r_AvE,"['love', 'philippine', 'im', 'also', 'relationship', 'filipino', 'woman']",[],['Philippines'],[]
2025,zjhtj7r_AvE,"['hear', 'mexico', 'place', 'visit', 'look', 'like', 'beautiful', 'country']",[],['Mexico'],[]
2025,zjhtj7r_AvE,[],[],[],[]
2025,zjhtj7r_AvE,"['great', 'top', 'country']",[],[],[]
2025,zjhtj7r_AvE,"['love', 'philippine']",[],['Philippines'],[]
2025,zjhtj7r_AvE,"['thailand', 'best']",[],['Thailand'],[]
2024,zjhtj7r_AvE,[],[],[],[]
2024,zjhtj7r_AvE,[],[],[],[]
2024,zjhtj7r_AvE,[],[],['India'],[]
2024,zjhtj7r_AvE,"['half', 'filipino', 'half', 'human']",[],[],[]
2024,zjhtj7r_AvE,"['malaysia', 'country', 'top']",[],['Malaysia'],[]
2024,zjhtj7r_AvE,"['philippine', 'right', 'best', 'location', 'ever', 'visit']",[],['Philippines'],[]
2024,zjhtj7r_AvE,[],[],[],[]
2024,zjhtj7r_AvE,[],[],['Indonesia'],[]
2024,zjhtj7r_AvE,"['ever', 'visit', 'indonesia', 'try', 'indonesia', 'friendly', 'accept', 'social', 'medium']",[],['Indonesia'],[]
2024,zjhtj7r_AvE,"['like', 'u', 'say', 'also', 'miss', 'two', 'best', 'place', 'well', 'australia', 'gold', 'coast', 'n', 'new', 'zealand']",[],['Australia'],[]
2024,zjhtj7r_AvE,"['thank', 'include', 'beautiful', 'philippine']",[],['Philippines'],[]
2024,zjhtj7r_AvE,[],[],[],[]
2024,zjhtj7r_AvE,"['bro', 'half', 'comment', 'philippine']",[],['Philippines'],[]
2024,zjhtj7r_AvE,"['hello', 'hong', 'kongese', 'everything', 'look', 'interesting', 'saw', 'subway', 'show', 'south', 'korea', 'hong', 'kong', 'mtr']",[],[],[]
2024,zjhtj7r_AvE,"['think', 'indonesia', 'friendly', 'nice', 'people', 'world']",[],['Indonesia'],[]
2024,zjhtj7r_AvE,[],[],['Indonesia'],[]
2024,zjhtj7r_AvE,"['im', 'curious', 'brunei', 'namibia', 'nice', 'nice']",[],"['France', 'Namibia']",[]
2024,zjhtj7r_AvE,"['philippine', 'interesting', 'country', 'visit', 'nice', 'place', 'live', 'nicer', 'cheap', 'place', 'like', 'vietnam', 'malaysia', 'thailand']",[],"['Philippines', 'Malaysia', 'Vietnam', 'France', 'Thailand']",[]
2024,zjhtj7r_AvE,"['sri', 'lanka', 'one', 'best', 'tourist', 'destination', 'even', 'vote', 'forbes']",[],['Sri Lanka'],[]
2024,zjhtj7r_AvE,"['think', 'thailand', 'best', 'world']",[],['Thailand'],[]
2024,zjhtj7r_AvE,"['phillipines', 'winn']",[],[],[]
2024,zjhtj7r_AvE,"['thanks', 'stay', 'usa']",[],['United States'],[]
2023,HcdohhNq8Iw,"['great', 'location', 'however', 'irritate', 'top', 'narrative', 'almost', 'make', 'unbearable', 'watch', 'pity', 'gorgeous', 'footage']","['totally', 'agree', 'voice', 'robotic', 'sometimes', 'pronounced', 'word', 'incorrectly', 'statement', 'husband', 'script', 'wax', 'poetic', 'robot', 'voice', 'info', 'good', 'want', 'know', 'make', 'country', 'different', 'one', 'produce', 'emotional', 'response']",[],[]
2023,HcdohhNq8Iw,"['great', 'location', 'however', 'irritate', 'top', 'narrative', 'almost', 'make', 'unbearable', 'watch', 'pity', 'gorgeous', 'footage']","['picture', 'tell', 'thousand', 'story', 'let', 'tone', 'top', 'narrative', 'sickly', 'sugary', 'sweet', 'need']",[],[]
2023,HcdohhNq8Iw,"['great', 'location', 'however', 'irritate', 'top', 'narrative', 'almost', 'make', 'unbearable', 'watch', 'pity', 'gorgeous', 'footage']","['mute', 'sound', 'able', 'watch']",[],[]
2023,HcdohhNq8Iw,"['great', 'location', 'however', 'irritate', 'top', 'narrative', 'almost', 'make', 'unbearable', 'watch', 'pity', 'gorgeous', 'footage']","['clearly', 'ai', 'agree', 'top', 'narrative', 'almost', 'comedic', 'proportion']",[],[]
2023,HcdohhNq8Iw,"['great', 'location', 'however', 'irritate', 'top', 'narrative', 'almost', 'make', 'unbearable', 'watch', 'pity', 'gorgeous', 'footage']","['email', 'create', 'put', 'comment', 'funny']",[],[]
2023,HcdohhNq8Iw,"['great', 'location', 'however', 'irritate', 'top', 'narrative', 'almost', 'make', 'unbearable', 'watch', 'pity', 'gorgeous', 'footage']","['lol', 'narration', 'top', 'understatement', 'laziness', 'let', 'chat', 'gpt', 'write', 'script']",[],[]
2023,HcdohhNq8Iw,"['great', 'location', 'however', 'irritate', 'top', 'narrative', 'almost', 'make', 'unbearable', 'watch', 'pity', 'gorgeous', 'footage']","['adelinepeterson', 'agree', 'man', 'create', 'email', 'put', 'comment']",[],[]
2023,HcdohhNq8Iw,"['great', 'location', 'however', 'irritate', 'top', 'narrative', 'almost', 'make', 'unbearable', 'watch', 'pity', 'gorgeous', 'footage']","['even', 'guess', 'check', 'guy', 'top', 'mustvisit', 'travel', 'destination']",[],[]
2023,HcdohhNq8Iw,"['great', 'location', 'however', 'irritate', 'top', 'narrative', 'almost', 'make', 'unbearable', 'watch', 'pity', 'gorgeous', 'footage']","['l', 'appreciate', 'voice', 'lack', 'ugly', 'croak', 'sound', 'american', 'young', 'woman', 'end', 'sentence', 'english', 'first', 'languagebut', 'stronggood', 'language']",[],[]
2023,HcdohhNq8Iw,"['great', 'location', 'however', 'irritate', 'top', 'narrative', 'almost', 'make', 'unbearable', 'watch', 'pity', 'gorgeous', 'footage']",[],[],[]
2023,HcdohhNq8Iw,"['great', 'location', 'however', 'irritate', 'top', 'narrative', 'almost', 'make', 'unbearable', 'watch', 'pity', 'gorgeous', 'footage']","['thought', 'exactly', 'many', 'time', 'use', 'word', 'emotion', 'tapestry', 'embrace']",[],[]
2023,HcdohhNq8Iw,"['great', 'location', 'however', 'irritate', 'top', 'narrative', 'almost', 'make', 'unbearable', 'watch', 'pity', 'gorgeous', 'footage']",[],[],[]
2023,HcdohhNq8Iw,"['great', 'location', 'however', 'irritate', 'top', 'narrative', 'almost', 'make', 'unbearable', 'watch', 'pity', 'gorgeous', 'footage']","['mr29', 'thank', 'idea', 'cant', 'watch', 'without', 'cringe', 'poetic']",[],[]
2023,HcdohhNq8Iw,"['great', 'location', 'however', 'irritate', 'top', 'narrative', 'almost', 'make', 'unbearable', 'watch', 'pity', 'gorgeous', 'footage']","['travel', 'destination', 'without', 'irritate', 'narrative', 'thank', 'later']",[],[]
2023,HcdohhNq8Iw,"['great', 'location', 'however', 'irritate', 'top', 'narrative', 'almost', 'make', 'unbearable', 'watch', 'pity', 'gorgeous', 'footage']","['obviously', 'generate', 'ai', 'expect']",[],[]
2023,HcdohhNq8Iw,"['great', 'location', 'however', 'irritate', 'top', 'narrative', 'almost', 'make', 'unbearable', 'watch', 'pity', 'gorgeous', 'footage']",[],[],[]
2023,HcdohhNq8Iw,"['great', 'location', 'however', 'irritate', 'top', 'narrative', 'almost', 'make', 'unbearable', 'watch', 'pity', 'gorgeous', 'footage']","['annoy', 'ai', 'voiceover']",[],[]
2024,HcdohhNq8Iw,"['one', 'beautiful', 'country', 'see', 'sri', 'lanka', 'beautiful', 'paradise', 'come', 'experience', 'beauty']","['honor', 'country', 'visit', 'one', 'day', 'always', 'welcome', 'beautiful', 'land']",['Sri Lanka'],[]
2024,HcdohhNq8Iw,"['one', 'beautiful', 'country', 'see', 'sri', 'lanka', 'beautiful', 'paradise', 'come', 'experience', 'beauty']",[],['Sri Lanka'],[]
2024,HcdohhNq8Iw,"['one', 'beautiful', 'country', 'see', 'sri', 'lanka', 'beautiful', 'paradise', 'come', 'experience', 'beauty']","['uditraj', 'really', 'ground', 'level', 'see', 'expensive', 'many', 'option', 'decide', 'whether', 'stay', 'per', 'night', 'hotel', 'per', 'night', 'hotel', 'huge', 'range', 'accommodation', 'food', 'available']",['Sri Lanka'],[]
2024,HcdohhNq8Iw,"['one', 'beautiful', 'country', 'see', 'sri', 'lanka', 'beautiful', 'paradise', 'come', 'experience', 'beauty']",[],['Sri Lanka'],[]
2024,HcdohhNq8Iw,"['scam', 'alert', 'inform', 'never', 'offer', 'money', 'ask', 'money', 'exchange', 'subscribe', 'channel', 'notice', 'scam', 'go', 'turkey', 'india', 'country', 'whatsapp', 'telegram', 'use', 'brand', 'name', 'since', 'offer', 'money', 'exchange', 'subscribe', 'channel', 'people', 'visit', 'channel', 'money', 'aware', 'part', 'cyber', 'scam', 'already', 'please', 'report', 'whatsapp', 'number', 'telegram', 'number', 'police', 'cyber', 'crime', 'center', 'country', 'previous', 'scam', 'alert', 'reference']","['mention', 'switzerland', 'nepal', 'newzealand', 'france']","['Turkey', 'India']","['France', 'Nepal', 'Switzerland']"
2024,HcdohhNq8Iw,"['scam', 'alert', 'inform', 'never', 'offer', 'money', 'ask', 'money', 'exchange', 'subscribe', 'channel', 'notice', 'scam', 'go', 'turkey', 'india', 'country', 'whatsapp', 'telegram', 'use', 'brand', 'name', 'since', 'offer', 'money', 'exchange', 'subscribe', 'channel', 'people', 'visit', 'channel', 'money', 'aware', 'part', 'cyber', 'scam', 'already', 'please', 'report', 'whatsapp', 'number', 'telegram', 'number', 'police', 'cyber', 'crime', 'center', 'country', 'previous', 'scam', 'alert', 'reference']",[],"['Turkey', 'India']",[]
2024,HcdohhNq8Iw,"['scam', 'alert', 'inform', 'never', 'offer', 'money', 'ask', 'money', 'exchange', 'subscribe', 'channel', 'notice', 'scam', 'go', 'turkey', 'india', 'country', 'whatsapp', 'telegram', 'use', 'brand', 'name', 'since', 'offer', 'money', 'exchange', 'subscribe', 'channel', 'people', 'visit', 'channel', 'money', 'aware', 'part', 'cyber', 'scam', 'already', 'please', 'report', 'whatsapp', 'number', 'telegram', 'number', 'police', 'cyber', 'crime', 'center', 'country', 'previous', 'scam', 'alert', 'reference']",[],"['Turkey', 'India']",[]
2024,HcdohhNq8Iw,"['scam', 'alert', 'inform', 'never', 'offer', 'money', 'ask', 'money', 'exchange', 'subscribe', 'channel', 'notice', 'scam', 'go', 'turkey', 'india', 'country', 'whatsapp', 'telegram', 'use', 'brand', 'name', 'since', 'offer', 'money', 'exchange', 'subscribe', 'channel', 'people', 'visit', 'channel', 'money', 'aware', 'part', 'cyber', 'scam', 'already', 'please', 'report', 'whatsapp', 'number', 'telegram', 'number', 'police', 'cyber', 'crime', 'center', 'country', 'previous', 'scam', 'alert', 'reference']",[],"['Turkey', 'India']",[]
2024,HcdohhNq8Iw,"['malaysia', 'good', 'country', 'beautiful', 'destination', 'food', 'culture', 'religion', 'lifestyle']",[],['Malaysia'],[]
2024,HcdohhNq8Iw,"['great', 'list', 'place', 'keep']",['thank'],[],[]
2024,HcdohhNq8Iw,"['great', 'list', 'place', 'keep']",[],[],[]
2024,HcdohhNq8Iw,"['great', 'list', 'place', 'keep']","['anybody', 'thailand']",[],['Thailand']
2024,HcdohhNq8Iw,"['great', 'list', 'place', 'keep']",[],[],[]
2023,HcdohhNq8Iw,"['person', 'create', 'video', 'hasnt', 'travel']",['tell'],[],[]
2023,HcdohhNq8Iw,"['hope', 'great', 'traveler']",['definitely'],[],[]
2023,HcdohhNq8Iw,"['great', 'work', 'go', 'bit', 'easy', 'language', 'dictionary', 'learn']",[],[],[]
2023,HcdohhNq8Iw,"['great', 'list', 'destination', 'thanks', 'detailed', 'travel', 'guide', 'always', 'good', 'luck']","['thanks', 'watch']",[],[]
2023,HcdohhNq8Iw,"['channel', 'copy', 'version', 'two', 'guy', 'actually', 'travel', 'would', 'anyone', 'take', 'advice', 'watch', 'even', 'travel', 'literally', 'copy', 'two', 'channel', 'watch']","['scenic', 'hunter', 'great', 'list', 'content', 'type', 'channel', 'person', 'someone', 'worry', 'growth', 'dont', 'worry', 'kind', 'people', 'least', 'cant', 'understand', 'difference', 'person', 'brand', 'keep', 'good', 'work']",[],[]
2023,HcdohhNq8Iw,"['channel', 'copy', 'version', 'two', 'guy', 'actually', 'travel', 'would', 'anyone', 'take', 'advice', 'watch', 'even', 'travel', 'literally', 'copy', 'two', 'channel', 'watch']","['scenichunter', 'cover', 'mostly', 'uncovered', 'content', 'thats', 'watch', 'also', 'reason', 'think', 'competition', 'people', 'try', 'grow', 'grow', 'well', 'people', 'try', 'stop', 'others', 'growth', 'end', 'dont', 'bother', 'make', 'path', 'love', 'video', 'wish', 'best']",[],[]
2023,HcdohhNq8Iw,"['channel', 'copy', 'version', 'two', 'guy', 'actually', 'travel', 'would', 'anyone', 'take', 'advice', 'watch', 'even', 'travel', 'literally', 'copy', 'two', 'channel', 'watch']","['ive', 'follow', 'channel', 'since', 'last', 'february', 'present', 'unique', 'quality', 'content', 'rather', 'channel', 'million', 'subscriber', 'also', 'notice', 'number', 'type', 'travel', 'channel', 'youtube', 'cant', 'blame', 'copy', 'present', 'quality', 'unique', 'content', 'main', 'focus', 'everyone', 'research', 'pronounce', 'name', 'place', 'mention', 'video', 'scenic', 'hunter', 'take', 'advice', 'keep', 'create', 'quality', 'content', 'love', 'watch', 'video', 'feel', 'relax', 'god', 'bless']",[],[]
2023,HcdohhNq8Iw,"['channel', 'copy', 'version', 'two', 'guy', 'actually', 'travel', 'would', 'anyone', 'take', 'advice', 'watch', 'even', 'travel', 'literally', 'copy', 'two', 'channel', 'watch']","['heavenlysmith', 'agree', 'cover', 'destination', 'love', 'personally', 'rather', 'others', 'youtube']",[],[]
2023,HcdohhNq8Iw,"['channel', 'copy', 'version', 'two', 'guy', 'actually', 'travel', 'would', 'anyone', 'take', 'advice', 'watch', 'even', 'travel', 'literally', 'copy', 'two', 'channel', 'watch']","['excellent', 'presentation', 'top', 'class']",[],[]
2023,HcdohhNq8Iw,"['channel', 'copy', 'version', 'two', 'guy', 'actually', 'travel', 'would', 'anyone', 'take', 'advice', 'watch', 'even', 'travel', 'literally', 'copy', 'two', 'channel', 'watch']","['one', 'actual', 'travelling', 'person', 'copy', 'video', 'funny']",[],[]
2023,HcdohhNq8Iw,"['channel', 'copy', 'version', 'two', 'guy', 'actually', 'travel', 'would', 'anyone', 'take', 'advice', 'watch', 'even', 'travel', 'literally', 'copy', 'two', 'channel', 'watch']","['world', 'open', 'every', 'traveler', 'two', 'traveler', 'man', 'definitely', 'one', 'specific', 'two', 'traveler', 'couldnt', 'tolerate', 'growth']",[],[]
2023,HcdohhNq8Iw,"['channel', 'copy', 'version', 'two', 'guy', 'actually', 'travel', 'would', 'anyone', 'take', 'advice', 'watch', 'even', 'travel', 'literally', 'copy', 'two', 'channel', 'watch']","['youre', 'definitely', 'one', 'specific', 'traveler', 'think', 'world', 'open', 'make', 'travel', 'youtube', 'video', 'funny']",[],[]
2023,HcdohhNq8Iw,"['channel', 'copy', 'version', 'two', 'guy', 'actually', 'travel', 'would', 'anyone', 'take', 'advice', 'watch', 'even', 'travel', 'literally', 'copy', 'two', 'channel', 'watch']","['man', 'think', 'youtube', 'two', 'traveler', 'saw', 'unique', 'list', 'content', 'common', 'video', 'channel', 'world', 'open', 'every', 'one', 'two', 'traveler', 'keep', 'good', 'work']",[],[]
2023,HcdohhNq8Iw,"['europe', 'one', 'best', 'place', 'vacation', 'love', 'food', 'best', 'sight', 'ever', 'love']",[],[],[]
2023,HcdohhNq8Iw,"['wonderful', 'view', 'thanks', 'video']","['glad', 'enjoy', 'thank']",[],[]
2023,HcdohhNq8Iw,"['amaze', 'landscape']",[],[],[]
2024,HcdohhNq8Iw,"['bad', 'narrative']",[],[],[]
2024,HcdohhNq8Iw,[],['thank'],['France'],[]
2024,HcdohhNq8Iw,[],"['thank', 'much']",['France'],[]
2024,HcdohhNq8Iw,"['woow', 'stunning', 'footage']",[],[],[]
2023,HcdohhNq8Iw,"['destination', 'country', 'title', 'video', 'claim', 'great', 'video', 'gorgeous', 'place', 'visit']",[],[],[]
2023,HcdohhNq8Iw,"['great', 'video', 'think', 'able', 'provide', 'u', 'time', 'stamp']","['update', 'timestamps']",['United States'],[]
2024,HcdohhNq8Iw,[],[],['Sri Lanka'],[]
2024,HcdohhNq8Iw,[],[],['Sri Lanka'],[]
2024,HcdohhNq8Iw,"['beautiful', 'film', 'accompany', 'bad', 'narration', 'ever', 'hear', 'endless', 'dune', 'hold', 'secret', 'whisper', 'wind', 'poetic', 'tell', 'u', 'nothing', 'place', 'bad', 'sound', 'like', 'script', 'read', 'machine', 'emphasis', 'odd', 'place', 'strange', 'pronunciation', 'abound', 'still', 'like']","['ai', 'write', 'repetitive', 'top']",['United States'],[]
2023,HcdohhNq8Iw,"['well', 'voice', 'scenery', 'nice', 'however', 'think', 'lack', 'pros', 'con', 'destination', 'traveler', 'make', 'informed', 'decision']",[],['France'],[]
2024,HcdohhNq8Iw,"['use', 'grammarly', 'check', 'narrative', 'improve', 'video', 'example', 'hard', 'hardest', 'latter', 'redundant']",[],[],[]
2023,HcdohhNq8Iw,"['hard', 'time', 'recognize', 'logic', 'select', 'best', 'county', 'urla', 'monaco', 'sardaigna', 'toscane', 'montana', 'ibiza', 'county', 'guatemala', 'mongolia', 'shri', 'lanka', 'farfetched', 'place', 'incongruity', 'place', 'destination']",[],"['Monaco', 'Sri Lanka', 'Mongolia', 'Guatemala']",[]
2023,HcdohhNq8Iw,"['ibiza', 'country', 'spain']",[],['Spain'],[]
2023,HcdohhNq8Iw,"['place', 'suggest', 'really', 'dangerous', 'crime', 'beyond', 'imagination']","['pay', 'promotion', 'baby', 'dont', 'dominican', 'republic', 'list', 'top', 'place', 'visit', 'dont', 'pay', 'promotion']",[],[]
2023,HcdohhNq8Iw,"['place', 'suggest', 'really', 'dangerous', 'crime', 'beyond', 'imagination']","['mabe', 'could', 'give', 'u', 'list', 'dangerous', 'place', 'stay', 'away']",[],['United States']
2023,HcdohhNq8Iw,"['please', 'indicate', 'country', 'mix', 'place', 'part', 'country', 'ie', 'ibiza', 'spain', 'montana', 'usa', 'etc', 'thanks', 'video']",[],"['Spain', 'United States']",[]
2023,HcdohhNq8Iw,"['seriously', 'need', 'brush', 'geography', 'geez', 'since', 'urla', 'ibiza', 'tuscany', 'sardinia', 'secede', 'turkey', 'spain', 'italy', 'become', 'country']",[],"['Turkey', 'Spain', 'Italy']",[]
2023,HcdohhNq8Iw,"['great', 'image', 'poor', 'narrative']",[],[],[]
2024,HcdohhNq8Iw,"['thanks', 'share', 'incredible', 'travel', 'guide', 'feeling', 'inspire', 'explore', 'new', 'country', 'culture']",[],[],[]
2024,HcdohhNq8Iw,"['ive', 'visit', 'agree', 'disagree', 'eith', 'others', 'come', 'number', 'tell', 'truth', 'love', 'every', 'country', 'beautiful', 'unique']",[],[],[]
2023,HcdohhNq8Iw,[],"['switzerland', 'country', 'visit', 'lot', 'country', 'large', 'variety', 'experience']",['Switzerland'],['Switzerland']
2024,HcdohhNq8Iw,"['cringe', 'commentary', 'everywhere', 'tapestry', 'azure', 'view', 'weave', 'echo', 'resilience', 'testament', 'human', 'spirit', 'random', 'combination', 'word']",[],[],[]
2023,HcdohhNq8Iw,"['sound', 'like', 'ai', 'commentary', 'dont', 'like']",[],[],[]
2023,HcdohhNq8Iw,"['language', 'top', 'ai', 'generate']",[],[],[]
2024,HcdohhNq8Iw,"['scenic', 'hunter', 'really', 'like', 'video', 'subscribe']",['thank'],[],[]
2024,HcdohhNq8Iw,"['scenic', 'hunter', 'really', 'like', 'video', 'subscribe']","['fond', 'see', 'new', 'place', 'let', 'tell', 'come', 'pakistan', 'wait', 'come', 'happily']",[],['Pakistan']
2023,HcdohhNq8Iw,"['cant', 'believe', 'urla', 'list']","['think', 'interesting', 'choice', 'hey', 'im', 'open', 'place', 'wouldnt', 'know', 'consider', 'recommendation']",[],[]
2023,HcdohhNq8Iw,"['cant', 'believe', 'urla', 'list']","['live', 'close', 'urla', 'actually', 'video', 'show', 'simple', 'point', 'many', 'good', 'town', 'cost', 'show']",[],[]
2024,HcdohhNq8Iw,"['read', 'wish', 'heart', 'full', 'love', 'mind', 'free', 'stress', 'life', 'rich', 'blessing', 'financial', 'prosperity', 'good', 'health', 'constant', 'presence', 'god', 'grace', 'life']",[],[],[]
2024,HcdohhNq8Iw,[],[],['Sri Lanka'],[]
2024,HcdohhNq8Iw,"['scenic', 'hunter', 'youre', 'talented', 'hit', 'like', 'button']",[],[],[]
2024,HcdohhNq8Iw,"['nice', 'view']",[],['France'],[]
2024,HcdohhNq8Iw,[],[],[],[]
2024,HcdohhNq8Iw,[],"['best', 'city', 'visit', 'part', 'country', 'beautiful', 'fun']",['Morocco'],[]
2023,HcdohhNq8Iw,"['thailand', 'best', 'destination', 'tourist', 'like', 'nowthere', '22million', 'tourist', 'visit', 'bangkok', 'london', 'paris', '2023nice', 'friendly', 'peopledelicious', 'affordable', 'food', 'especially', 'seafood', 'beautiful', 'beach']",[],"['France', 'United Kingdom', 'Thailand']",[]
2023,HcdohhNq8Iw,"['great', 'one', 'scenic', 'hunter', 'thanks', 'wonderful', 'destination']",[],[],[]
2023,HcdohhNq8Iw,[],[],[],[]
2023,HcdohhNq8Iw,"['woow', 'stun']","['thank', 'cheer']",[],[]
2023,HcdohhNq8Iw,"['great', 'video']",['thank'],[],[]
2023,HcdohhNq8Iw,"['im', 'learn', 'english', 'destination', 'video']",[],[],[]
2023,HcdohhNq8Iw,[],[],[],[]
2023,HcdohhNq8Iw,"['great', 'list']",[],[],[]
2024,HcdohhNq8Iw,"['visit', 'srilanka', 'one', 'best', 'travel', 'destination', 'two', 'season', 'november', 'april', 'winter', 'season', 'best', 'season', 'travel', 'tropical', 'paradise', 'like', 'sri', 'lanka', 'white', 'sand', 'beach', 'sky', 'blue', 'water', 'wildlife', 'safari', 'beautiful', 'train', 'ride', 'asia', 'hill', 'country', 'eastern', 'part', 'hidden', 'gem', 'many', 'tourist', 'dont', 'travel', 'arugam', 'bay', 'know', 'one', 'best', 'surfing', 'beach', 'world', 'kalpitiy', 'puttalam', 'know', 'kitesurfing', 'hot', 'climate', 'temperate', 'climate', 'felt', 'within', 'hour', 'travel', 'time', 'world', 'high', 'leopard', 'density', 'wildlife', 'park', 'yala', 'national', 'park', 'world', 'high', 'density', 'waterfall', '35c8c', 'wide', 'range', 'temperature', 'rage', 'tea', 'plantation', 'highlight', 'visit', 'anuradhapura', 'witness', 'rich', 'history', 'see', 'year', 'old', 'ancient', 'ruin', 'dagobs', 'world', 'old', 'humanplanted', 'tree', 'world', 'year', 'old', 'branch', 'original', 'bodhi', 'tree', 'lord', 'buddha', 'attain', 'enlightenment']",[],['Sri Lanka'],[]
2023,HcdohhNq8Iw,"['travel', 'tip', 'maintain', 'healthy', 'lifestyle', 'road']",[],[],[]
2023,HcdohhNq8Iw,"['goodness', 'gracious', 'kill', 'narrative', 'say', 'experience', 'location', 'poor', 'sickly', 'sweet', 'word', 'need']",[],[],[]
2023,HcdohhNq8Iw,"['best', 'place', 'russia']",[],['Russian Federation'],[]
2023,HcdohhNq8Iw,"['amend', 'commandment', 'thou', 'shall', 'travel', 'support', 'industry']",[],[],[]
2023,HcdohhNq8Iw,['romania'],[],['Romania'],[]
2024,HcdohhNq8Iw,"['love', 'bali', 'dubai']",[],"['Indonesia', 'United Arab Emirates']",[]
2024,HcdohhNq8Iw,"['love', 'bali', 'dubai']","['give', 'advice', 'come', 'pakistan', 'wait', 'come', 'happily', 'country', 'beautiful', 'natural', 'beauty', 'much']","['Indonesia', 'United Arab Emirates']",['Pakistan']
2024,HcdohhNq8Iw,[],[],"['Indonesia', 'United Arab Emirates']",[]
2024,HcdohhNq8Iw,[],"['indonesia', 'hve', 'thousand', 'beautiful', 'island', 'world', 'especially', 'bali']","['Indonesia', 'United Arab Emirates']",['Indonesia']
2024,HcdohhNq8Iw,"['hello', 'georgia', 'great', 'country', 'place', 'dream', 'visit', 'switzerland', 'one', 'day']","['place', 'top', 'mustvisit', 'travel', 'destination']","['Georgia', 'Switzerland']",[]
2024,HcdohhNq8Iw,"['hello', 'georgia', 'great', 'country', 'place', 'dream', 'visit', 'switzerland', 'one', 'day']",[],"['Georgia', 'Switzerland']",[]
2024,HcdohhNq8Iw,"['india', 'list', 'india', 'type', 'geographical', 'destination', 'likedesert', 'snowy', 'mountains', 'rainforest', 'andman', 'lakshwadwip', 'island', 'crystal', 'clear', 'beach', 'also', 'india', '2nd', 'old', 'country', 'world', 'beside', 'city', 'rest', 'india', 'different', 'feel', 'like', 'another', 'world', 'mention']","['india', 'isnt', 'safe', 'woman', 'sanitation', 'food', 'preparation', 'need', 'upgrade', 'recommend', 'global', 'traveler']",['India'],['India']
2024,HcdohhNq8Iw,"['india', 'list', 'india', 'type', 'geographical', 'destination', 'likedesert', 'snowy', 'mountains', 'rainforest', 'andman', 'lakshwadwip', 'island', 'crystal', 'clear', 'beach', 'also', 'india', '2nd', 'old', 'country', 'world', 'beside', 'city', 'rest', 'india', 'different', 'feel', 'like', 'another', 'world', 'mention']","['dadevinot', 'safe', 'woman', 'tell']",['India'],[]
2023,HcdohhNq8Iw,[],[],['France'],[]
2023,HcdohhNq8Iw,[],['thank'],['France'],[]
2025,HcdohhNq8Iw,"['sri', 'lanka', 'offer', 'stun', 'beach', 'rich', 'culture', 'wildlife', 'safari', 'warm', 'hospitality', 'unforgettable', 'travel', 'visit', 'sri', 'lanka']",[],['Sri Lanka'],[]
2024,HcdohhNq8Iw,[],"['thanks', 'visit']",[],[]
2024,HcdohhNq8Iw,"['wow', 'inspiring', 'journey', 'world', 'captivating', 'destination', 'description', 'feel', 'like', 'vivid', 'painting', 'serene', 'beauty', 'french', 'polynesia', 'ancient', 'wonder', 'guatemala', 'poetic', 'landscape', 'slovenia', 'way', 'weave', 'together', 'essence', 'location', 'make', 'impossible', 'feel', 'drawn', 'eager', 'explore', 'natural', 'cultural', 'treasure', 'thank', 'share', 'evocative', 'emotionally', 'rich', 'guideit', 'truly', 'spark', 'wanderlust', 'within', 'cant', 'wait', 'experience', 'destination', 'firsthand']","['glad', 'enjoy']","['Slovenia', 'Guatemala']",[]
2024,HcdohhNq8Iw,"['list', 'fantastic', 'many', 'amazing', 'place', 'explore']",[],[],[]
2024,HcdohhNq8Iw,"['amazing', 'scenery', 'video', 'always', 'great', 'feel']",[],[],[]
2024,HcdohhNq8Iw,[],[],[],[]
2024,HcdohhNq8Iw,"['wonderful', 'world', 'also', 'many', 'beautiful', 'place', 'korea']","['course', 'bring', 'video', 'korea', 'soon']",[],[]
2024,HcdohhNq8Iw,"['breath', 'take', 'location', 'change', 'always', 'great', 'adventure']",[],[],[]
2024,HcdohhNq8Iw,[],"['thank', 'cheer']",[],[]
2024,HcdohhNq8Iw,[],['yes'],[],[]
2024,HcdohhNq8Iw,"['interest', 'thanks', 'want', 'come']",[],[],[]
2024,HcdohhNq8Iw,"['fantastic', 'video', 'really', 'appreciate', 'break', 'concept', 'clearly', 'remind', 'similar', 'topic', 'recently', 'discuss', 'channel', 'explore', 'different', 'aspect', 'personal', 'experience', 'relate', 'anyone', 'interested', 'deep', 'dive', 'might', 'find', 'helpful', 'keep', 'great', 'work']","['thank', 'much']",[],[]
2024,HcdohhNq8Iw,"['love', 'country', 'love', 'greece', 'croatia', 'summer', 'vacation', 'best', 'far', 'way', 'far']",[],"['Greece', 'Croatia']",[]
2024,HcdohhNq8Iw,"['informative', 'video']",[],[],[]
2024,HcdohhNq8Iw,"['country', 'offer', 'diverse', 'experience', 'thanks', 'wonderful', 'travel', 'guide']",[],[],[]
2024,HcdohhNq8Iw,[],[],[],[]
2024,HcdohhNq8Iw,"['wow', 'beautiful', 'love', 'travel']","['thanks', 'visit']",[],[]
2024,HcdohhNq8Iw,"['thanks', 'recommendation']",[],[],[]
2024,HcdohhNq8Iw,"['indonesia', 'thousand', 'beautiful', 'island', 'world']","['especially', 'bali', 'friendly', 'touristsour', 'food', 'also', 'delicious', 'rendang', 'nasi', 'goreng', 'one', 'many', 'religious', 'culture', 'country', 'love', 'diversity', 'difference']",['Indonesia'],['Indonesia']
2024,HcdohhNq8Iw,"['nepal', 'heaven', 'himalayan']","['nepal', 'even']",['Nepal'],['Nepal']
2024,HcdohhNq8Iw,"['wow', 'never', 'travel', 'except', 'come', 'israel', 'age']","['plan', 'trip', 'somewhere', 'begin', 'journey', 'good', 'luck']",['Israel'],[]
2024,HcdohhNq8Iw,['beautiful'],"['thank', 'cheer']",[],[]
2024,HcdohhNq8Iw,"['tunisia', 'simple', 'tourist', 'excellent', 'health', 'tourism', 'long', 'stay', 'tourism', 'day', 'full', 'package', 'include', 'full', 'medical', 'check', 'mountain', 'desert', 'lake', 'oasis', 'amazing', 'white', 'sand', 'beach', 'cristal', 'clean', 'emerald', 'green', 'mediterranean', 'sea', 'unique', 'experience', 'archeological', 'site', 'chartage', 'many', 'rest', 'romanfenice', 'time', 'film', 'scene', 'monthly', 'plife', 'brian', 'star', 'war', 'desert', 'festival', 'fantastic', 'good', 'fooddrink', 'friendliness', 'entertainment', 'many', 'come', 'visit', 'tunisia', 'extremely', 'good', 'price', 'destination', 'thousand', 'people', 'europe', 'choice', 'ready', 'move', 'live', 'tunisia']",[],['Tunisia'],[]
2024,HcdohhNq8Iw,['time'],"['wish', 'happy', 'new', 'year']",[],[]
2023,HcdohhNq8Iw,[],[],['France'],[]
2023,HcdohhNq8Iw,"['beautiful', 'place', 'everyone', 'know', 'bore', 'place', 'go', 'want', 'enjoy', 'vacation', 'go', 'dominican', 'republic', 'top', 'best', 'country', 'visit']","['best', 'city', 'visit', 'part', 'country', 'beautiful', 'fun', 'visit']",[],[]
2023,HcdohhNq8Iw,"['lose', 'watermark', 'float', 'throughout', 'entire', 'video', 'thats', 'thing', 'im', 'focus', 'throughout', 'video', 'utterly', 'annoying']","['watermark', 'copyright', 'protect', 'content', 'scammer', 'sorry']",[],[]
2023,HcdohhNq8Iw,['beautiful'],[],[],[]
2023,HcdohhNq8Iw,[],[],[],[]
2023,HcdohhNq8Iw,[],"['thank', 'cheer']",[],[]
2023,HcdohhNq8Iw,[],[],[],[]
2025,HcdohhNq8Iw,[],[],[],[]
2024,HcdohhNq8Iw,[],[],['Sri Lanka'],[]
2024,HcdohhNq8Iw,"['stop', 'use', 'ai', 'script']",[],[],[]
2024,HcdohhNq8Iw,"['video', 'make', 'ai', 'sured']",[],[],[]
2024,HcdohhNq8Iw,"['quit', 'ai', 'write', 'video']",[],[],[]
2024,HcdohhNq8Iw,['ccleaner'],[],[],[]
2024,yUd1JT-ljlk,[],['thank'],['France'],[]
2023,yUd1JT-ljlk,"['abu', 'dhabi', 'nedharlands', 'buket', 'list']","['list', 'future', 'bucket', 'list']",[],[]
2024,3E5SpWwLCRY,"['source', 'milk', 'truth', 'country', 'know', 'europe', 'accurate', 'list', '1greece', 'turkey', '3italy', 'spain', 'switzerlandbc', 'mountain']","['giys', 'im', 'rank', 'country', 'roo']","['Turkey', 'Spain', 'Switzerland']",[]
2023,3E5SpWwLCRY,[],[],[],[]
2023,3E5SpWwLCRY,"['names', 'generic', 'european', 'country']",[],[],[]
2023,3E5SpWwLCRY,[],[],[],[]
2023,6Sh-p_ePJ2A,"['france', 'switzerland']","['yes', 'would', 'definitely', 'list', 'france', 'switzerland', 'austria', 'netherlands']","['France', 'Switzerland']","['France', 'Austria', 'Netherlands', 'Switzerland']"
2023,6Sh-p_ePJ2A,"['france', 'switzerland']",[],"['France', 'Switzerland']",['Belgium']
2023,6Sh-p_ePJ2A,"['france', 'switzerland']",[],"['France', 'Switzerland']",[]
2023,6Sh-p_ePJ2A,"['spain', 'italy', 'would', 'recommend', 'first', 'time', 'theyre', 'quite', 'disorganize', 'especially', 'italy', 'italy', 'lot', 'scammer', 'first', 'time', 'would', 'recommend', 'country', 'like', 'france', 'uk', 'greece', 'norway', 'tourist', 'friendly']",[],"['Norway', 'Spain', 'United Kingdom', 'Italy', 'France', 'Greece']",[]
2025,6Sh-p_ePJ2A,"['really', 'like', 'accent']",[],[],[]
2023,Iz_kUcNryvQ,"['definitely', 'something', 'ill', 'look', 'next', 'holiday', 'trip']",[],[],[]
2022,VQ1Kfk6UEo4,"['subscribe', 'enjoy', 'video', 'drop', 'like', 'timestamps', 'top', 'best', 'country', 'visit', 'top', 'top', 'top', 'top', 'top', 'top', 'top', 'top', 'top', 'top']",[],[],[]
2022,NMrNieVCg7s,[],[],[],[]
2022,NMrNieVCg7s,[],"['stay', 'connect']",[],[]
2022,NMrNieVCg7s,[],[],[],[]
2022,NMrNieVCg7s,[],['thankyou'],[],[]
2022,NMrNieVCg7s,"['amaze', 'top', 'country', 'travel', 'wow']",['thankyou'],[],[]
2022,NMrNieVCg7s,[],['thankyou'],[],[]
2022,NMrNieVCg7s,[],['thankyou'],[],[]
2022,NMrNieVCg7s,[],[],['France'],[]
2022,NMrNieVCg7s,[],['thankyou'],[],[]
2023,l74uBTzJScw,"['ghana', 'place']",[],['Ghana'],[]
2023,l74uBTzJScw,"['ghana', 'place']",[],['Ghana'],[]
2023,l74uBTzJScw,"['ghana', 'place']","['ebonyjohnson', 'account']",['Ghana'],[]
2022,l74uBTzJScw,"['unfortunately', 'lgbtq', 'unfortunately']",[],[],[]
2022,l74uBTzJScw,"['unfortunately', 'lgbtq', 'unfortunately']","['thats', 'best', 'part', 'description']",[],[]
2022,l74uBTzJScw,"['unfortunately', 'lgbtq', 'unfortunately']","['fortunately', 'ban', 'homosexuality']",[],[]
2022,l74uBTzJScw,"['unfortunately', 'lgbtq', 'unfortunately']","['yep', 'unfortunately']",[],[]
2022,l74uBTzJScw,"['unfortunately', 'lgbtq', 'unfortunately']",['fortunately'],[],[]
2022,l74uBTzJScw,"['unfortunately', 'lgbtq', 'unfortunately']","['irrelevant', 'say']",[],[]
2022,l74uBTzJScw,"['unfortunately', 'lgbtq', 'unfortunately']","['yall', 'weird', 'edgy', 'care', 'another', 'person', 'sexuality', 'yes', 'unfortunate', 'u', 'arent', 'gay', 'welp', 'doesnt', 'apply', 'u', 'make', 'comment', 'purpose', 'serve']",[],['United States']
2022,l74uBTzJScw,"['unfortunately', 'lgbtq', 'unfortunately']","['johnappleseed', '8146theyre', 'dl']",[],[]
2023,l74uBTzJScw,[],"['yall', 'make', 'great', 'coffee', 'thats', 'sure']","['Rwanda', 'United States']",[]
2023,l74uBTzJScw,[],"['isnt', 'currently', 'war', 'drc', 'rwanda']","['Rwanda', 'United States']",['Rwanda']
2023,l74uBTzJScw,[],"['j_trew', 'look', 'like', 'time', 'get', 'mom', 'basement', 'touch', 'grass', 'read', 'book', 'hope', 'help']","['Rwanda', 'United States']",[]
2023,l74uBTzJScw,[],[],"['Rwanda', 'United States']",[]
2023,l74uBTzJScw,[],"['yes', 'bro', 'rwanda', 'warj_trew']","['Rwanda', 'United States']",['Rwanda']
2022,l74uBTzJScw,[],[],['Ghana'],['Ghana']
2022,l74uBTzJScw,[],[],['Ghana'],[]
2022,l74uBTzJScw,[],[],['Ghana'],[]
2023,l74uBTzJScw,"['happy', 'see', 'botswana', 'top']",[],['Botswana'],[]
2023,l74uBTzJScw,"['happy', 'see', 'botswana', 'top']",[],['Botswana'],[]
2023,l74uBTzJScw,"['happy', 'see', 'botswana', 'top']",[],['Botswana'],[]
2023,l74uBTzJScw,"['morocco', 'leave', 'chat']","['clearly', 'safe', 'country', 'tourist', 'spot', 'den', 'thief']",['Morocco'],[]
2023,l74uBTzJScw,"['morocco', 'leave', 'chat']","['anonymous', '10345and', 'thats', 'american', 'geography']",['Morocco'],[]
2023,l74uBTzJScw,"['morocco', 'leave', 'chat']",[],['Morocco'],[]
2023,l74uBTzJScw,"['morocco', 'leave', 'chat']",[],['Morocco'],[]
2023,l74uBTzJScw,"['morocco', 'leave', 'chat']","['lol', 'morocco', 'tourist', 'go', 'miss', 'ter', '0rrists', 'wreck', 'hav', '0c']",['Morocco'],['Morocco']
2023,l74uBTzJScw,"['morocco', 'leave', 'chat']","['usa', 'doesnt', 'know', 'morocco', 'africa']",['Morocco'],"['Morocco', 'United States']"
2022,l74uBTzJScw,"['wanna', 'go', 'country', 'illegal', 'gay', 'ill', 'love', 'go']","['taikofangirl', '9590come', 'nigeria', 'africa', 'general']",[],['Nigeria']
2022,l74uBTzJScw,"['wanna', 'go', 'country', 'illegal', 'gay', 'ill', 'love', 'go']",[],[],[]
2023,l74uBTzJScw,[],[],[],[]
2022,l74uBTzJScw,"['weres', 'south', 'africa']",['dangerous'],[],[]
2022,l74uBTzJScw,"['weres', 'south', 'africa']","['man', 'way', 'dangerous']",[],[]
2022,l74uBTzJScw,"['weres', 'south', 'africa']","['yo', 'live']",[],[]
2022,l74uBTzJScw,"['weres', 'south', 'africa']","['stay', 'good', 'area', 'gated', 'community', 'otherwise', 'doom']",[],[]
2022,l74uBTzJScw,"['weres', 'south', 'africa']",[],[],[]
2022,l74uBTzJScw,"['weres', 'south', 'africa']","['forreal', 'dude', 'sa', 'top', 'global', 'murder', 'rate', 'multiple', 'year', 'run']",[],[]
2024,l74uBTzJScw,[],[],"['Gambia', 'Ghana', 'Botswana', 'Mauritius']",[]
2023,l74uBTzJScw,"['top', 'african', 'country', 'would', 'like', 'visit', 'kenya', 'ghana', 'chad', 'tanzania', 'botswana', 'ivory', 'coast', 'benin', 'uganda', 'rwanda', 'ethiopia']","['mine', 'tanzania', 'south', 'africa', 'kenya', 'mauritius', 'seychelles', 'honorable', 'mention', 'botswana', 'rwanda', 'namibia', 'zambia', 'cape', 'verde', 'morocco']","['Botswana', 'Kenya', 'Benin', 'Ghana', 'Ethiopia', 'Uganda', 'Rwanda', 'Chad']","['Botswana', 'Kenya', 'Morocco', 'Mauritius', 'Seychelles', 'Zambia', 'Rwanda', 'Namibia']"
2023,l74uBTzJScw,"['top', 'african', 'country', 'would', 'like', 'visit', 'kenya', 'ghana', 'chad', 'tanzania', 'botswana', 'ivory', 'coast', 'benin', 'uganda', 'rwanda', 'ethiopia']","['choicedk', 'noice', 'selection']","['Botswana', 'Kenya', 'Benin', 'Ghana', 'Ethiopia', 'Uganda', 'Rwanda', 'Chad']",[]
2023,l74uBTzJScw,"['top', 'african', 'country', 'would', 'like', 'visit', 'kenya', 'ghana', 'chad', 'tanzania', 'botswana', 'ivory', 'coast', 'benin', 'uganda', 'rwanda', 'ethiopia']",[],"['Botswana', 'Kenya', 'Benin', 'Ghana', 'Ethiopia', 'Uganda', 'Rwanda', 'Chad']","['Botswana', 'Kenya', 'Egypt', 'Mauritius', 'Ethiopia', 'Rwanda', 'Madagascar', 'Malawi']"
2023,l74uBTzJScw,"['top', 'african', 'country', 'would', 'like', 'visit', 'kenya', 'ghana', 'chad', 'tanzania', 'botswana', 'ivory', 'coast', 'benin', 'uganda', 'rwanda', 'ethiopia']",[],"['Botswana', 'Kenya', 'Benin', 'Ghana', 'Ethiopia', 'Uganda', 'Rwanda', 'Chad']",[]
2025,l74uBTzJScw,[],[],['United Kingdom'],['United States']
2023,l74uBTzJScw,"['fellow', 'mauritian']",[],[],[]
2023,l74uBTzJScw,"['someone', 'love', 'mauritius', 'yes', 'nice']",[],"['France', 'Mauritius']",[]
2022,l74uBTzJScw,"['im', 'uk', 'dont', 'understand', 'havent', 'get', 'large', 'follow', 'thankyou', 'late', 'global', 'update', 'keep']",[],['United Kingdom'],[]
2023,l74uBTzJScw,['tanzaniaaaaaaaa'],['alone'],[],[]
2022,l74uBTzJScw,[],[],['Ghana'],[]
2022,l74uBTzJScw,[],[],['Botswana'],[]
2023,l74uBTzJScw,"['proud', 'country', 'tanzania']",[],[],[]
2022,l74uBTzJScw,[],"['traveler', 'would', 'recommend']",['Ghana'],[]
2023,l74uBTzJScw,[],[],['Gambia'],[]
2024,l74uBTzJScw,"['thank', 'ghana', 'open', 'citizenship', 'african', 'american']",[],['Ghana'],[]
2023,l74uBTzJScw,[],[],['Morocco'],[]
2023,l74uBTzJScw,"['morocco', 'like', 'hmmm']",[],['Morocco'],[]
2024,l74uBTzJScw,"['ueah', 'still', 'love', 'morocco']","['morroco', 'top', 'safe', 'african', 'country', 'morroco', 'rank', 'algeria', 'rank', 'senegal', 'rank', 'gambia', 'rank', 'sierra', 'leone', 'rank', 'botswana', 'rank', 'seyechless', 'rank', 'ghana', 'rank', 'spain', 'rank', 'mauritius', 'rank']",['Morocco'],"['Botswana', 'Spain', 'Mauritius', 'Gambia', 'Ghana', 'Algeria', 'Senegal']"
2022,l74uBTzJScw,[],"['thanks', 'let', 'develop', 'east', 'africa', 'high']",['Rwanda'],[]
2023,l74uBTzJScw,"['im', 'gambia']",[],['Gambia'],[]
2023,l74uBTzJScw,"['morroco', 'leave', 'chat']",[],[],[]
2023,l74uBTzJScw,"['see', 'rwanda', 'list']",[],['Rwanda'],[]
2023,l74uBTzJScw,['ethiopia'],[],['Ethiopia'],[]
2022,l74uBTzJScw,"['move', 'gambia']","['please', 'dont', 'try', 'dear', 'friend', 'regret']",['Gambia'],[]
2022,l74uBTzJScw,"['move', 'gambia']",[],['Gambia'],[]
2022,l74uBTzJScw,"['move', 'gambia']",[],['Gambia'],[]
2022,l74uBTzJScw,[],[],['Kenya'],[]
2025,l74uBTzJScw,[],[],['Gambia'],[]
2022,l74uBTzJScw,[],[],[],[]
2022,l74uBTzJScw,"['thanks', 'include', 'mauritius']",[],['Mauritius'],[]
2022,l74uBTzJScw,[],[],[],[]
2022,l74uBTzJScw,['nigeria'],['say'],['Nigeria'],[]
2022,l74uBTzJScw,['nigeria'],"['ghana', 'no1']",['Nigeria'],['Ghana']
2022,l74uBTzJScw,['nigeria'],"['hate', 'lie']",['Nigeria'],[]
2022,l74uBTzJScw,['nigeria'],"['hate', 'nigeria', 'close', 'safe']",['Nigeria'],['Nigeria']
2022,l74uBTzJScw,['nigeria'],"['hate', 'nigerian', 'bear', 'italia']",['Nigeria'],[]
2022,l74uBTzJScw,['nigeria'],[],['Nigeria'],[]
2022,l74uBTzJScw,['nigeria'],[],['Nigeria'],[]
2022,l74uBTzJScw,['nigeria'],"['hate', 'havent', 'year']",['Nigeria'],[]
2022,l74uBTzJScw,['nigeria'],"['hate', 'im', 'degrade', 'nigeria', 'nigeria', 'vibey', 'country', 'love', 'nigeria', 'vibe', 'culture', 'say', 'nigeria', 'beautiful', 'one', 'best', 'cannot', 'say', 'nigeria', 'safe', 'africa']",['Nigeria'],['Nigeria']
2022,l74uBTzJScw,['nigeria'],"['even', 'south', 'africa', 'safe', 'nigeria', 'ngl', 'south', 'africa', 'western', 'cape', 'actaully', 'pretty', 'safe', 'live', 'havent', 'heard', 'crime', 'area', 'year']",['Nigeria'],['Nigeria']
2022,l74uBTzJScw,"['place', 'wifi']",[],[],[]
2022,l74uBTzJScw,"['place', 'wifi']",[],[],[]
2022,l74uBTzJScw,"['place', 'wifi']",[],[],[]
2022,l74uBTzJScw,[],[],[],['France']
2025,l74uBTzJScw,"['south', 'africa']",[],[],[]
2024,l74uBTzJScw,"['gateway', 'africa']",[],[],[]
2024,l74uBTzJScw,[],[],[],[]
2024,l74uBTzJScw,"['south', 'africa']",[],[],[]
2024,l74uBTzJScw,"['south', 'africa']",[],[],[]
2024,l74uBTzJScw,"['agree', 'safe', 'country', 'continent']",[],[],[]
2024,l74uBTzJScw,"['move', 'gambia']",[],['Gambia'],[]
2024,l74uBTzJScw,[],[],['Gambia'],[]
2023,l74uBTzJScw,"['morocco', 'one', 'best', 'tourist', 'country', 'africa', 'mar', 'im', 'joke', 'u']",[],['Morocco'],[]
2023,l74uBTzJScw,"['welcome', 'gambia', 'smile', 'coast', 'africa']",[],['Gambia'],[]
2023,l74uBTzJScw,"['hindu', 'live', 'india', 'love', 'mauritius']",[],"['Mauritius', 'India']",[]
2023,l74uBTzJScw,"['im', 'bit', 'disappointed', 'south', 'africa', 'isnt']",[],[],[]
2022,l74uBTzJScw,"['bouta', 'hop', 'plane', 'gambia']",[],['Gambia'],[]
2022,l74uBTzJScw,['zambia'],[],['Zambia'],[]
2022,l74uBTzJScw,"['african', 'uk', 'rn']",[],['United Kingdom'],[]
2022,l74uBTzJScw,"['ok', 'live', 'africa', 'advice', 'south', 'africa', 'safe', 'developed', 'beautiful', 'also', 'dont', 'go', 'congo', 'kinshasa', 'unless', 'thousand', 'dollar', 'per', 'month', 'security']","['sout', 'africa', 'freaking', 'unsafe', 'brl', 'nightmare']",['Congo'],[]
2022,l74uBTzJScw,"['ok', 'live', 'africa', 'advice', 'south', 'africa', 'safe', 'developed', 'beautiful', 'also', 'dont', 'go', 'congo', 'kinshasa', 'unless', 'thousand', 'dollar', 'per', 'month', 'security']","['angelo', 'live', 'ive', 'never', 'heard', 'crime', 'year', 'live', 'seriously', 'western', 'cape', 'actaully', 'safe', 'dangerous', 'people', 'stop', 'see', 'south', 'africa', 'bad', 'side']",['Congo'],[]
2022,l74uBTzJScw,"['ok', 'live', 'africa', 'advice', 'south', 'africa', 'safe', 'developed', 'beautiful', 'also', 'dont', 'go', 'congo', 'kinshasa', 'unless', 'thousand', 'dollar', 'per', 'month', 'security']","['thatgirlmila', 'south', 'africa', 'consistently', 'one', 'highet', 'murder', 'rate', 'world', 'large', 'wealth', 'gap', 'world', 'sure', 'really', 'safe']",['Congo'],[]
2022,l74uBTzJScw,"['ok', 'live', 'africa', 'advice', 'south', 'africa', 'safe', 'developed', 'beautiful', 'also', 'dont', 'go', 'congo', 'kinshasa', 'unless', 'thousand', 'dollar', 'per', 'month', 'security']","['thatgirlmila', 'western', 'cape', 'safe', 'try', 'move', 'johannesburg', 'pretoria', 'tbh', 'south', 'africa', 'see', 'good', 'side', 'like', 'sa', 'liveable', 'country', 'africa']",['Congo'],['South Africa']
2023,l74uBTzJScw,"['gambian', 'right', 'gay', 'taboo', 'youth', 'know', 'open', 'mind', 'problem', 'thanks', 'religion', 'majority', 'wont', 'appreciate']","['main', 'religion', 'gambia']",[],['Gambia']
2023,l74uBTzJScw,"['gambian', 'right', 'gay', 'taboo', 'youth', 'know', 'open', 'mind', 'problem', 'thanks', 'religion', 'majority', 'wont', 'appreciate']","['kabutokensuke', 'islam', 'christianity', 'though', 'islam', 'dominates']",[],[]
2023,l74uBTzJScw,"['egypt', 'moorco', 'kid']","['south', 'africa', 'u', 'tooyou', 'put', 'brother', 'botswana']",['Egypt'],"['Botswana', 'United States']"
2023,l74uBTzJScw,"['gambia', 'peace', 'love', 'somalia']","['fortunately', 'ban', 'homosexuality']","['Gambia', 'Somalia']",[]
2022,l74uBTzJScw,[],"['bro', 'u', 'wake', 'try', 'make', 'people', 'laugh']",['Nigeria'],[]
2025,l74uBTzJScw,"['south', 'africa', 'dont', 'want', 'see', 'deal', 'many', 'black', 'imo']",[],[],[]
2025,l74uBTzJScw,"['hey', 'south', 'africa']",[],[],[]
2025,l74uBTzJScw,[],[],[],[]
2025,l74uBTzJScw,"['capetown', 'best', 'place', 'africa']",[],[],[]
2025,l74uBTzJScw,['yo'],[],[],[]
2025,l74uBTzJScw,"['gambia', 'world', 'best', 'peaceful', 'country']",[],['Gambia'],[]
2025,l74uBTzJScw,"['come', 'ghana']",[],['Ghana'],[]
2025,l74uBTzJScw,"['mauritius', 'racist', 'country', 'africa', 'dont', 'forget', 'say', 'also']",[],['Mauritius'],[]
2025,l74uBTzJScw,"['africa', 'fucking', 'amaze', 'especially', 'botswana']",[],['Botswana'],[]
2025,l74uBTzJScw,"['gambia', 'smart']",[],['Gambia'],[]
2025,l74uBTzJScw,"['say', 'south', 'africa', 'safe', 'bro']",[],[],[]
2025,l74uBTzJScw,"['ghana', 'first', 'african', 'country', 'island', 'mauritius']",[],"['Ghana', 'Mauritius']",[]
2025,l74uBTzJScw,[],[],['Nigeria'],[]
2025,l74uBTzJScw,[],[],['Mauritius'],[]
2025,l74uBTzJScw,[],[],[],[]
2025,l74uBTzJScw,"['hell', 'peace', 'index']",[],[],[]
2025,l74uBTzJScw,[],[],[],[]
2025,l74uBTzJScw,[],[],['Ghana'],[]
2025,l74uBTzJScw,[],[],['Gambia'],[]
2025,l74uBTzJScw,"['kenya', 'list']",[],['Kenya'],[]
2025,l74uBTzJScw,"['gonna', 'throw', 'somalia']",[],['Somalia'],[]
2025,l74uBTzJScw,"['unfortunately', 'lgbtq', 'friendly', 'fck', 'mean', 'unfortunately', 'fortunately']",[],[],[]
2025,l74uBTzJScw,"['gambia', 'sound', 'good']",[],['Gambia'],[]
2025,l74uBTzJScw,[],[],[],[]
2024,l74uBTzJScw,"['gambia', 'sound', 'great']",[],['Gambia'],[]
2024,l74uBTzJScw,"['south', 'africa', 'curb', 'illegal', 'immigrant', 'problemit', 'would', 'number']",[],[],[]
2024,l74uBTzJScw,"['sadly', 'u', 'say', 'every', 'county', 'except', 'south', 'africa', 'dangerous', 'sadly', 'racism', 'get', 'attention', 'truth', 'hope', 'get', 'go', 'able', 'live', 'africa', 'soon', 'ive', 'neen', 'think', 'togo']",[],"['United States', 'Togo']",[]
2024,l74uBTzJScw,"['number', 'confuse']",[],[],[]
2024,l74uBTzJScw,['gambia'],[],['Gambia'],[]
2024,l74uBTzJScw,[],[],['Rwanda'],[]
2024,l74uBTzJScw,"['mean', 'safe', 'thefts', 'steal', 'weapon', 'community', 'sound', 'like', 'eritrea', 'country', 'call', 'north', 'korea', 'africa', 'woman', 'go', 'night', 'without', 'problem', 'course', 'safety', 'require', 'sacrifice', 'eritrea', 'dont', 'let', 'people', 'outside', 'country', 'without', 'visa']",[],['Eritrea'],[]
2024,l74uBTzJScw,"['safety', 'global', 'index', 'control', 'west']",[],[],[]
2024,l74uBTzJScw,[],[],[],[]
2024,l74uBTzJScw,['ghana'],[],['Ghana'],[]
2024,l74uBTzJScw,"['one', 'thing', 'dont', 'know', 'city', 'kenya']",[],['Kenya'],[]
2024,l74uBTzJScw,"['botswana', 'underrated', 'cool']",[],['Botswana'],[]
2023,l74uBTzJScw,"['love', 'mauritius', 'term', 'peaceful']",[],['Mauritius'],[]
2023,l74uBTzJScw,[],[],[],[]
2023,l74uBTzJScw,"['moroccoalgeria', 'tunisia', 'leave', 'chat']",[],"['Tunisia', 'Morocco', 'Algeria']",[]
2023,l74uBTzJScw,"['fortunately', 'ban', 'homosexuality']",[],[],[]
2023,l74uBTzJScw,"['bro', 'well', 'put', 'south', 'africa', 'dangerous']",[],[],[]
2023,QOZh2CE-DXw,"['thx', 'malaysia']",[],['Malaysia'],[]
2023,QOZh2CE-DXw,"['last', 'radar']",[],[],[]
2023,QOZh2CE-DXw,"['vietnamese', 'im', 'sad', 'kid', 'respect', 'country', 'love', 'landscape', 'beautiful', 'pipe', 'nice']","['want', 'visit', 'vietnam', 'maybe', 'hasnt', 'go', 'yet', 'id', 'love', 'go', 'honeymoon']",['France'],['Vietnam']
2023,QOZh2CE-DXw,"['vietnamese', 'im', 'sad', 'kid', 'respect', 'country', 'love', 'landscape', 'beautiful', 'pipe', 'nice']","['vietnamese', 'definitely', 'list', 'visit', 'heard', 'beautiful']",['France'],[]
2025,QOZh2CE-DXw,"['dont', 'go', 'thailand', 'lot', 'lady', 'boy']",[],['Thailand'],[]
2024,QOZh2CE-DXw,[],[],['Vietnam'],[]
2024,QOZh2CE-DXw,"['thx', 'indonesia']",[],['Indonesia'],[]
2024,QOZh2CE-DXw,"['take', 'picture', 'stun']",[],[],[]
2023,elu7HoqtCKs,"['yessir', 'philippine']",[],['Philippines'],[]
2023,elu7HoqtCKs,[],[],['Philippines'],[]
2023,elu7HoqtCKs,[],[],['Philippines'],[]
2023,elu7HoqtCKs,[],[],['Philippines'],[]
2022,elu7HoqtCKs,"['need', 'fair', 'use', 'disclaimer']","['cuz', 'youtube', 'stupid']",[],[]
2022,elu7HoqtCKs,"['need', 'fair', 'use', 'disclaimer']","['yt', 'take', 'vedio', 'reason', 'thats', 'put', 'fair', 'use', 'disclaimer']",[],[]
2023,elu7HoqtCKs,"['im', 'already', 'pl']",[],[],[]
2023,elu7HoqtCKs,"['aint', 'get', 'bit', 'spider', 'australia']",[],['Australia'],[]
2022,elu7HoqtCKs,"['norway', 'high', 'hdi', 'best', 'type', 'nature', 'life', 'currency', 'hdi', 'use', 'hdi', 'summary', 'measure', 'human', 'development', 'define', 'hdi', 'summary', 'composite', 'measure', 'countrys', 'average', 'achievement', 'three', 'basic', 'aspect', 'human', 'development', 'health', 'knowledge', 'standard', 'living']","['dont', 'worry', 'theres', 'part', 'thanks', 'information', 'add', 'norway', 'list']",['Norway'],['Norway']
2023,elu7HoqtCKs,"['phil', 'team']",[],[],[]
2023,elu7HoqtCKs,"['feeling', 'regret', 'eat', 'crocodile', 'australia']",[],['Australia'],[]
2023,elu7HoqtCKs,[],[],[],[]
2023,elu7HoqtCKs,[],[],['Greece'],[]
2023,elu7HoqtCKs,['greece'],[],['Greece'],[]
2024,elu7HoqtCKs,['thailand'],[],['Thailand'],[]
2024,elu7HoqtCKs,[],[],['Cambodia'],[]
2024,elu7HoqtCKs,[],[],['Philippines'],[]
2024,elu7HoqtCKs,[],[],['Morocco'],[]
2024,elu7HoqtCKs,[],[],[],[]
2024,elu7HoqtCKs,[],[],['Indonesia'],[]
2024,elu7HoqtCKs,[],[],['Indonesia'],[]
2024,elu7HoqtCKs,[],[],[],[]
2024,elu7HoqtCKs,"['like', 'italy', 'im', 'italian']",[],['Italy'],[]
2023,elu7HoqtCKs,[],[],[],[]
2023,elu7HoqtCKs,[],[],['Ukraine'],[]
2023,elu7HoqtCKs,"['imagine', 'aranchaphobia', 'go', 'australia']",[],['Australia'],[]
2023,elu7HoqtCKs,[],[],[],[]
2023,elu7HoqtCKs,[],[],['Philippines'],[]
2023,elu7HoqtCKs,[],[],[],[]
2023,elu7HoqtCKs,[],[],['Philippines'],[]
2023,elu7HoqtCKs,"['photo', 'australia', 'switzerland', 'brienzersee']",[],"['Australia', 'Switzerland']",[]
2023,elu7HoqtCKs,"['country', 'visitedthailandiamost', 'likephilippinessame', 'thailandindonesiai', 'visit', 'tho', 'yeah']",[],"['Philippines', 'Indonesia', 'Thailand']",[]
2023,elu7HoqtCKs,"['wont', 'last', 'second', 'australia']",[],['Australia'],[]
2023,elu7HoqtCKs,"['noice', 'philipines', 'bestttttt']",[],[],[]
2023,elu7HoqtCKs,"['iceland', 'leave', 'chat']",[],['Iceland'],[]
2023,elu7HoqtCKs,"['yoo', 'philllll']",[],[],[]
2023,elu7HoqtCKs,"['broh', 'forget', 'boracay', 'philiphins']",[],['Philippines'],[]
2023,elu7HoqtCKs,"['great', 'beach', 'philippine', '1st', 'boracay']",[],['Philippines'],[]
2023,elu7HoqtCKs,"['philippine', 'get', 'arrest', 'another', 'country', 'cause', 'dont', 'trust', 'people', 'another', 'country']",[],['Philippines'],[]
2023,elu7HoqtCKs,"['im', 'already', 'philippine']",[],['Philippines'],[]
2022,OR3rlGEC_NM,"['great', 'variety', 'different', 'country', 'place', 'quite', 'fernweh', 'induce', 'also', 'genuinely', 'appreciate', 'point', 'problem', 'elephant', 'treatment']","['absolutely', 'everytime', 'animal', 'involved', 'one', 'due', 'diligance', 'avoid', 'encouraging', 'exploitment', 'mistreatment', 'animal', 'tourist', 'want', 'visitor', 'guest', 'tourist', 'right']",[],[]
2022,OR3rlGEC_NM,"['great', 'variety', 'different', 'country', 'place', 'quite', 'fernweh', 'induce', 'also', 'genuinely', 'appreciate', 'point', 'problem', 'elephant', 'treatment']","['daveshepave', 'thats', 'true', 'yeah', 'one', 'definitely', 'excitement', 'often', 'enough', 'win', 'common', 'sense']",[],[]
2023,OR3rlGEC_NM,[],"['thank', 'much']",[],[]
2022,OR3rlGEC_NM,"['absolutely', 'agree', 'italy', 'also', 'picture', 'south', 'korea', 'get', 'think', 'visit', 'someday', 'personal', 'favourite', 'portugal', 'though', 'love', 'beautiful', 'landscape', 'algarve']","['absolutely', 'visit', 'south', 'korea', 'thanks', 'tip', 'portugal', 'actually', 'probably', 'go', 'visit', 'portugal', 'later', 'year', 'maybe', 'make', 'next', 'year', 'list']","['Portugal', 'Italy']",['Portugal']
2023,lH_FJ6N_Wvw,"['go', 'sri', 'lanka', 'high', 'imo', 'one', 'beautiful', 'place', 'ive', 'ever', 'see']","['thank', 'u', 'visit']",['Sri Lanka'],[]
2023,lH_FJ6N_Wvw,"['go', 'sri', 'lanka', 'high', 'imo', 'one', 'beautiful', 'place', 'ive', 'ever', 'see']","['see', 'rest', 'judge', 'country', 'visit', 'country']",['Sri Lanka'],[]
2023,lH_FJ6N_Wvw,"['go', 'sri', 'lanka', 'high', 'imo', 'one', 'beautiful', 'place', 'ive', 'ever', 'see']","['yeah', 'bro', 'im', 'sri', 'lankan', 'best', 'one', 'nowin']",['Sri Lanka'],['Sri Lanka']
2023,lH_FJ6N_Wvw,"['go', 'sri', 'lanka', 'high', 'imo', 'one', 'beautiful', 'place', 'ive', 'ever', 'see']",['thanks'],['Sri Lanka'],[]
2024,lH_FJ6N_Wvw,"['01japan', '02sri', 'lanka', '03china', '04sk', '05philippines', '06maldives', '07vietnam', '08thailand', '09indonesia', '10singapore', 'new', 'zealander']",[],"['Philippines', 'Singapore', 'Vietnam', 'Japan', 'Sri Lanka', 'Maldives', 'Thailand', 'Indonesia', 'China']",['India']
2024,lH_FJ6N_Wvw,"['01japan', '02sri', 'lanka', '03china', '04sk', '05philippines', '06maldives', '07vietnam', '08thailand', '09indonesia', '10singapore', 'new', 'zealander']","['sagardhola', 'nah', 'unless', 'dont', 'wanna', 'face', 'unlimited', 'chaos', 'disturbing', 'situation']","['Philippines', 'Singapore', 'Vietnam', 'Japan', 'Sri Lanka', 'Maldives', 'Thailand', 'Indonesia', 'China']",[]
2024,lH_FJ6N_Wvw,"['01japan', '02sri', 'lanka', '03china', '04sk', '05philippines', '06maldives', '07vietnam', '08thailand', '09indonesia', '10singapore', 'new', 'zealander']",[],"['Philippines', 'Singapore', 'Vietnam', 'Japan', 'Sri Lanka', 'Maldives', 'Thailand', 'Indonesia', 'China']",['India']
2024,lH_FJ6N_Wvw,"['01japan', '02sri', 'lanka', '03china', '04sk', '05philippines', '06maldives', '07vietnam', '08thailand', '09indonesia', '10singapore', 'new', 'zealander']","['prefre', 'thailand', 'cuz', 'really', 'beautiful', 'beach']","['Philippines', 'Singapore', 'Vietnam', 'Japan', 'Sri Lanka', 'Maldives', 'Thailand', 'Indonesia', 'China']",['Thailand']
2024,lH_FJ6N_Wvw,"['01japan', '02sri', 'lanka', '03china', '04sk', '05philippines', '06maldives', '07vietnam', '08thailand', '09indonesia', '10singapore', 'new', 'zealander']",[],"['Philippines', 'Singapore', 'Vietnam', 'Japan', 'Sri Lanka', 'Maldives', 'Thailand', 'Indonesia', 'China']",[]
2024,lH_FJ6N_Wvw,"['01japan', '02sri', 'lanka', '03china', '04sk', '05philippines', '06maldives', '07vietnam', '08thailand', '09indonesia', '10singapore', 'new', 'zealander']",[],"['Philippines', 'Singapore', 'Vietnam', 'Japan', 'Sri Lanka', 'Maldives', 'Thailand', 'Indonesia', 'China']",['Sri Lanka']
2024,lH_FJ6N_Wvw,"['01japan', '02sri', 'lanka', '03china', '04sk', '05philippines', '06maldives', '07vietnam', '08thailand', '09indonesia', '10singapore', 'new', 'zealander']",[],"['Philippines', 'Singapore', 'Vietnam', 'Japan', 'Sri Lanka', 'Maldives', 'Thailand', 'Indonesia', 'China']",[]
2024,lH_FJ6N_Wvw,"['01japan', '02sri', 'lanka', '03china', '04sk', '05philippines', '06maldives', '07vietnam', '08thailand', '09indonesia', '10singapore', 'new', 'zealander']","['yeah', 'sri', 'lanka', 'best', 'one', 'nowin']","['Philippines', 'Singapore', 'Vietnam', 'Japan', 'Sri Lanka', 'Maldives', 'Thailand', 'Indonesia', 'China']",['Sri Lanka']
2024,lH_FJ6N_Wvw,"['01japan', '02sri', 'lanka', '03china', '04sk', '05philippines', '06maldives', '07vietnam', '08thailand', '09indonesia', '10singapore', 'new', 'zealander']",[],"['Philippines', 'Singapore', 'Vietnam', 'Japan', 'Sri Lanka', 'Maldives', 'Thailand', 'Indonesia', 'China']",[]
2024,lH_FJ6N_Wvw,"['01japan', '02sri', 'lanka', '03china', '04sk', '05philippines', '06maldives', '07vietnam', '08thailand', '09indonesia', '10singapore', 'new', 'zealander']","['mephu', '12324because', 'youre', 'thai', 'course', 'would', 'choose', 'country']","['Philippines', 'Singapore', 'Vietnam', 'Japan', 'Sri Lanka', 'Maldives', 'Thailand', 'Indonesia', 'China']",[]
2024,lH_FJ6N_Wvw,"['01japan', '02sri', 'lanka', '03china', '04sk', '05philippines', '06maldives', '07vietnam', '08thailand', '09indonesia', '10singapore', 'new', 'zealander']",[],"['Philippines', 'Singapore', 'Vietnam', 'Japan', 'Sri Lanka', 'Maldives', 'Thailand', 'Indonesia', 'China']",[]
2024,lH_FJ6N_Wvw,"['01japan', '02sri', 'lanka', '03china', '04sk', '05philippines', '06maldives', '07vietnam', '08thailand', '09indonesia', '10singapore', 'new', 'zealander']","['sagardhola', '443only', 'fool', 'go', 'india', 'vacation', 'youtuber', 'go', 'india', 'gain', 'view']","['Philippines', 'Singapore', 'Vietnam', 'Japan', 'Sri Lanka', 'Maldives', 'Thailand', 'Indonesia', 'China']",['India']
2024,lH_FJ6N_Wvw,"['01japan', '02sri', 'lanka', '03china', '04sk', '05philippines', '06maldives', '07vietnam', '08thailand', '09indonesia', '10singapore', 'new', 'zealander']","['sagardhola', 'india', 'disaster', 'lol', 'dirty', 'country']","['Philippines', 'Singapore', 'Vietnam', 'Japan', 'Sri Lanka', 'Maldives', 'Thailand', 'Indonesia', 'China']",['India']
2023,lH_FJ6N_Wvw,"['china', 'thailand', 'vietnam', 'sri', 'lanka', 'sk', 'philiphines']","['cuz', 'youre', 'chinese']","['Sri Lanka', 'Vietnam', 'Thailand', 'China']",[]
2023,lH_FJ6N_Wvw,"['china', 'thailand', 'vietnam', 'sri', 'lanka', 'sk', 'philiphines']",[],"['Sri Lanka', 'Vietnam', 'Thailand', 'China']",[]
2023,lH_FJ6N_Wvw,"['china', 'thailand', 'vietnam', 'sri', 'lanka', 'sk', 'philiphines']","['cocoathechocolatebunnie', 'south', 'korea']","['Sri Lanka', 'Vietnam', 'Thailand', 'China']",[]
2023,lH_FJ6N_Wvw,"['china', 'thailand', 'vietnam', 'sri', 'lanka', 'sk', 'philiphines']",[],"['Sri Lanka', 'Vietnam', 'Thailand', 'China']",['Sri Lanka']
2023,lH_FJ6N_Wvw,"['china', 'thailand', 'vietnam', 'sri', 'lanka', 'sk', 'philiphines']","['south', 'koreacocoathechocolatebunnie']","['Sri Lanka', 'Vietnam', 'Thailand', 'China']",[]
2023,lH_FJ6N_Wvw,"['china', 'thailand', 'vietnam', 'sri', 'lanka', 'sk', 'philiphines']",[],"['Sri Lanka', 'Vietnam', 'Thailand', 'China']",['Sri Lanka']
2023,lH_FJ6N_Wvw,"['china', 'thailand', 'vietnam', 'sri', 'lanka', 'sk', 'philiphines']",[],"['Sri Lanka', 'Vietnam', 'Thailand', 'China']",[]
2023,lH_FJ6N_Wvw,[],[],['Sri Lanka'],[]
2023,lH_FJ6N_Wvw,"['people', 'dont', 'like', 'nepal', 'nepal', 'peace', 'heaven']",[],['Nepal'],[]
2023,lH_FJ6N_Wvw,"['people', 'dont', 'like', 'nepal', 'nepal', 'peace', 'heaven']","['mean', 'people', 'dont', 'like', 'low', 'gdp']",['Nepal'],[]
2023,lH_FJ6N_Wvw,"['people', 'dont', 'like', 'nepal', 'nepal', 'peace', 'heaven']",[],['Nepal'],[]
2023,lH_FJ6N_Wvw,"['people', 'dont', 'like', 'nepal', 'nepal', 'peace', 'heaven']","['right', 'bro', 'love', 'nepal']",['Nepal'],['Nepal']
2023,lH_FJ6N_Wvw,"['people', 'dont', 'like', 'nepal', 'nepal', 'peace', 'heaven']","['love', 'india', 'nepal', 'beautiful', 'country']",['Nepal'],"['Nepal', 'India']"
2023,lH_FJ6N_Wvw,[],[],['Sri Lanka'],[]
2023,lH_FJ6N_Wvw,[],[],['Sri Lanka'],[]
2023,lH_FJ6N_Wvw,[],"['manojkahar', '__3515', 'bankprut', 'beggers', 'bro', 'even', 'poor', 'sri', 'lankan', 'neither', 'poor', 'rich', 'idk', 'tf', 'u', 'talk', 'maybe', 'ur', 'jelly', 'ur', 'country', 'wasnt', 'mention', 'lmao']",['Sri Lanka'],['Sri Lanka']
2023,lH_FJ6N_Wvw,[],"['manojkahar', '__3515come', 'vist', 'bro', 'u', 'see', 'reality', 'ur', 'medium', 'doesnt', 'show']",['Sri Lanka'],[]
2023,lH_FJ6N_Wvw,[],"['manojkahar', '__3515people', 'country', 'dont', 'seem', 'discipline']",['Sri Lanka'],[]
2023,lH_FJ6N_Wvw,[],"['manojkahar', '__3515im', 'sad', 'people', 'country', 'country', 'people', 'society']",['Sri Lanka'],[]
2023,lH_FJ6N_Wvw,[],"['manojkahar', '__3515and', 'see', 'man']",['Sri Lanka'],[]
2023,lH_FJ6N_Wvw,[],[],['Sri Lanka'],[]
2023,lH_FJ6N_Wvw,[],"['manojkahar', '__3515our', 'pepols', 'clearly', 'rich', 'slum', 'ppls']",['Sri Lanka'],[]
2023,lH_FJ6N_Wvw,[],"['manojkahar', '__3515what', 'watch', 'india', 'poop']",['Sri Lanka'],['India']
2023,lH_FJ6N_Wvw,[],[],['Sri Lanka'],[]
2023,lH_FJ6N_Wvw,[],"['manojkahar', '__3515check', 'hdi', 'india', 'sri', 'lanka', 'also', 'literacy', 'rate']",['Sri Lanka'],"['Sri Lanka', 'India']"
2023,lH_FJ6N_Wvw,"['im', 'sri', 'lanka', 'rn', 'visit']",[],['Sri Lanka'],[]
2024,lH_FJ6N_Wvw,"['trust', 'sri', 'lanka', 'soo', 'beautiful', 'lot', 'waterfall', 'beach', 'huge', 'wave', 'lake', 'swim']",[],['Sri Lanka'],[]
2024,lH_FJ6N_Wvw,"['view', 'best', 'country', 'visit', 'nepal', 'bhutan', 'sri', 'lanka', 'japan', 'south', 'korea', 'china', 'turkey']","['yeah', 'sri', 'lanka', 'best', 'one']","['Bhutan', 'Nepal', 'Japan', 'Sri Lanka', 'Turkey', 'China']",['Sri Lanka']
2023,lH_FJ6N_Wvw,[],"['tell', 'translate', 'english', 'already', 'english']",['Sri Lanka'],[]
2023,lH_FJ6N_Wvw,[],"['mrwhotheheckyou', 'indoneshia', 'neshia']",['Sri Lanka'],[]
2024,lH_FJ6N_Wvw,"['srilanka', 'well', 'india']",[],['India'],[]
2024,lH_FJ6N_Wvw,[],[],['India'],[]
2024,lH_FJ6N_Wvw,[],"['show', 'much', 'social', 'medium', 'influence']",['India'],[]
2024,lH_FJ6N_Wvw,[],[],['Sri Lanka'],[]
2024,lH_FJ6N_Wvw,"['sri', 'lanka', 'thats', 'country']",[],['Sri Lanka'],[]
2023,lH_FJ6N_Wvw,"['sri', 'lanka', 'best']",[],['Sri Lanka'],[]
2023,lH_FJ6N_Wvw,[],[],['Sri Lanka'],[]
2023,lH_FJ6N_Wvw,"['people', 'forget', 'philippine', 'opinion', 'best', 'beach', 'asia']",[],['Philippines'],[]
2024,lH_FJ6N_Wvw,"['bali', 'singapore', 'cambodia', 'japan', 'south', 'korea', 'vietnam', 'thailand', 'shri', 'lanka', 'india', 'lao', 'belgium']",[],"['Belgium', 'Singapore', 'Vietnam', 'Japan', 'Thailand', 'Sri Lanka', 'India', 'Indonesia', 'Cambodia']",['Cambodia']
2024,lH_FJ6N_Wvw,"['bali', 'singapore', 'cambodia', 'japan', 'south', 'korea', 'vietnam', 'thailand', 'shri', 'lanka', 'india', 'lao', 'belgium']",[],"['Belgium', 'Singapore', 'Vietnam', 'Japan', 'Thailand', 'Sri Lanka', 'India', 'Indonesia', 'Cambodia']",['Indonesia']
2023,lH_FJ6N_Wvw,"['china', 'leave', 'chat', 'love', 'china']",[],['China'],[]
2023,lH_FJ6N_Wvw,"['china', 'leave', 'chat', 'love', 'china']",['beautiful'],['China'],[]
2023,lH_FJ6N_Wvw,"['china', 'leave', 'chat', 'love', 'china']","['communication', 'problem', 'china']",['China'],['China']
2023,lH_FJ6N_Wvw,"['country', 'best', 'beautiful']",[],[],['Afghanistan']
2023,lH_FJ6N_Wvw,"['country', 'best', 'beautiful']",[],[],[]
2023,lH_FJ6N_Wvw,"['want', 'go', 'philippine', 'move', 'asia', 'would', 'move', 'philippine', 'malaysia']",[],"['Philippines', 'Malaysia']",[]
2024,lH_FJ6N_Wvw,[],[],"['Japan', 'Indonesia', 'China', 'India']",[]
2023,lH_FJ6N_Wvw,[],[],['Nepal'],[]
2023,lH_FJ6N_Wvw,"['malaysia', 'everything', 'singapore', 'offer', 'ten', 'time']",[],"['Singapore', 'Malaysia']",[]
2024,lH_FJ6N_Wvw,[],[],['Sri Lanka'],[]
2023,lH_FJ6N_Wvw,"['good', 'abt', 'singapore', 'people', 'wanna', 'see', 'bad', 'literally', 'normal', 'asian', 'city', 'glassy', 'building', 'everything', 'feel', 'artificial', 'mention', 'everything', 'expensive']",[],['Singapore'],[]
2023,lH_FJ6N_Wvw,"['phillipines', 'leave', 'chat', 'beautiful', 'laungauge']","['thats', 'right', 'beautifull', 'language', 'beutifull', 'island', 'philipines']",[],[]
2023,lH_FJ6N_Wvw,"['bro', 'show', 'thailand', 'singapore', 'forget', 'malaysia']","['dont', 'get', 'philiphins']","['Singapore', 'Malaysia', 'Thailand']",[]
2024,lH_FJ6N_Wvw,[],[],['Sri Lanka'],[]
2024,lH_FJ6N_Wvw,[],[],['India'],[]
2024,lH_FJ6N_Wvw,"['come', 'beach', 'philippine', 'best', 'amaze', 'english', 'speaking', 'country']",[],['Philippines'],[]
2023,lH_FJ6N_Wvw,"['thailand', 'sure', 'thaijapanese', 'person']",[],['Thailand'],[]
2023,lH_FJ6N_Wvw,"['1im', 'proud', 'country']",[],[],[]
2023,lH_FJ6N_Wvw,"['north', 'korea', 'finna', 'unsubscribe']",[],[],[]
2023,lH_FJ6N_Wvw,[],[],['Philippines'],[]
2023,lH_FJ6N_Wvw,"['philippine', 'list', 'beautiful', 'country']","['philippine', 'common']",['Philippines'],['Philippines']
2023,lH_FJ6N_Wvw,"['philippine', 'list', 'beautiful', 'country']",[],['Philippines'],[]
2023,lH_FJ6N_Wvw,"['philippine', 'list', 'beautiful', 'country']","['inida', 'remove', 'list']",['Philippines'],[]
2023,lH_FJ6N_Wvw,"['go', 'china', 'shanghai', 'one', 'unreal', 'place', 'ive', 'ever', 'see', 'sad']","['think', 'shanghai']",['China'],['China']
2023,lH_FJ6N_Wvw,"['go', 'china', 'shanghai', 'one', 'unreal', 'place', 'ive', 'ever', 'see', 'sad']","['zhmy', '5ev', 'go', 'shanghai', 'tower', 'oriental', 'pearl', 'tower', 'around', 'area', 'ngl', 'shanghai', 'dineyland', 'best', 'disneyland', 'ive']",['China'],['China']
2023,lH_FJ6N_Wvw,"['thank', 'put', 'thailand', 'top', 'list']",[],['Thailand'],[]
2024,lH_FJ6N_Wvw,"['malaysia', 'maldives', 'philipines', 'uae', 'leave', 'chat', 'honestly', 'india', 'pakistan', 'bangladesh', 'great', 'country', 'visit', 'like', 'crowd', 'depressing', 'work', 'time', 'forest', 'everywhere', 'term', 'natural', 'beuty', 'aint', 'really', 'great', 'term', 'tourism', 'activity', 'great', 'politics', 'country', 'management']","['mean', 'depends', 'state', 'visit', 'visit', 'kashmir', 'ladakh', 'himachal', 'pradesh', 'uttarakhand', 'really', 'beautiful']","['Bangladesh', 'Malaysia', 'Maldives', 'India', 'Pakistan', 'United Arab Emirates']",[]
2025,lH_FJ6N_Wvw,"['srilanka', 'best', 'history', 'important']",[],[],[]
2024,lH_FJ6N_Wvw,[],[],['Sri Lanka'],[]
2023,lH_FJ6N_Wvw,"['wronge', 'maldives']",[],['Maldives'],[]
2023,lH_FJ6N_Wvw,"['much', 'good', 'place', 'asia', 'indian', 'deservve', '1st', '2nd', 'place']",[],[],[]
2023,lH_FJ6N_Wvw,"['much', 'good', 'place', 'asia', 'indian', 'deservve', '1st', '2nd', 'place']","['appropriate', 'country', 'full', 'rubbish']",[],[]
2023,lH_FJ6N_Wvw,"['much', 'good', 'place', 'asia', 'indian', 'deservve', '1st', '2nd', 'place']","['claudedevq', '2vrcoming', 'someone', 'learn', 'india', 'social', 'medium', 'cry', 'harder', 'kid']",[],['India']
2023,lH_FJ6N_Wvw,"['much', 'good', 'place', 'asia', 'indian', 'deservve', '1st', '2nd', 'place']","['crowd', 'dirty']",[],[]
2023,lH_FJ6N_Wvw,"['much', 'good', 'place', 'asia', 'indian', 'deservve', '1st', '2nd', 'place']",[],[],[]
2023,lH_FJ6N_Wvw,"['bangladesh', 'unsubscribe']","['bangladesh', 'really', 'deserve', 'list', 'nothing', 'interest', 'country', 'rubbish', 'everywhere']",['Bangladesh'],['Bangladesh']
2023,lH_FJ6N_Wvw,"['bangladesh', 'unsubscribe']",[],['Bangladesh'],[]
2023,lH_FJ6N_Wvw,"['want', 'visit', 'north', 'korea']",[],[],[]
2023,lH_FJ6N_Wvw,"['want', 'visit', 'north', 'korea']",[],[],[]
2024,lH_FJ6N_Wvw,[],"['gemran', 'visit', 'iran', 'pakistan', 'iran', 'way', 'well', 'pakistan']",[],['Pakistan']
2024,lH_FJ6N_Wvw,[],"['yeah', 'thank', 'best', 'one']",['Sri Lanka'],[]
2025,lH_FJ6N_Wvw,[],[],['Sri Lanka'],[]
2025,lH_FJ6N_Wvw,[],[],[],[]
2023,lH_FJ6N_Wvw,[],[],[],[]
2023,lH_FJ6N_Wvw,"['isnt', 'uae', 'malaysia', 'oman', 'japan', 'overrate', 'turkiye', 'asia', 'side', 'list']",[],"['Japan', 'Oman', 'Malaysia', 'United Arab Emirates']",[]
2023,lH_FJ6N_Wvw,[],[],['Philippines'],[]
2023,lH_FJ6N_Wvw,"['im', 'thailand']",[],['Thailand'],[]
2023,lH_FJ6N_Wvw,[],[],[],[]
2023,lH_FJ6N_Wvw,"['2nd', 'beautiful', 'capital', 'world']",[],[],[]
2023,lH_FJ6N_Wvw,[],[],[],[]
2023,lH_FJ6N_Wvw,['thailand'],[],['Thailand'],[]
2023,lH_FJ6N_Wvw,"['china', 'leave', 'chat']",[],['China'],[]
2023,lH_FJ6N_Wvw,[],[],[],[]
2024,lH_FJ6N_Wvw,"['india', 'always', 'first']","['indian', 'pepols', 'dont', 'money', 'dont', 'know', 'country']",['India'],[]
2024,lH_FJ6N_Wvw,"['india', 'always', 'first']",[],['India'],[]
2024,lH_FJ6N_Wvw,"['unsafe', 'criminal', 'india', 'list', 'safe', 'china', 'editor', 'india', 'rank', 'country', 'safety', 'index', 'hdi']","['rank', 'beauty', 'please', 'stop', 'judging', 'country', 'base', 'see', 'social', 'medium', 'india', 'nice', 'youre', 'right', 'china', 'deserves', 'list']","['China', 'India']","['France', 'China', 'India']"
2024,lH_FJ6N_Wvw,"['unsafe', 'criminal', 'india', 'list', 'safe', 'china', 'editor', 'india', 'rank', 'country', 'safety', 'index', 'hdi']","['ive', 'india', 'twice', 'beautiful', 'countrykind', 'peoplelet', 'real', 'traveler', 'say']","['China', 'India']",['India']
2024,lH_FJ6N_Wvw,[],[],['India'],['India']
2024,lH_FJ6N_Wvw,[],"['theone', '_12no', 'million']",['India'],[]
2024,lH_FJ6N_Wvw,"['china', 'mysterious', 'country', 'ever']",[],['China'],[]
2023,lH_FJ6N_Wvw,"['guy', 'indian', 'live', 'india', 'life', 'recommend', 'go', 'muslim', 'islam', 'dont', 'recommend', 'india', 'discrimination', 'hope', 'hapls']",[],['India'],[]
2023,lH_FJ6N_Wvw,"['uae', 'pak', 'leave', 'chat']","['nothing', 'visit', 'uae', 'however', 'gilgit', 'baltistan', 'best', 'world', 'term', 'mountain', 'view']",['United Arab Emirates'],['United Arab Emirates']
2023,lH_FJ6N_Wvw,"['bro', 'phillipines', 'world', 'beutiful', 'place']",[],[],[]
2025,lH_FJ6N_Wvw,"['cambodia', 'bc', 'love', 'cambodia', 'country']",[],['Cambodia'],[]
2025,lH_FJ6N_Wvw,"['singapore', 'w', 'country']",[],['Singapore'],[]
2025,lH_FJ6N_Wvw,[],[],['India'],[]
2024,lH_FJ6N_Wvw,[],[],['Sri Lanka'],[]
2024,lH_FJ6N_Wvw,[],[],[],[]
2024,lH_FJ6N_Wvw,"['uzbekistan', 'bro', 'uzbekistan', 'visitful', 'country']",[],['Uzbekistan'],[]
2024,lH_FJ6N_Wvw,[],[],"['Malaysia', 'Singapore', 'Japan', 'Indonesia', 'China']",[]
2024,lH_FJ6N_Wvw,[],[],['Pakistan'],[]
2024,lH_FJ6N_Wvw,"['north', 'korea', 'best', 'realize', 'great', 'ordinary', 'life']",[],[],[]
2024,lH_FJ6N_Wvw,"['sti', 'lanka', 'best']",[],['Sri Lanka'],[]
2024,lH_FJ6N_Wvw,"['india', 'korea', 'best']",[],['India'],[]
2024,lH_FJ6N_Wvw,[],[],['Sri Lanka'],[]
2024,lH_FJ6N_Wvw,"['wait', 'thailand', 'im', 'thailand', 'rn']",[],['Thailand'],[]
2024,lH_FJ6N_Wvw,['thailand'],[],['Thailand'],[]
2024,lH_FJ6N_Wvw,"['cambodia', 'thailand', 'vietnam']",[],"['Thailand', 'Vietnam', 'Cambodia']",[]
2024,lH_FJ6N_Wvw,"['nepal', 'huh', 'dhoti', 'randians', 'sala', 'dhoti']",[],['Nepal'],[]
2024,lH_FJ6N_Wvw,['malaysia'],[],['Malaysia'],[]
2023,lH_FJ6N_Wvw,"['im', 'thailand', 'thats', 'number']",[],['Thailand'],[]
2023,lH_FJ6N_Wvw,[],[],['Thailand'],[]
2023,lH_FJ6N_Wvw,[],[],['Sri Lanka'],[]
2023,lH_FJ6N_Wvw,[],[],[],[]
2023,lH_FJ6N_Wvw,[],[],['Sri Lanka'],[]
2023,lH_FJ6N_Wvw,"['philippine', 'beachesare', 'sure']",[],['Philippines'],[]
2023,lH_FJ6N_Wvw,"['know', 'talk', 'people', 'brunei', 'people', 'kind']",[],[],[]
2023,lH_FJ6N_Wvw,"['vlogger', 'dont', 'post', 'opinioni', 'trust', 'travel', 'magazine']",[],[],[]
2023,lH_FJ6N_Wvw,['top'],[],[],[]
2023,lH_FJ6N_Wvw,"['one', 'create', 'video', 'blind']",[],[],[]
2023,lH_FJ6N_Wvw,[],[],['Philippines'],[]
2023,lH_FJ6N_Wvw,"['china', 'hong', 'kong', 'leave', 'chat']",[],['China'],[]
2023,lH_FJ6N_Wvw,"['bro', 'really', 'forgot', 'country', 'lebanon', 'tasty', 'food']",[],['Lebanon'],[]
2023,lH_FJ6N_Wvw,['turkey'],[],['Turkey'],[]
2024,lH_FJ6N_Wvw,[],['india'],"['Japan', 'Sri Lanka', 'India']",['India']
2024,lH_FJ6N_Wvw,[],[],"['Japan', 'Sri Lanka', 'India']",['Sri Lanka']
2023,lH_FJ6N_Wvw,[],[],[],[]
2023,lH_FJ6N_Wvw,[],"['italy', 'france', 'uk', 'vatican', 'ireland', 'monaco', 'netherland', 'iceland', 'switzerland', 'germany']",[],"['United Kingdom', 'Italy', 'Ireland', 'Monaco', 'Iceland', 'France', 'Germany', 'Switzerland']"
2023,lH_FJ6N_Wvw,"['qatar', 'bro']",['asean'],['Qatar'],[]
2023,lH_FJ6N_Wvw,"['qatar', 'bro']","['fun_aviationbut', 'qatar', 'asia', 'bro']",['Qatar'],['Qatar']
2025,lH_FJ6N_Wvw,"['seriously', 'india']","['ok', 'bot', 'educate']",['India'],[]
2020,F0VIqLe4tpI,"['next', 'trip', 'europe', 'consists', 'germany', 'austria', 'croatia', 'slovenia', 'montenegro', 'greece', 'cant', 'wait']","['wow', 'one', 'trip', 'might', 'best', 'trip', 'time', 'haha', 'super', 'exhausting', 'dont', 'take', 'time', 'many', 'people', 'think', 'europe', 'walk', 'try', 'squeeze', 'many', 'place', 'day', 'trip', 'mention', 'would', 'definitely', 'need', 'least', 'week', 'long', 'make', 'sense']","['Slovenia', 'Montenegro', 'Austria', 'Germany', 'Greece', 'Croatia']",[]
2020,F0VIqLe4tpI,"['next', 'trip', 'europe', 'consists', 'germany', 'austria', 'croatia', 'slovenia', 'montenegro', 'greece', 'cant', 'wait']","['theodora', 'theodora', 'week', 'one', 'trip', 'itll', 'difficult', 'less', 'time', 'fourth', 'backpack', 'trip', 'europe', 'read', 'lot', 'rick', 'steves', 'travel', 'enthusiast', 'idea', 'place', 'want', 'visit', 'go', 'london', 'rome', 'two', 'week', 'spent', 'birthday', 'ligurian', 'alp', 'cinque', 'terre', 'also', 'visit', 'paris', 'provence', 'pont', 'du', 'gard', 'avignon', 'arles', 'also', 'several', 'place', 'tuscany', 'florence', 'siena', 'lucca', 'pisa', 'beautiful', 'amazing']","['Slovenia', 'Montenegro', 'Austria', 'Germany', 'Greece', 'Croatia']","['France', 'United Kingdom', 'Italy']"
2020,F0VIqLe4tpI,"['next', 'trip', 'europe', 'consists', 'germany', 'austria', 'croatia', 'slovenia', 'montenegro', 'greece', 'cant', 'wait']","['thats', 'ton', 'place', 'youll', 'see']","['Slovenia', 'Montenegro', 'Austria', 'Germany', 'Greece', 'Croatia']",[]
2020,F0VIqLe4tpI,"['next', 'trip', 'europe', 'consists', 'germany', 'austria', 'croatia', 'slovenia', 'montenegro', 'greece', 'cant', 'wait']","['pandahungry', 'ah', 'cinque', 'terre', 'bucket', 'list']","['Slovenia', 'Montenegro', 'Austria', 'Germany', 'Greece', 'Croatia']",[]
2020,F0VIqLe4tpI,"['next', 'trip', 'europe', 'consists', 'germany', 'austria', 'croatia', 'slovenia', 'montenegro', 'greece', 'cant', 'wait']","['emilia', '13ful', 'go', 'cinque', 'terre', 'year', 'ago', 'birthday', 'beautiful']","['Slovenia', 'Montenegro', 'Austria', 'Germany', 'Greece', 'Croatia']",[]
2020,F0VIqLe4tpI,"['next', 'trip', 'europe', 'consists', 'germany', 'austria', 'croatia', 'slovenia', 'montenegro', 'greece', 'cant', 'wait']","['also', 'stop', 'bulgaria', 'country', 'worth', 'visit']","['Slovenia', 'Montenegro', 'Austria', 'Germany', 'Greece', 'Croatia']",['Bulgaria']
2020,F0VIqLe4tpI,"['next', 'trip', 'europe', 'consists', 'germany', 'austria', 'croatia', 'slovenia', 'montenegro', 'greece', 'cant', 'wait']","['panda', 'hungry', 'get', 'montenegro', 'greece']","['Slovenia', 'Montenegro', 'Austria', 'Germany', 'Greece', 'Croatia']","['Montenegro', 'Greece']"
2020,F0VIqLe4tpI,"['next', 'trip', 'europe', 'consists', 'germany', 'austria', 'croatia', 'slovenia', 'montenegro', 'greece', 'cant', 'wait']","['војник', 'српски', 'check', 'map', 'two', 'different', 'country', 'year', 'different', 'flags', 'government', 'etc']","['Slovenia', 'Montenegro', 'Austria', 'Germany', 'Greece', 'Croatia']",[]
2020,F0VIqLe4tpI,"['next', 'trip', 'europe', 'consists', 'germany', 'austria', 'croatia', 'slovenia', 'montenegro', 'greece', 'cant', 'wait']","['војник', 'српски', 'interesting', 'cannot', 'contest', 'know', 'politics', 'know', 'border', 'havent', 'change', 'still', 'define', 'two', 'autonomous', 'state']","['Slovenia', 'Montenegro', 'Austria', 'Germany', 'Greece', 'Croatia']",['United States']
2020,F0VIqLe4tpI,"['next', 'trip', 'europe', 'consists', 'germany', 'austria', 'croatia', 'slovenia', 'montenegro', 'greece', 'cant', 'wait']","['replanned', 'except', 'germany', 'ive', 'already']","['Slovenia', 'Montenegro', 'Austria', 'Germany', 'Greece', 'Croatia']",['Germany']
2020,F0VIqLe4tpI,"['next', 'trip', 'europe', 'consists', 'germany', 'austria', 'croatia', 'slovenia', 'montenegro', 'greece', 'cant', 'wait']",['poland'],"['Slovenia', 'Montenegro', 'Austria', 'Germany', 'Greece', 'Croatia']",['Poland']
2020,F0VIqLe4tpI,"['next', 'trip', 'europe', 'consists', 'germany', 'austria', 'croatia', 'slovenia', 'montenegro', 'greece', 'cant', 'wait']","['citizen', 'uk', 'italy', 'spain', 'france', 'warn', 'nothing', 'theyre', 'actually', 'beautiful', 'country']","['Slovenia', 'Montenegro', 'Austria', 'Germany', 'Greece', 'Croatia']","['France', 'Spain', 'United Kingdom', 'Italy']"
2020,F0VIqLe4tpI,"['next', 'trip', 'europe', 'consists', 'germany', 'austria', 'croatia', 'slovenia', 'montenegro', 'greece', 'cant', 'wait']",[],"['Slovenia', 'Montenegro', 'Austria', 'Germany', 'Greece', 'Croatia']",['France']
2020,F0VIqLe4tpI,"['next', 'trip', 'europe', 'consists', 'germany', 'austria', 'croatia', 'slovenia', 'montenegro', 'greece', 'cant', 'wait']","['give', 'rough', 'idea', 'itinerary', 'go', 'get', 'marry', 'next', 'year', 'want', 'take', 'wife', 'shortlist', 'paris', 'italy', 'switzerland', 'close', 'also', 'want', 'see', 'greece', 'suggestion']","['Slovenia', 'Montenegro', 'Austria', 'Germany', 'Greece', 'Croatia']","['France', 'Greece', 'Italy', 'Switzerland']"
2020,F0VIqLe4tpI,"['next', 'trip', 'europe', 'consists', 'germany', 'austria', 'croatia', 'slovenia', 'montenegro', 'greece', 'cant', 'wait']",[],"['Slovenia', 'Montenegro', 'Austria', 'Germany', 'Greece', 'Croatia']",[]
2020,F0VIqLe4tpI,"['next', 'trip', 'europe', 'consists', 'germany', 'austria', 'croatia', 'slovenia', 'montenegro', 'greece', 'cant', 'wait']","['austria', 'bore']","['Slovenia', 'Montenegro', 'Austria', 'Germany', 'Greece', 'Croatia']",['Austria']
2020,F0VIqLe4tpI,"['next', 'trip', 'europe', 'consists', 'germany', 'austria', 'croatia', 'slovenia', 'montenegro', 'greece', 'cant', 'wait']",[],"['Slovenia', 'Montenegro', 'Austria', 'Germany', 'Greece', 'Croatia']",[]
2020,F0VIqLe4tpI,"['next', 'trip', 'europe', 'consists', 'germany', 'austria', 'croatia', 'slovenia', 'montenegro', 'greece', 'cant', 'wait']","['u', 'heard', 'albania', 'montenegro', 'greece']","['Slovenia', 'Montenegro', 'Austria', 'Germany', 'Greece', 'Croatia']","['Albania', 'Montenegro', 'Greece']"
2020,F0VIqLe4tpI,"['next', 'trip', 'europe', 'consists', 'germany', 'austria', 'croatia', 'slovenia', 'montenegro', 'greece', 'cant', 'wait']","['greece', 'wait', 'u']","['Slovenia', 'Montenegro', 'Austria', 'Germany', 'Greece', 'Croatia']",['Greece']
2020,F0VIqLe4tpI,"['next', 'trip', 'europe', 'consists', 'germany', 'austria', 'croatia', 'slovenia', 'montenegro', 'greece', 'cant', 'wait']","['sound', 'awesome', 'go', 'greece', 'go', 'national', 'archeological', 'museum', 'really', 'cool']","['Slovenia', 'Montenegro', 'Austria', 'Germany', 'Greece', 'Croatia']",['Greece']
2020,F0VIqLe4tpI,"['next', 'trip', 'europe', 'consists', 'germany', 'austria', 'croatia', 'slovenia', 'montenegro', 'greece', 'cant', 'wait']",['norway'],"['Slovenia', 'Montenegro', 'Austria', 'Germany', 'Greece', 'Croatia']",['Norway']
2020,F0VIqLe4tpI,"['next', 'trip', 'europe', 'consists', 'germany', 'austria', 'croatia', 'slovenia', 'montenegro', 'greece', 'cant', 'wait']","['hope', 'month', 'greece', 'worth', 'month']","['Slovenia', 'Montenegro', 'Austria', 'Germany', 'Greece', 'Croatia']",['Greece']
2020,F0VIqLe4tpI,"['italy', 'spain', 'france', 'world', 'unbeatable', 'trio']",['portugal'],"['France', 'Spain', 'Italy']",['Portugal']
2020,F0VIqLe4tpI,"['italy', 'spain', 'france', 'world', 'unbeatable', 'trio']","['nonesad', 'portugal', 'neighbor']","['France', 'Spain', 'Italy']",['Portugal']
2020,F0VIqLe4tpI,"['italy', 'spain', 'france', 'world', 'unbeatable', 'trio']","['huudinii', 'three', 'country', 'large', 'actually', 'agree', 'greece', 'croatia', 'nice', 'country', 'contest', 'landscape', 'diversity', 'france', 'small', 'area']","['France', 'Spain', 'Italy']","['France', 'Greece', 'Croatia']"
2020,F0VIqLe4tpI,"['italy', 'spain', 'france', 'world', 'unbeatable', 'trio']","['huudinii', 'croatia', 'small', 'doesnt', 'make', 'france', 'italy', 'spain', 'big', 'theyre', 'still', 'pretty', 'small', 'country', 'greece', 'beautiful', 'country', 'diversity', 'landscape', 'way', 'lower', 'even', 'talk', 'island', 'disagree', 'dont', 'know', 'anything', 'france', 'island', 'ocean', 'oceania', 'caribbean', 'sea', 'indian', 'ocean']","['France', 'Spain', 'Italy']","['Spain', 'Italy', 'France', 'Greece', 'Croatia']"
2020,F0VIqLe4tpI,"['italy', 'spain', 'france', 'world', 'unbeatable', 'trio']","['huudinii', 'france', 'spain', '1st', '2nd', 'visited', 'country', 'decade', 'italy', '3rd', 'therere', 'obviously', 'reason']","['France', 'Spain', 'Italy']","['France', 'Spain', 'Italy']"
2020,F0VIqLe4tpI,"['italy', 'spain', 'france', 'world', 'unbeatable', 'trio']","['wow', 'original']","['France', 'Spain', 'Italy']",[]
2020,F0VIqLe4tpI,"['italy', 'spain', 'france', 'world', 'unbeatable', 'trio']","['croatia', 'greece', 'macedonia', 'best', 'trio', 'look', 'image']","['France', 'Spain', 'Italy']","['Greece', 'Croatia']"
2020,F0VIqLe4tpI,"['italy', 'spain', 'france', 'world', 'unbeatable', 'trio']",[],"['France', 'Spain', 'Italy']",[]
2020,F0VIqLe4tpI,"['italy', 'spain', 'france', 'world', 'unbeatable', 'trio']",['germany'],"['France', 'Spain', 'Italy']",['Germany']
2020,F0VIqLe4tpI,"['italy', 'spain', 'france', 'world', 'unbeatable', 'trio']","['big', 'smoke', 'yes', 'france', 'overrate', 'greece', 'beautiful', 'island']","['France', 'Spain', 'Italy']","['France', 'Greece']"
2020,F0VIqLe4tpI,"['italy', 'spain', 'france', 'world', 'unbeatable', 'trio']","['sad', 'greece', 'noise']","['France', 'Spain', 'Italy']",['Greece']
2020,F0VIqLe4tpI,"['italy', 'spain', 'france', 'world', 'unbeatable', 'trio']","['rocklobster', 'put', 'country', 'form', 'roman', 'empire', 'spqr', 'beautiful', 'european', 'fit', 'video']","['France', 'Spain', 'Italy']",[]
2020,F0VIqLe4tpI,"['italy', 'spain', 'france', 'world', 'unbeatable', 'trio']","['portugal', 'like', 'britanny', 'france', 'im', 'breton', 'beautiful', 'far']","['France', 'Spain', 'Italy']","['France', 'Portugal']"
2020,F0VIqLe4tpI,"['italy', 'spain', 'france', 'world', 'unbeatable', 'trio']","['dont', 'think']","['France', 'Spain', 'Italy']",[]
2020,F0VIqLe4tpI,"['italy', 'spain', 'france', 'world', 'unbeatable', 'trio']","['thet', 'becos', 'italy', 'spain', 'france', 'mor', 'greece', 'croatiabecos', 'exist', 'morthe', 'moderne', 'republici', 'croatia', 'yeats', 'olditaly', 'france', 'spain', 'europe', 'ever']","['France', 'Spain', 'Italy']","['Spain', 'Italy', 'France', 'Greece', 'Croatia']"
2020,F0VIqLe4tpI,"['italy', 'spain', 'france', 'world', 'unbeatable', 'trio']","['son', 'yes', 'french', 'chance', 'visit', 'croatie', 'beautiful', 'european', 'country']","['France', 'Spain', 'Italy']",[]
2020,F0VIqLe4tpI,"['italy', 'spain', 'france', 'world', 'unbeatable', 'trio']",[],"['France', 'Spain', 'Italy']",[]
2020,F0VIqLe4tpI,"['italy', 'spain', 'france', 'world', 'unbeatable', 'trio']","['uk', 'germany', 'portugal', 'best', 'trio', 'world']","['France', 'Spain', 'Italy']","['Germany', 'United Kingdom', 'Portugal']"
2020,F0VIqLe4tpI,"['italy', 'spain', 'france', 'world', 'unbeatable', 'trio']","['mrcool', 'uk', 'youre', 'kid', 'right']","['France', 'Spain', 'Italy']",['United Kingdom']
2020,F0VIqLe4tpI,"['italy', 'spain', 'france', 'world', 'unbeatable', 'trio']","['rob', 'whats', 'problem']","['France', 'Spain', 'Italy']",[]
2020,F0VIqLe4tpI,"['italy', 'spain', 'france', 'world', 'unbeatable', 'trio']",['greece'],"['France', 'Spain', 'Italy']",['Greece']
2020,F0VIqLe4tpI,"['italy', 'spain', 'france', 'world', 'unbeatable', 'trio']","['french', 'arent', 'brother', 'im', 'portuguese']","['France', 'Spain', 'Italy']",[]
2020,F0VIqLe4tpI,"['italy', 'spain', 'france', 'world', 'unbeatable', 'trio']",['coratia'],"['France', 'Spain', 'Italy']",[]
2020,F0VIqLe4tpI,"['italy', 'spain', 'france', 'world', 'unbeatable', 'trio']","['forget', 'switzerland', 'greece']","['France', 'Spain', 'Italy']","['Greece', 'Switzerland']"
2020,F0VIqLe4tpI,"['suppose', 'go', 'greece', 'april', 'c', 'r', 'n', 'v', 'r', 'u', 'like', 'thing']","['ayyyy', 'u', 'start', 'travel', 'ban', 'evacuate', 'lmao']",['Greece'],['United States']
2020,F0VIqLe4tpI,"['suppose', 'go', 'greece', 'april', 'c', 'r', 'n', 'v', 'r', 'u', 'like', 'thing']","['story', 'except', 'malta']",['Greece'],['Malta']
2020,F0VIqLe4tpI,"['suppose', 'go', 'greece', 'april', 'c', 'r', 'n', 'v', 'r', 'u', 'like', 'thing']","['yep', 'czechia', 'new', 'name', 'czech', 'republic']",['Greece'],"['Czechia', 'Czech Republic']"
2020,F0VIqLe4tpI,"['suppose', 'go', 'greece', 'april', 'c', 'r', 'n', 'v', 'r', 'u', 'like', 'thing']","['thing', 'except', 'august']",['Greece'],[]
2020,F0VIqLe4tpI,"['suppose', 'go', 'greece', 'april', 'c', 'r', 'n', 'v', 'r', 'u', 'like', 'thing']","['jacob', 'hammann', 'lucky', 'even', 'get', 'greece']",['Greece'],['Greece']
2020,F0VIqLe4tpI,"['suppose', 'go', 'greece', 'april', 'c', 'r', 'n', 'v', 'r', 'u', 'like', 'thing']","['sopose', 'spend', 'week', 'sevilla', 'fuck', 'coronavirus', 'cancel', 'fligh']",['Greece'],[]
2020,F0VIqLe4tpI,"['suppose', 'go', 'greece', 'april', 'c', 'r', 'n', 'v', 'r', 'u', 'like', 'thing']","['santorini', 'visired']",['Greece'],['Greece']
2020,F0VIqLe4tpI,"['suppose', 'go', 'backpack', 'romania', 'bulgaria', 'n', 'macedonia', 'albania', 'montenegro', 'croatia', 'may', 'soon', 'hope']","['well', 'im', 'n', 'macedonia', 'summer', 'suppossed', 'go', 'greece', 'bc', 'coronavirus', 'csnt', 'sadly']","['Bulgaria', 'Albania', 'Montenegro', 'Romania', 'Croatia']",['Greece']
2020,F0VIqLe4tpI,"['suppose', 'go', 'backpack', 'romania', 'bulgaria', 'n', 'macedonia', 'albania', 'montenegro', 'croatia', 'may', 'soon', 'hope']",[],"['Bulgaria', 'Albania', 'Montenegro', 'Romania', 'Croatia']",[]
2020,F0VIqLe4tpI,"['suppose', 'go', 'backpack', 'romania', 'bulgaria', 'n', 'macedonia', 'albania', 'montenegro', 'croatia', 'may', 'soon', 'hope']","['martin', 'dinev', 'im', 'mexico', 'bit', 'hard']","['Bulgaria', 'Albania', 'Montenegro', 'Romania', 'Croatia']",['Mexico']
2020,F0VIqLe4tpI,"['obviously', 'aware', 'deeply', 'concern', 'global', 'pandemic', 'choose', 'carefully', 'publish', 'form', 'escapism', 'entertainment', 'help', 'ease', 'thought', 'anxiety', 'provide', 'alternative', 'news', 'obviously', 'encourage', 'anyone', 'travel', 'discourage', 'social', 'distancing', 'ready', 'head', 'europe']","['im', 'ready', 'ive', 'get', 'trip', 'plan', 'ill', 'travel', 'munich', 'greece']",[],"['Germany', 'Greece']"
2020,F0VIqLe4tpI,"['obviously', 'aware', 'deeply', 'concern', 'global', 'pandemic', 'choose', 'carefully', 'publish', 'form', 'escapism', 'entertainment', 'help', 'ease', 'thought', 'anxiety', 'provide', 'alternative', 'news', 'obviously', 'encourage', 'anyone', 'travel', 'discourage', 'social', 'distancing', 'ready', 'head', 'europe']",[],[],[]
2020,F0VIqLe4tpI,"['obviously', 'aware', 'deeply', 'concern', 'global', 'pandemic', 'choose', 'carefully', 'publish', 'form', 'escapism', 'entertainment', 'help', 'ease', 'thought', 'anxiety', 'provide', 'alternative', 'news', 'obviously', 'encourage', 'anyone', 'travel', 'discourage', 'social', 'distancing', 'ready', 'head', 'europe']","['tobi', 'ojo', 'year', 'change', 'doesnt', 'mean', 'everything', 'reset', 'look', 'number', 'case', 'u', 'bad', 'always', 'youll', 'wait', 'good', 'year', 'bub']",[],['United States']
2020,F0VIqLe4tpI,"['croatia', 'beautiful', 'country', 'world']",['greece'],['Croatia'],['Greece']
2020,F0VIqLe4tpI,"['croatia', 'beautiful', 'country', 'world']","['czech', 'republic']",['Croatia'],['Czech Republic']
2020,F0VIqLe4tpI,"['croatia', 'beautiful', 'country', 'world']",[],['Croatia'],['Portugal']
2020,F0VIqLe4tpI,"['croatia', 'beautiful', 'country', 'world']","['croatian', 'faramazing']",['Croatia'],[]
2020,F0VIqLe4tpI,"['honestly', 'every', 'part', 'europe', 'worthy', 'top', 'spot', 'altough', 'thats', 'possible']",[],[],[]
2020,F0VIqLe4tpI,"['love', 'austria', 'beautiful', 'wonderful', 'natural', 'beautiful', 'clean', 'rich', 'country', 'austria']",[],['Austria'],[]
2021,F0VIqLe4tpI,"['travel', 'experience', 'italy', 'malta', 'spain', 'iceland', 'croatia', 'switzerland', 'norway', 'austria', 'greece', 'scotland', 'hard', 'pick', 'country', 'make', 'list', 'country', 'like', 'portugal', 'turkey', 'france', 'ireland', 'czech', 'republic', 'denmark', 'fun', 'visit']","['u', 'talk', 'scitland', 'actually', 'uk']","['Norway', 'Spain', 'United Kingdom', 'Italy', 'Ireland', 'Iceland', 'Switzerland', 'Denmark', 'France', 'Czech Republic', 'Austria', 'Turkey', 'Portugal', 'Greece', 'Malta', 'Croatia']",['United Kingdom']
2021,F0VIqLe4tpI,"['travel', 'experience', 'italy', 'malta', 'spain', 'iceland', 'croatia', 'switzerland', 'norway', 'austria', 'greece', 'scotland', 'hard', 'pick', 'country', 'make', 'list', 'country', 'like', 'portugal', 'turkey', 'france', 'ireland', 'czech', 'republic', 'denmark', 'fun', 'visit']","['1finland', '2greece', '3croatia', '4malta', '5netherlands']","['Norway', 'Spain', 'United Kingdom', 'Italy', 'Ireland', 'Iceland', 'Switzerland', 'Denmark', 'France', 'Czech Republic', 'Austria', 'Turkey', 'Portugal', 'Greece', 'Malta', 'Croatia']",[]
2021,F0VIqLe4tpI,"['travel', 'experience', 'italy', 'malta', 'spain', 'iceland', 'croatia', 'switzerland', 'norway', 'austria', 'greece', 'scotland', 'hard', 'pick', 'country', 'make', 'list', 'country', 'like', 'portugal', 'turkey', 'france', 'ireland', 'czech', 'republic', 'denmark', 'fun', 'visit']",['netherland'],"['Norway', 'Spain', 'United Kingdom', 'Italy', 'Ireland', 'Iceland', 'Switzerland', 'Denmark', 'France', 'Czech Republic', 'Austria', 'Turkey', 'Portugal', 'Greece', 'Malta', 'Croatia']",[]
2021,F0VIqLe4tpI,"['travel', 'experience', 'italy', 'malta', 'spain', 'iceland', 'croatia', 'switzerland', 'norway', 'austria', 'greece', 'scotland', 'hard', 'pick', 'country', 'make', 'list', 'country', 'like', 'portugal', 'turkey', 'france', 'ireland', 'czech', 'republic', 'denmark', 'fun', 'visit']","['amawl', '4yo', 'next', 'germany']","['Norway', 'Spain', 'United Kingdom', 'Italy', 'Ireland', 'Iceland', 'Switzerland', 'Denmark', 'France', 'Czech Republic', 'Austria', 'Turkey', 'Portugal', 'Greece', 'Malta', 'Croatia']",['Germany']
2021,F0VIqLe4tpI,"['travel', 'experience', 'italy', 'malta', 'spain', 'iceland', 'croatia', 'switzerland', 'norway', 'austria', 'greece', 'scotland', 'hard', 'pick', 'country', 'make', 'list', 'country', 'like', 'portugal', 'turkey', 'france', 'ireland', 'czech', 'republic', 'denmark', 'fun', 'visit']",[],"['Norway', 'Spain', 'United Kingdom', 'Italy', 'Ireland', 'Iceland', 'Switzerland', 'Denmark', 'France', 'Czech Republic', 'Austria', 'Turkey', 'Portugal', 'Greece', 'Malta', 'Croatia']",[]
2021,F0VIqLe4tpI,"['travel', 'experience', 'italy', 'malta', 'spain', 'iceland', 'croatia', 'switzerland', 'norway', 'austria', 'greece', 'scotland', 'hard', 'pick', 'country', 'make', 'list', 'country', 'like', 'portugal', 'turkey', 'france', 'ireland', 'czech', 'republic', 'denmark', 'fun', 'visit']","['croatia', 'japan', 'norway']","['Norway', 'Spain', 'United Kingdom', 'Italy', 'Ireland', 'Iceland', 'Switzerland', 'Denmark', 'France', 'Czech Republic', 'Austria', 'Turkey', 'Portugal', 'Greece', 'Malta', 'Croatia']","['Norway', 'Japan', 'Croatia']"
2021,F0VIqLe4tpI,"['travel', 'experience', 'italy', 'malta', 'spain', 'iceland', 'croatia', 'switzerland', 'norway', 'austria', 'greece', 'scotland', 'hard', 'pick', 'country', 'make', 'list', 'country', 'like', 'portugal', 'turkey', 'france', 'ireland', 'czech', 'republic', 'denmark', 'fun', 'visit']","['wow', 'ril']","['Norway', 'Spain', 'United Kingdom', 'Italy', 'Ireland', 'Iceland', 'Switzerland', 'Denmark', 'France', 'Czech Republic', 'Austria', 'Turkey', 'Portugal', 'Greece', 'Malta', 'Croatia']",[]
2020,F0VIqLe4tpI,"['love', 'croatia', 'beautiful', 'wonderful', 'beautiful', 'clean', 'rich', 'country', 'croatia']","['see', 'write', 'every', 'country', 'like', 'crazy']",['Croatia'],[]
2020,F0VIqLe4tpI,"['love', 'croatia', 'beautiful', 'wonderful', 'beautiful', 'clean', 'rich', 'country', 'croatia']","['rajiv', 'gupta', 'didnt', 'ask', 'anything', 'none', 'business']",['Croatia'],[]
2020,F0VIqLe4tpI,"['love', 'italy', 'beautiful', 'wonderful', 'natural', 'beautiful', 'clean', 'rich', 'country', 'italy']","['italianare', 'best']",['Italy'],[]
2020,F0VIqLe4tpI,"['love', 'italy', 'beautiful', 'wonderful', 'natural', 'beautiful', 'clean', 'rich', 'country', 'italy']",[],['Italy'],[]
2020,F0VIqLe4tpI,"['love', 'italy', 'beautiful', 'wonderful', 'natural', 'beautiful', 'clean', 'rich', 'country', 'italy']","['bibekdas', 'noyou', 'best']",['Italy'],[]
2020,F0VIqLe4tpI,"['love', 'italy', 'beautiful', 'wonderful', 'natural', 'beautiful', 'clean', 'rich', 'country', 'italy']",[],['Italy'],[]
2020,F0VIqLe4tpI,"['thank', 'greece', 'touch', 'heart']","['im', 'north', 'macedonia', 'every', 'summer', 'go', 'greece', 'greece', 'beautiful', 'athens']",['Greece'],['Greece']
2020,F0VIqLe4tpI,"['sad', 'romania', 'always', 'look', 'germany', 'romania', 'one', 'top', 'example', 'country', 'criminally', 'underrated', 'bc', 'really', 'hidden', 'gem', 'europe', 'beautiful', 'castle', 'city', 'europe', 'nature', 'breathtaking', 'really', 'want', 'go', 'one', 'day']","['reputation', 'exactly', 'best']","['Germany', 'Romania']",[]
2020,F0VIqLe4tpI,"['sad', 'romania', 'always', 'look', 'germany', 'romania', 'one', 'top', 'example', 'country', 'criminally', 'underrated', 'bc', 'really', 'hidden', 'gem', 'europe', 'beautiful', 'castle', 'city', 'europe', 'nature', 'breathtaking', 'really', 'want', 'go', 'one', 'day']",[],"['Germany', 'Romania']",['Romania']
2020,F0VIqLe4tpI,"['sad', 'romania', 'always', 'look', 'germany', 'romania', 'one', 'top', 'example', 'country', 'criminally', 'underrated', 'bc', 'really', 'hidden', 'gem', 'europe', 'beautiful', 'castle', 'city', 'europe', 'nature', 'breathtaking', 'really', 'want', 'go', 'one', 'day']","['pole', 'therefore', 'love', 'hungary', 'like', 'romania', 'go']","['Germany', 'Romania']","['Romania', 'Hungary']"
2020,F0VIqLe4tpI,"['sad', 'romania', 'always', 'look', 'germany', 'romania', 'one', 'top', 'example', 'country', 'criminally', 'underrated', 'bc', 'really', 'hidden', 'gem', 'europe', 'beautiful', 'castle', 'city', 'europe', 'nature', 'breathtaking', 'really', 'want', 'go', 'one', 'day']","['well', 'actually', 'fact', 'u', 'romanian', 'lot', 'potential', 'mountain', 'plain', 'seaside', 'castle', 'cave', 'country', 'beautiful', 'dont', 'really', 'know', 'properly', 'promote', 'tourism', 'also', 'people', 'mean', 'narrow', 'mind', 'sometimes', 'overall', 'beautiful', 'place', 'shame', 'tourism', 'doesnt', 'best', 'reputation']","['Germany', 'Romania']",['United States']
2020,F0VIqLe4tpI,"['sad', 'romania', 'always', 'look', 'germany', 'romania', 'one', 'top', 'example', 'country', 'criminally', 'underrated', 'bc', 'really', 'hidden', 'gem', 'europe', 'beautiful', 'castle', 'city', 'europe', 'nature', 'breathtaking', 'really', 'want', 'go', 'one', 'day']",[],"['Germany', 'Romania']",[]
2020,F0VIqLe4tpI,"['sad', 'romania', 'always', 'look', 'germany', 'romania', 'one', 'top', 'example', 'country', 'criminally', 'underrated', 'bc', 'really', 'hidden', 'gem', 'europe', 'beautiful', 'castle', 'city', 'europe', 'nature', 'breathtaking', 'really', 'want', 'go', 'one', 'day']","['go', 'romania', 'love', 'poverty', 'break', 'heart', 'since', 'romania', 'become', 'china', 'europe', 'economic', 'turn', 'around', 'unlike', 'former', 'communist', 'nation', 'poland', 'warmth', 'people', 'culture', 'food', 'par', 'greece']","['Germany', 'Romania']","['Poland', 'Romania', 'Greece', 'China']"
2020,F0VIqLe4tpI,"['sad', 'romania', 'always', 'look', 'germany', 'romania', 'one', 'top', 'example', 'country', 'criminally', 'underrated', 'bc', 'really', 'hidden', 'gem', 'europe', 'beautiful', 'castle', 'city', 'europe', 'nature', 'breathtaking', 'really', 'want', 'go', 'one', 'day']",['idiot'],"['Germany', 'Romania']",[]
2020,F0VIqLe4tpI,"['agree', 'list', 'put', 'iceland', 'switzerland', 'list']",[],"['Iceland', 'Switzerland']",[]
2020,F0VIqLe4tpI,"['go', 'krakow', 'poland', 'earlier', 'year', 'omg']",[],['Poland'],[]
2020,F0VIqLe4tpI,"['croatia', 'one', 'best', 'country']","['yeh', 'tell', 'mom', 'year', 'go', 'croatia', 'beautiful', 'lake', 'everything', 'recently', 'saw', 'french', 'show', 'travel', 'love', 'want', 'go']",['Croatia'],['Croatia']
2020,F0VIqLe4tpI,"['croatia', 'one', 'best', 'country']","['jjerrymh', '1mp', 'live', 'say', 'best', 'part', 'tourrist', 'try', 'speak', 'language', 'funny']",['Croatia'],[]
2020,F0VIqLe4tpI,"['croatia', 'one', 'best', 'country']","['love', 'croatia']",['Croatia'],['Croatia']
2020,F0VIqLe4tpI,"['love', 'portugal', 'beautiful', 'natural', 'beautiful', 'clean', 'rich', 'country', 'portugal']","['best', 'option', 'list', 'small', 'diverse', 'huge', 'impact', 'world', 'fantastic', 'food', 'weather', 'culture']",['Portugal'],[]
2020,F0VIqLe4tpI,"['love', 'portugal', 'beautiful', 'natural', 'beautiful', 'clean', 'rich', 'country', 'portugal']",[],['Portugal'],[]
2020,F0VIqLe4tpI,"['love', 'tatra', 'mountain', 'bieszczady', 'mountain', 'study', 'cracow', 'recommend', 'magical', 'place', 'worthing', 'visit', 'also', 'mazury', 'lake', 'tricity', 'study', 'geotourism', 'geology', 'tourism', 'interest', 'faculty']",[],[],[]
2020,F0VIqLe4tpI,"['love', 'tatra', 'mountain', 'bieszczady', 'mountain', 'study', 'cracow', 'recommend', 'magical', 'place', 'worthing', 'visit', 'also', 'mazury', 'lake', 'tricity', 'study', 'geotourism', 'geology', 'tourism', 'interest', 'faculty']","['crocoloco', 'nope', 'agh', 'university', 'science', 'technology']",[],[]
2020,F0VIqLe4tpI,"['italy', 'best', 'country', 'visit']",[],['Italy'],[]
2021,F0VIqLe4tpI,"['im', 'romania', 'love', 'country']","['cool', 'greeting', 'portugal']",['Romania'],['Portugal']
2021,F0VIqLe4tpI,"['im', 'romania', 'love', 'country']","['god', 'bless', 'country']",['Romania'],[]
2021,F0VIqLe4tpI,"['im', 'romania', 'love', 'country']","['corvin', 'castle', 'cool', 'love', 'hungarian', 'castle']",['Romania'],[]
2020,F0VIqLe4tpI,"['im', 'visit', 'italy', 'next', 'year']",[],['Italy'],[]
2020,F0VIqLe4tpI,"['love', 'malta', 'beautiful', 'wonderful', 'natural', 'beautiful', 'clean', 'rich', 'country', 'malta']",[],['Malta'],[]
2020,F0VIqLe4tpI,"['proud', 'country']","['whats', 'country', 'dont', 'know', 'flag']",[],[]
2020,F0VIqLe4tpI,"['proud', 'country']",[],[],['Romania']
2020,F0VIqLe4tpI,"['proud', 'country']","['romania', 'chad', 'similar', 'flag']",[],"['Romania', 'Chad']"
2020,F0VIqLe4tpI,"['proud', 'country']","['corvin', 'castle', 'cool', 'love', 'hungarian', 'castle']",[],[]
2020,F0VIqLe4tpI,"['proud', 'country']","['kinda', 'sad', 'guy', 'take', 'part', 'hungary']",[],['Hungary']
2020,F0VIqLe4tpI,"['love', 'poland', 'beautiful', 'wonderful', 'natural', 'beautiful', 'clean', 'rich', 'country', 'poland']",[],['Poland'],[]
2020,F0VIqLe4tpI,"['love', 'poland', 'beautiful', 'wonderful', 'natural', 'beautiful', 'clean', 'rich', 'country', 'poland']","['monaco', 'flag', 'poland']",['Poland'],"['Monaco', 'Poland']"
2020,F0VIqLe4tpI,"['love', 'poland', 'beautiful', 'wonderful', 'natural', 'beautiful', 'clean', 'rich', 'country', 'poland']",['bot'],['Poland'],[]
2020,F0VIqLe4tpI,"['love', 'poland', 'beautiful', 'wonderful', 'natural', 'beautiful', 'clean', 'rich', 'country', 'poland']","['nooooope', 'homophobe', 'stay', 'alone', 'dont', 'give', 'f', 'kind', 'people']",['Poland'],[]
2020,F0VIqLe4tpI,"['love', 'poland', 'beautiful', 'wonderful', 'natural', 'beautiful', 'clean', 'rich', 'country', 'poland']","['ermanued', 'like', 'im', 'gay', 'live', 'poland', 'since', 'birth', 'never', 'creepy', 'dangerous', 'situation', 'sexual', 'orientation', 'current', 'government', 'homophobic', 'people']",['Poland'],['Poland']
2020,F0VIqLe4tpI,"['favourite', 'country', 'visit', 'europe', 'greece', 'spain', 'italy', 'portugal', 'germany', 'turkey', 'eurasia', 'malta', 'france', 'denmark', 'finland', 'favourite', 'european', 'country', 'general', 'uk', 'im', 'spain', 'greece', 'portugal', 'turkey', 'eurasia', 'italy', 'denmark', 'france', 'germany', 'finland']",[],"['Spain', 'United Kingdom', 'Italy', 'Finland', 'France', 'Portugal', 'Turkey', 'Germany', 'Greece', 'Malta', 'Denmark']",[]
2020,F0VIqLe4tpI,"['surprised', 'come', 'malta', 'top']","['malta', 'average', 'idea', 'experience', 'people', 'thing', 'discover']",['Malta'],['Malta']
2020,F0VIqLe4tpI,"['nice', 'list', 'croatia', 'way', 'well', 'malta']",[],"['France', 'Malta', 'Croatia']",[]
2020,F0VIqLe4tpI,"['thanks', 'include', 'romania']",[],['Romania'],[]
2020,F0VIqLe4tpI,"['crap', 'make', 'plan', 'go', 'malta', 'thanks', 'let', 'cat', 'bag', 'mojo']",[],['Malta'],[]
2020,F0VIqLe4tpI,"['country', 'except', 'georgia']","['nobody', 'care']",['Georgia'],[]
2020,F0VIqLe4tpI,"['country', 'except', 'georgia']","['adaomaokonkwo', 'need', 'rude']",['Georgia'],[]
2020,F0VIqLe4tpI,"['country', 'except', 'georgia']",[],['Georgia'],[]
2020,F0VIqLe4tpI,"['country', 'except', 'georgia']",[],['Georgia'],[]
2020,F0VIqLe4tpI,"['country', 'except', 'georgia']","['adaomaokonkwo', 'shut', 'answer', 'comment', 'lot', 'like']",['Georgia'],[]
2021,F0VIqLe4tpI,"['georgia', 'greece', 'portugal', 'romania', 'norway', 'poland', 'austria', 'italy', 'croatia', 'malta']","['switzerland', 'italy', 'germany', 'opinion']","['Norway', 'Italy', 'Poland', 'Georgia', 'Austria', 'Portugal', 'Romania', 'Greece', 'Malta', 'Croatia']","['Germany', 'Italy', 'Switzerland']"
2021,F0VIqLe4tpI,"['georgia', 'greece', 'portugal', 'romania', 'norway', 'poland', 'austria', 'italy', 'croatia', 'malta']","['know', 'sound', 'bit', 'nationalist', 'portugal', 'vote', 'year', 'row', 'best', 'world', 'always', 'best', 'europe', 'barely', 'list', 'everyone']","['Norway', 'Italy', 'Poland', 'Georgia', 'Austria', 'Portugal', 'Romania', 'Greece', 'Malta', 'Croatia']",['Portugal']
2020,F0VIqLe4tpI,"['liechtenstein', 'dream', 'countrydestination']","['nobody', 'care']",['Liechtenstein'],[]
2020,F0VIqLe4tpI,"['liechtenstein', 'dream', 'countrydestination']",[],['Liechtenstein'],[]
2020,F0VIqLe4tpI,"['omg', 'home', 'country', 'feature']",[],[],[]
2020,F0VIqLe4tpI,"['like', 'visit', 'greece', 'croatia', 'malta', 'italy', 'france', 'spain', 'sunny', 'mediterranean', 'climate']",[],"['Spain', 'Italy', 'France', 'Greece', 'Malta', 'Croatia']",[]
2020,F0VIqLe4tpI,"['france', 'united', 'kingdom', 'germany', 'iceland', 'netherlands', 'like', 'country']","['paul', 'andrei', 'responte', 'netherlands', 'overated', 'agree', 'rest', 'mention']","['France', 'Germany', 'Iceland', 'Netherlands']",['Netherlands']
2020,F0VIqLe4tpI,"['france', 'united', 'kingdom', 'germany', 'iceland', 'netherlands', 'like', 'country']","['евгениймировс', '1э', 'clearly', 'hate', 'netherlands', 'respond', 'another', 'reaction', 'say', 'thing']","['France', 'Germany', 'Iceland', 'Netherlands']",['Netherlands']
2020,F0VIqLe4tpI,"['good', 'american', 'dont', 'know', 'hidden', 'european', 'gem', 'yet']","['baltic', 'state', 'bulgaria', 'montenegro', 'romania', 'albania', 'slovakia', 'slovenia', 'belarus', 'ukraine', 'great', 'dont', 'think', 'enough', 'offer', 'bring', 'mainstream', 'tourist', 'although', 'push', 'definition', 'europe', 'azerbaijan', 'also', 'really', 'interesting', 'baku', 'like', 'mix', 'istanbul', 'dubai', 'serbia', 'bosnia', 'herzegovina', 'kosovo', 'well', 'controversial', 'also', 'amaze', 'still', 'much', 'beaten', 'track']",[],"['Serbia', 'Slovakia', 'Slovenia', 'Azerbaijan', 'Bulgaria', 'Albania', 'Montenegro', 'United States', 'Ukraine', 'Turkey', 'Romania', 'United Arab Emirates', 'Belarus']"
2020,F0VIqLe4tpI,"['good', 'american', 'dont', 'know', 'hidden', 'european', 'gem', 'yet']","['vice', 'versa', 'good', 'thing', 'internet', 'tell', 'people', 'go']",[],[]
2021,F0VIqLe4tpI,"['norway', 'malta', 'croatia', 'list']",[],"['Norway', 'Malta', 'Croatia']",[]
2020,F0VIqLe4tpI,"['proud', 'maltese', 'thanks', 'shoutout']","['gonna', 'go', 'wait', 'cant', 'wait', 'look', 'beautiful']",[],[]
2020,F0VIqLe4tpI,"['proud', 'maltese', 'thanks', 'shoutout']","['cdx', 'thanks', 'would', 'love', 'show', 'around', 'happen', 'hehe', 'btw', 'would', 'good', 'chat', 'discord', 'messenger', 'rather', 'yt']",[],[]
2020,F0VIqLe4tpI,"['proud', 'maltese', 'thanks', 'shoutout']","['lekf', '4ql', 'planning', 'visit', 'november', 'would', 'like', 'get', 'touch']",[],[]
2020,F0VIqLe4tpI,"['love', 'europe', 'europe', 'country', 'world', 'expensive', 'beautiful', 'sweet', 'nice', 'wonderful', 'love', 'europe', 'culter', 'love', 'europe', 'culter', 'love', 'europe', 'food', 'europe', 'time', 'favourite', 'continent', 'world', 'mojo', 'travel']",[],['France'],[]
2020,F0VIqLe4tpI,"['love', 'europe', 'europe', 'country', 'world', 'expensive', 'beautiful', 'sweet', 'nice', 'wonderful', 'love', 'europe', 'culter', 'love', 'europe', 'culter', 'love', 'europe', 'food', 'europe', 'time', 'favourite', 'continent', 'world', 'mojo', 'travel']","['wtf', 'europe', 'isnt', 'country', 'nation', 'full', 'different', 'country', 'soo', 'country', 'favourite']",['France'],[]
2020,F0VIqLe4tpI,"['love', 'europe', 'europe', 'country', 'world', 'expensive', 'beautiful', 'sweet', 'nice', 'wonderful', 'love', 'europe', 'culter', 'love', 'europe', 'culter', 'love', 'europe', 'food', 'europe', 'time', 'favourite', 'continent', 'world', 'mojo', 'travel']","['davegrohlsprincess', 'nation', 'continent']",['France'],[]
2020,F0VIqLe4tpI,"['youre', 'go', 'portugal', 'id', 'highly', 'recommend', 'bring', 'good', 'walking', 'shoe']",[],['Portugal'],[]
2020,F0VIqLe4tpI,"['youre', 'go', 'portugal', 'id', 'highly', 'recommend', 'bring', 'good', 'walking', 'shoe']","['im', 'portuguese', 'agree']",['Portugal'],[]
2020,F0VIqLe4tpI,"['love', 'india']","['u', 'idea', 'holland', 'im', 'thinking', 'visit', 'fact', 'pr']",['India'],['Netherlands']
2020,F0VIqLe4tpI,"['greece', 'norway', 'romania', 'top', 'list']",[],"['Norway', 'Romania', 'Greece']",['Romania']
2022,F0VIqLe4tpI,"['list', 'italy', 'france', 'switzerland', 'norway', 'croatia', 'ireland', 'germany', 'spain', 'poland', 'portugal']",[],"['Norway', 'Spain', 'Ireland', 'Italy', 'Switzerland', 'France', 'Poland', 'Portugal', 'Germany', 'Croatia']",[]
2020,F0VIqLe4tpI,[],[],['Greece'],[]
2020,F0VIqLe4tpI,"['love', 'romania', 'beautiful', 'natural', 'beautiful', 'clean', 'rich', 'country', 'romania']",[],['Romania'],[]
2020,F0VIqLe4tpI,[],"['cuz', 'doesnt', 'touch', 'level', 'country', 'list', 'small', 'rated', 'mess', 'photographer', 'make', 'look', 'well', 'truth', 'austria', 'germany', 'france', 'new', 'zealand', 'norway', 'beautiful', 'switzerland', 'go', 'switzerland', 'day', 'didnt', 'impress', 'much']",['Switzerland'],"['Norway', 'France', 'Austria', 'Germany', 'Switzerland']"
2020,F0VIqLe4tpI,[],"['westenglishwithapar', 'new', 'zealand', 'surely', 'beautiful', 'locate', 'europe', 'well', 'course', 'topic', 'subjective', 'may', 'ask', 'switzerland', 'go', 'dont', 'think', 'many', 'country', 'amazing', 'landscape', 'switzerland', 'valleys', 'full', 'waterfall', 'gorgous', 'mountainous', 'panorama', 'beautiful', 'village', 'etc', 'switzerland', 'make', 'switzerland', 'deserve', 'rank', 'among', 'top', 'beautiful', 'country', 'visit', 'europe', 'course', 'end', 'every', 'country', 'list', 'beautiful', 'regard', 'photographer', 'always', 'make', 'anything', 'look', 'good', 'part', 'photo', 'edit', 'even']",['Switzerland'],['Switzerland']
2020,F0VIqLe4tpI,[],"['djemographic', 'norway', 'good', 'landscape', 'switzerland', 'majestic', 'fjord', 'northern', 'light', 'unbeatable', 'country', 'feel', 'switzerland', 'rat', 'especially', 'asians', 'rate', 'switzerland', 'much']",['Switzerland'],"['Norway', 'Switzerland']"
2020,F0VIqLe4tpI,[],"['westenglishwithapar', 'dont', 'doubt', 'norway', 'top', 'list', 'norway', 'european', 'top', 'list', 'consider', 'good', 'list', 'answer', 'question', 'place', 'switzerland', 'visit', 'asian', 'tour', 'group', 'usually', 'limit', 'visit', 'luzern', 'zurich', 'interlaken', 'zermatt', 'engelberg', 'plenty', 'awesome', 'place', 'besides', 'mention']",['Switzerland'],"['Norway', 'Switzerland']"
2020,F0VIqLe4tpI,"['mean', 'visit', 'wroclaw', 'poland', 'coronavirus', 'happen']","['wroclaw', 'terrible', 'name']",['Poland'],[]
2020,F0VIqLe4tpI,"['mean', 'visit', 'wroclaw', 'poland', 'coronavirus', 'happen']","['greaterforce', 'pronounce', 'hard', 'look', 'like', 'nice', 'city']",['Poland'],['France']
2020,F0VIqLe4tpI,"['mean', 'visit', 'wroclaw', 'poland', 'coronavirus', 'happen']","['breslau', 'german', 'therefore', 'probably', 'english', 'dont', 'say', 'like', 'poland']",['Poland'],['Poland']
2020,F0VIqLe4tpI,"['mean', 'visit', 'wroclaw', 'poland', 'coronavirus', 'happen']","['davrosdarlek', 'breslau', 'wrocław', 'old', 'polish', 'city']",['Poland'],[]
2020,F0VIqLe4tpI,"['cant', 'wait', 'visit', 'europe', 'mojo', 'travel']",[],[],['United States']
2020,F0VIqLe4tpI,"['cant', 'wait', 'visit', 'europe', 'mojo', 'travel']","['mojotravels', 'yes', 'thank']",[],[]
2020,F0VIqLe4tpI,"['cant', 'wait', 'visit', 'europe', 'mojo', 'travel']","['bro', 'corona', 'visit']",[],[]
2021,F0VIqLe4tpI,"['list', 'visit', 'italy', 'time', 'greece', 'time', 'portugal', 'malta', 'spain', 'time', 'france', 'cyprus', 'one', 'country', 'bucket', 'list', 'visit', 'croatia']","['much', 'cost', 'u', 'probably', 'earn', 'million']","['Spain', 'Italy', 'Croatia', 'France', 'Portugal', 'Greece', 'Malta', 'Cyprus']",[]
2021,F0VIqLe4tpI,"['list', 'visit', 'italy', 'time', 'greece', 'time', 'portugal', 'malta', 'spain', 'time', 'france', 'cyprus', 'one', 'country', 'bucket', 'list', 'visit', 'croatia']","['mamtaprajapat', 'lol', 'way', 'save', 'travel', 'ive', 'get', 'good', 'job', 'get', 'cheap', 'flight', 'uk', 'fly', 'monarch', 'bankrupt', 'easyjet', 'thomas', 'cook', 'ryannair', 'mainly', 'reasonably', 'price', 'hotel', 'decent', 'facility', 'think', 'pay', 'flight', 'hotel', 'average', 'day', 'week', 'europe', 'close', 'proximity', 'uk']","['Spain', 'Italy', 'Croatia', 'France', 'Portugal', 'Greece', 'Malta', 'Cyprus']",['United Kingdom']
2021,F0VIqLe4tpI,[],[],['Croatia'],[]
2020,F0VIqLe4tpI,"['croatia', 'open', 'tourism', 'right', 'dont', 'come', 'heavily', 'infected', 'country', 'p']","['city', 'tourist', 'prefer', 'without', 'many', 'would', 'definitely', 'go', 'either', 'way']",['Croatia'],[]
2020,F0VIqLe4tpI,"['croatia', 'open', 'tourism', 'right', 'dont', 'come', 'heavily', 'infected', 'country', 'p']","['jjerrymh', '1mp', 'dubrovnik', 'split', 'rovinj', 'really', 'coast', 'full', 'july', 'august', 'best', 'time', 'september', 'normal', 'year']",['Croatia'],[]
2020,F0VIqLe4tpI,"['croatia', 'open', 'tourism', 'right', 'dont', 'come', 'heavily', 'infected', 'country', 'p']","['deansusec', 'thx', 'mate']",['Croatia'],[]
2020,F0VIqLe4tpI,"['croatia', 'open', 'tourism', 'right', 'dont', 'come', 'heavily', 'infected', 'country', 'p']","['jjerrymh', '1mp', 'dubrovnik', 'robinj', 'visitet', 'zagreb', 'capitolbut', 'split', 'good', 'night', 'life', 'summer', 'island', 'pag', 'zrće', 'best', 'night', 'life', 'ibiza', 'island', 'hvar', 'royal', 'island', 'amazing', 'opatija', 'great', 'one', 'best', 'european', 'national', 'park', 'croatia', 'plitvice', 'lake', 'jaw', 'drop']",['Croatia'],['Croatia']
2020,F0VIqLe4tpI,[],"['sorry', 'deserve', 'top']",['France'],[]
2020,F0VIqLe4tpI,[],['callmesyndrow'],['France'],[]
2020,F0VIqLe4tpI,[],"['amari', 'morris', 'love', 'france', 'live', 'lot', 'country', 'good', 'beautiful', 'beautiful', 'country', 'iceland']",['France'],"['France', 'Iceland']"
2020,F0VIqLe4tpI,[],"['callmesyndrow', 'agree', 'remind', 'snow', 'switzerland']",['France'],['Switzerland']
2021,F0VIqLe4tpI,"['rome', 'naples', 'florence', 'venice', 'milan', 'turin', 'sicily', 'vatican', 'genoa', 'top', 'biodiversity', 'world', 'top', 'good', 'food', 'world', 'top', 'unesco', 'heritage', 'sit', 'continue']","['disease', 'country', 'europe']",['Italy'],[]
2021,F0VIqLe4tpI,"['rome', 'naples', 'florence', 'venice', 'milan', 'turin', 'sicily', 'vatican', 'genoa', 'top', 'biodiversity', 'world', 'top', 'good', 'food', 'world', 'top', 'unesco', 'heritage', 'sit', 'continue']",['martinsosa'],['Italy'],[]
2021,F0VIqLe4tpI,"['rome', 'naples', 'florence', 'venice', 'milan', 'turin', 'sicily', 'vatican', 'genoa', 'top', 'biodiversity', 'world', 'top', 'good', 'food', 'world', 'top', 'unesco', 'heritage', 'sit', 'continue']","['beautiful', 'country', 'europe']",['Italy'],[]
2021,F0VIqLe4tpI,"['uk', 'beautiful', 'country', 'world']",[],['United Kingdom'],[]
2021,F0VIqLe4tpI,"['uk', 'beautiful', 'country', 'world']","['well', 'london', 'pretty', 'green', 'city']",['United Kingdom'],[]
2021,F0VIqLe4tpI,"['uk', 'beautiful', 'country', 'world']","['xavierblaster', 'opinion']",['United Kingdom'],[]
2020,F0VIqLe4tpI,[],"['greece', 'coastal', 'doesnt', 'mean', 'full', 'mountain', 'greece', 'actually', 'mountainous', '2nd', '3rd', 'depend', 'mountainous', 'country', 'europe', 'also', 'contain', 'ultra', 'peak', 'europe', 'yeah', 'georgia', 'similar', 'greece', 'minus', 'surround', 'sea', 'course']","['Greece', 'Georgia']","['Greece', 'Georgia']"
2020,F0VIqLe4tpI,[],"['emm', 'greece', 'country', 'know', 'greece', 'like', 'mountain']","['Greece', 'Georgia']",['Greece']
2020,F0VIqLe4tpI,[],[],"['Greece', 'Georgia']",[]
2022,F0VIqLe4tpI,"['list', 'country', 'greecei', 'love', 'country', 'thats', 'first', 'italy', 'spain', 'france', 'turkey', 'portugal', 'switzerland', 'austria', 'germany', 'uk', 'iceland', 'netherlands', 'turkey', 'consider', 'european', 'country', 'would', 'say', 'norway']","['turkey', 'land', 'east', 'europewest', 'asia', 'answer', 'lol']","['Norway', 'Spain', 'United Kingdom', 'Italy', 'Iceland', 'France', 'Germany', 'Netherlands', 'Austria', 'Turkey', 'Portugal', 'Greece', 'Switzerland']",['Turkey']
2022,F0VIqLe4tpI,"['list', 'country', 'greecei', 'love', 'country', 'thats', 'first', 'italy', 'spain', 'france', 'turkey', 'portugal', 'switzerland', 'austria', 'germany', 'uk', 'iceland', 'netherlands', 'turkey', 'consider', 'european', 'country', 'would', 'say', 'norway']",[],"['Norway', 'Spain', 'United Kingdom', 'Italy', 'Iceland', 'France', 'Germany', 'Netherlands', 'Austria', 'Turkey', 'Portugal', 'Greece', 'Switzerland']",[]
2020,F0VIqLe4tpI,"['top', 'country', 'visit', 'europe', 'first', 'country', 'asia']","['side', 'note', 'definitely', 'visit', 'georgia', 'though', 'phenomenal', 'country']",[],['Georgia']
2020,F0VIqLe4tpI,"['honestly', 'im', 'hop', 'visit', 'eastern', 'europe']","['youre', 'welcome']",[],[]
2021,F0VIqLe4tpI,"['like', 'croatia', 'every', 'thumbnail', 'video']",[],['Croatia'],[]
2021,F0VIqLe4tpI,"['love', 'nature', 'beauty', 'swizerland']",[],[],[]
2020,F0VIqLe4tpI,"['next', 'europe', 'trip', 'include', 'greece', 'portugal', 'romania', 'malta', 'list', 'bulgaria']",[],"['Bulgaria', 'Portugal', 'Romania', 'Greece', 'Malta']",[]
2020,F0VIqLe4tpI,"['mojotravels', 'subtitle', 'madonna', 'modena', 'talk', 'city', 'near', 'bologna']",[],[],[]
2020,F0VIqLe4tpI,"['tip', 'tourist', 'intend', 'visit', 'italy', 'next', 'year', 'want', 'discover', 'true', 'essence', 'italy', 'stay', 'popular', 'place', 'short', 'time', 'look', 'place', 'less', 'tourist', 'like', 'bologna', 'name', 'video', 'marche', 'abruzzo', 'etc']",[],['Italy'],[]
2020,F0VIqLe4tpI,"['hope', 'see', 'ukraine']",[],['Ukraine'],[]
2020,F0VIqLe4tpI,"['really', 'nice']",[],['France'],[]
2020,F0VIqLe4tpI,"['im', 'return', 'uk', 'early', 'july', 'year', 'since', 'leave', 'hometown', 'london', 'cant', 'wait']",[],['United Kingdom'],[]
2020,F0VIqLe4tpI,"['im', 'return', 'uk', 'early', 'july', 'year', 'since', 'leave', 'hometown', 'london', 'cant', 'wait']",[],['United Kingdom'],[]
2020,F0VIqLe4tpI,"['im', 'return', 'uk', 'early', 'july', 'year', 'since', 'leave', 'hometown', 'london', 'cant', 'wait']",[],['United Kingdom'],[]
2020,F0VIqLe4tpI,"['im', 'return', 'uk', 'early', 'july', 'year', 'since', 'leave', 'hometown', 'london', 'cant', 'wait']",[],['United Kingdom'],[]
2020,F0VIqLe4tpI,"['im', 'return', 'uk', 'early', 'july', 'year', 'since', 'leave', 'hometown', 'london', 'cant', 'wait']",[],['United Kingdom'],[]
2021,F0VIqLe4tpI,"['sha', 'allah', 'visit', 'italy', 'one', 'day']","['hope', 'inshaallah', 'ive', 'italy', 'time', 'favourite', 'european', 'destination']",['Italy'],['Italy']
2022,F0VIqLe4tpI,"['rome', 'must', 'say', 'wasnt', 'standard', 'expect', 'quite', 'unfortunately', 'center', 'rome', 'beautiful', 'ancient', 'building', 'really', 'love', 'food', 'whole', 'felt', 'rome', 'abit', 'overrated', 'afterall', 'people', 'soo', 'friendly', 'lovely', 'though', 'big', 'dream', 'visit', 'scandinavian', 'country', 'real', 'treat']",[],['Italy'],[]
2021,F0VIqLe4tpI,"['croatian', 'would', 'put', 'portugal', 'number', 'simply', 'love', 'people', 'polite', 'nice', 'greek', 'island', 'must', 'visit', 'someone', 'visit', 'europe']",[],"['France', 'Portugal']",[]
2021,F0VIqLe4tpI,"['croatia', 'malta', 'amazing', 'visit']",[],"['Malta', 'Croatia']",[]
2021,F0VIqLe4tpI,[],[],['Croatia'],[]
2020,F0VIqLe4tpI,[],[],['Portugal'],[]
2020,F0VIqLe4tpI,[],[],['Romania'],[]
2021,F0VIqLe4tpI,"['proud', 'see', 'romania', 'top', 'recommand', 'visit', 'oradea', 'visit', 'romania', 'far', 'hungary', 'speachless', 'promise']","['hungarian', 'never', 'understand', 'others', 'find', 'beautiful', 'dont', 'live', 'anymore', 'maybe', 'visit', 'might', 'see']","['Romania', 'Hungary']",[]
2021,F0VIqLe4tpI,"['proud', 'see', 'romania', 'top', 'recommand', 'visit', 'oradea', 'visit', 'romania', 'far', 'hungary', 'speachless', 'promise']","['bushcatbandit', 'visit', 'city', 'understand']","['Romania', 'Hungary']",[]
2021,F0VIqLe4tpI,"['proud', 'see', 'romania', 'top', 'recommand', 'visit', 'oradea', 'visit', 'romania', 'far', 'hungary', 'speachless', 'promise']","['idemian', 'really', 'lol', 'london', 'look', 'well', 'imo', 'rest', 'england', 'much', 'hungary']","['Romania', 'Hungary']","['United Kingdom', 'Hungary']"
2020,F0VIqLe4tpI,"['hell', 'germany', 'sorry', 'dislike', 'germany', 'sooo', 'many', 'beautiful', 'place']",[],['Germany'],[]
2020,F0VIqLe4tpI,"['hell', 'germany', 'sorry', 'dislike', 'germany', 'sooo', 'many', 'beautiful', 'place']",[],['Germany'],[]
2021,F0VIqLe4tpI,"['come', 'poland', 'one', 'visit', 'warsaw', 'krakow', 'poznan', 'old', 'german', 'city', 'breslauwroclaw', 'danziggdansk', 'must', 'see', 'danzig', 'truely', 'pearl', 'among', 'locate', 'baltic', 'sea', 'nature', 'lovers', 'masurian', 'sea', 'must', 'see', 'trip', 'former', 'eastern', 'prussia', 'mountain', 'south', 'also', 'former', 'german', 'region', 'silasia', 'breslau', 'locate', 'boast', 'stunning', 'nature']","['poland', 'problem', 'prussia', 'friendly', 'part', 'eu', 'north', 'macedonia', 'good', 'cheap', 'food', 'really', 'wild', 'history', 'georgia', 'armenia', 'cheap', 'old', 'friendly']",['Poland'],"['Poland', 'Armenia', 'Georgia']"
2020,F0VIqLe4tpI,"['saint', 'petersburg', 'russia', 'beautiful', 'opulent', 'city', 'world', 'home', 'peter', 'great', 'catherine', 'great', 'worldfamous', 'faberge', 'jewel', 'countless', 'palace', 'historical', 'wealth']","['yes', 'mean', 'fly', 'saint', 'petersburg', 'august']",['Russian Federation'],[]
2020,F0VIqLe4tpI,"['suppose', 'visit', 'georgia', 'armenia', 'romania', 'malta', 'june']",[],"['Romania', 'Armenia', 'Malta', 'Georgia']",[]
2022,F0VIqLe4tpI,"['pakistan', 'cheap', 'best', 'country', 'tourist', 'tourism', 'love', 'people', 'delicious', 'food', 'natural', 'beauty', 'peace', 'entertainment']",[],['Pakistan'],[]
2021,F0VIqLe4tpI,"['head', 'florence', 'rome', 'venice', 'italy', 'graduation', 'cannot', 'wait', 'gonna', 'see', 'rhcp', 'firenze']",[],['Italy'],[]
2021,F0VIqLe4tpI,"['turkey', 'no1', 'value', 'food', 'safety', 'people']",[],['Turkey'],[]
2021,F0VIqLe4tpI,"['1st', 'portugal', 'deserves', 'love', '2nd', 'way', 'say', 'word', 'portuguese', 'make', 'laugh', 'im', 'gonna', 'visit', 'italy', '1st', 'time', 'im', 'go', 'friend', 'go', 'spain', '10th', 'time', 'live', 'portugal', 'easy', 'reach', 'spain']",[],"['Portugal', 'Spain', 'Italy']",[]
2021,F0VIqLe4tpI,"['greece', 'croatia', 'montenegro']",[],"['Montenegro', 'Greece', 'Croatia']",[]
2020,F0VIqLe4tpI,"['cyprus', 'one', 'best', 'place', 'visit']",[],['Cyprus'],[]
2020,F0VIqLe4tpI,"['want', 'teavel', 'italy']",[],['Italy'],[]
2020,F0VIqLe4tpI,"['love', 'norway', 'beautiful', 'wonderful', 'natural', 'clean', 'rich', 'country', 'norway']",[],['Norway'],[]
2020,F0VIqLe4tpI,"['love', 'greece', 'beautiful', 'natural', 'beautiful', 'clean', 'rich', 'country', 'greece']",[],['Greece'],[]
2020,F0VIqLe4tpI,"['really', 'really', 'thanks', 'video']",[],[],[]
2020,F0VIqLe4tpI,"['nice', 'thing', 'say', 'watchmojo']",[],['France'],[]
2020,F0VIqLe4tpI,['romania'],[],['Romania'],[]
2020,F0VIqLe4tpI,['romania'],[],['Romania'],['Romania']
2021,F0VIqLe4tpI,"['ill', 'love', 'visit', 'germany', 'england', 'greece']","['england', 'shit', 'dont', 'worry', 'miss', 'anything']","['Germany', 'United Kingdom', 'Greece']",['United Kingdom']
2021,F0VIqLe4tpI,"['ive', 'romania', 'definently', 'worth', 'visit']","['try', 'visit', 'turkey', 'many', 'nice', 'beach', 'sea', 'yummy', 'food', 'luxery', 'hotel', 'lovely', 'nature', 'turkey', 'ölü', 'deniz', 'marmaris', 'antalya', 'would', 'good', 'visit', 'love', 'sunbeachseaforestluxery', 'hotel']",['Romania'],"['France', 'Turkey']"
2020,F0VIqLe4tpI,"['wheres', 'france']",[],['France'],[]
2020,F0VIqLe4tpI,"['lmaoooo', 'norway', 'sweden']","['prefer', 'norway', 'sweden', 'cool']","['Norway', 'Sweden']","['Norway', 'Sweden']"
2020,F0VIqLe4tpI,"['malta', 'truly', 'gem', 'mediterranean', 'im', 'happy', 'live', 'malta']","['americas', 'much', 'good']",['Malta'],[]
2020,F0VIqLe4tpI,"['malta', 'barely', 'beach']","['youre', 'clap', 'think', 'mate']",['Malta'],[]
2021,F0VIqLe4tpI,"['best', 'country', 'visit', 'europe', 'romaniaspainswitzerlandukrainenetherlandsitalybosnia', 'herzegovinacroatia', 'poland', 'germany', 'france', 'also', 'greece', 'amaze', 'country', 'visit', 'europe']",[],"['Spain', 'Italy', 'Croatia', 'France', 'Poland', 'Netherlands', 'Ukraine', 'Germany', 'Romania', 'Greece', 'Switzerland']",[]
2021,F0VIqLe4tpI,"['love', 'ukraine', 'pretty', 'one', 'great', 'grandparent', 'ukrainian']",[],['Ukraine'],[]
2021,F0VIqLe4tpI,[],[],['Croatia'],[]
2021,F0VIqLe4tpI,"['want', 'go', 'portugal']",[],['Portugal'],[]
2021,qk5RaERNH3U,[],"['cant', 'wait', 'go']",['Indonesia'],[]
2020,qk5RaERNH3U,"['boy', 'get', 'creative']",[],[],[]
2020,qk5RaERNH3U,"['dont', 'know', 'expect', 'thailand', 'make', 'top', 'great', 'list']",[],['Thailand'],[]
2020,qk5RaERNH3U,[],[],[],[]
2020,qk5RaERNH3U,"['thanks', 'proposal', 'ill', 'opt', 'turkey', 'peru', 'australia', 'costa', 'rica', 'woup', 'woup']",[],"['Turkey', 'Peru', 'Australia']",[]
2020,qk5RaERNH3U,[],[],[],[]
2022,qk5RaERNH3U,"['belarus', 'number', 'ridiculous', 'many', 'far', 'nice', 'country', 'world', 'europe', 'netherlands', 'like', 'flat', 'country', 'italy', 'would', 'deserve', 'place', 'top', 'boast', 'unesco', 'world', 'heritage', 'site', 'world', 'also', 'stunning', 'scenery', 'gorgeous', 'mountain', 'sandy', 'rocky', 'beach', 'marvelous', 'lake', 'outstanding', 'volcano', 'drammatic', 'rolling', 'hill']","['thank', 'watch', 'know', 'whole', 'lot', 'nicer', 'country', 'well', 'know', 'already', 'world', 'top', 'opinion', 'number', 'country', 'audience', 'keep', 'track', 'none', 'order', 'japan', 'favorite', 'country', 'list', 'would', 'top']","['Italy', 'Netherlands', 'Belarus']",['Japan']
2021,btN-fqtfXLk,"['didnt', 'even', 'know', 'cool', 'country']",[],[],[]
2021,oEnQkKWOJDQ,"['botswana', 'mauritius', 'ethiopia', 'seychelles', 'namibia', 'madagascar', 'kenya', 'tanzania', 'egypt', 'south', 'africa', 'morocco']",[],"['Botswana', 'Kenya', 'Egypt', 'Morocco', 'Mauritius', 'Seychelles', 'Ethiopia', 'Namibia', 'Madagascar']",[]
2021,oEnQkKWOJDQ,"['botswana', 'mauritius', 'ethiopia', 'seychelles', 'namibia', 'madagascar', 'kenya', 'tanzania', 'egypt', 'south', 'africa', 'morocco']","['morroco', 'good', 'south', 'africa']","['Botswana', 'Kenya', 'Egypt', 'Morocco', 'Mauritius', 'Seychelles', 'Ethiopia', 'Namibia', 'Madagascar']",[]
2021,oEnQkKWOJDQ,[],"['capzallison', 'beautiful', 'try', 'visit', 'morocco']","['Botswana', 'Kenya', 'Egypt', 'Morocco', 'Mauritius', 'Seychelles', 'Ethiopia', 'Namibia', 'Madagascar']",['Morocco']
2021,oEnQkKWOJDQ,[],"['moroccosson', 'look', 'ok', 'near', 'south', 'africa', 'county', 'even', 'close', 'african', 'continent']","['Botswana', 'Kenya', 'Egypt', 'Morocco', 'Mauritius', 'Seychelles', 'Ethiopia', 'Namibia', 'Madagascar']",[]
2021,oEnQkKWOJDQ,[],"['capzallison', 'morocco', 'mauritania', 'near', 'african', 'county', 'usa']","['Botswana', 'Kenya', 'Egypt', 'Morocco', 'Mauritius', 'Seychelles', 'Ethiopia', 'Namibia', 'Madagascar']","['Morocco', 'Mauritania', 'United States']"
2021,oEnQkKWOJDQ,"['botswana', 'mauritius', 'ethiopia', 'seychelles', 'namibia', 'madagascar', 'kenya', 'tanzania', 'egypt', 'south', 'africa', 'morocco']","['moroccosson', 'lmao', 'definitely', 'south', 'africa', 'u', 'dont', 'know', 'nothing', 'live', 'usa', 'year', 'live', 'london', 'south', 'africa', 'like', 'usa']","['Botswana', 'Kenya', 'Egypt', 'Morocco', 'Mauritius', 'Seychelles', 'Ethiopia', 'Namibia', 'Madagascar']","['United Kingdom', 'United States']"
2021,oEnQkKWOJDQ,[],"['moroccosson', 'u', 'youtube', 'think', 'u', 'look', 'american', 'south', 'african', 'similar', 'history']","['Botswana', 'Kenya', 'Egypt', 'Morocco', 'Mauritius', 'Seychelles', 'Ethiopia', 'Namibia', 'Madagascar']",[]
2021,oEnQkKWOJDQ,"['botswana', 'mauritius', 'ethiopia', 'seychelles', 'namibia', 'madagascar', 'kenya', 'tanzania', 'egypt', 'south', 'africa', 'morocco']","['capzallison', 'really']","['Botswana', 'Kenya', 'Egypt', 'Morocco', 'Mauritius', 'Seychelles', 'Ethiopia', 'Namibia', 'Madagascar']",[]
2021,oEnQkKWOJDQ,"['botswana', 'mauritius', 'ethiopia', 'seychelles', 'namibia', 'madagascar', 'kenya', 'tanzania', 'egypt', 'south', 'africa', 'morocco']","['moroccosson', 'yes', 'really']","['Botswana', 'Kenya', 'Egypt', 'Morocco', 'Mauritius', 'Seychelles', 'Ethiopia', 'Namibia', 'Madagascar']",[]
2020,oEnQkKWOJDQ,"['cant', 'wait', 'visit', 'amazing', 'beautiful', 'continent']",[],[],[]
2020,oEnQkKWOJDQ,"['cant', 'wait', 'visit', 'amazing', 'beautiful', 'continent']",[],[],[]
2020,oEnQkKWOJDQ,"['cant', 'wait', 'visit', 'amazing', 'beautiful', 'continent']","['please', 'dont', 'take', 'ownership', 'heritage']",[],[]
2020,oEnQkKWOJDQ,"['cant', 'wait', 'visit', 'amazing', 'beautiful', 'continent']","['go', 'europe', 'much', 'see', 'safari']",[],[]
2020,oEnQkKWOJDQ,"['cant', 'wait', 'visit', 'amazing', 'beautiful', 'continent']","['thankuwelcome', 'africa', 'see', 'trust']",[],[]
2021,oEnQkKWOJDQ,"['agree', 'morocco', 'one', 'beautiful', 'country', 'world', 'food', 'people', 'tradition']","['really', 'zambia', 'south', 'africa', 'botswana', 'tanzania', 'abd', 'kenye']",['Morocco'],"['Botswana', 'Zambia']"
2021,oEnQkKWOJDQ,"['agree', 'morocco', 'one', 'beautiful', 'country', 'world', 'food', 'people', 'tradition']","['musondampumpu', 'morocco', 'best']",['Morocco'],['Morocco']
2021,oEnQkKWOJDQ,"['agree', 'morocco', 'one', 'beautiful', 'country', 'world', 'food', 'people', 'tradition']","['mohowto', 'yes', 'marocco', 'best', 'zambia', 'best', 'safe']",['Morocco'],['Zambia']
2021,oEnQkKWOJDQ,"['agree', 'morocco', 'one', 'beautiful', 'country', 'world', 'food', 'people', 'tradition']","['mohowto', 'morroco', 'wtf']",['Morocco'],[]
2021,oEnQkKWOJDQ,"['agree', 'morocco', 'one', 'beautiful', 'country', 'world', 'food', 'people', 'tradition']",[],['Morocco'],['Morocco']
2021,oEnQkKWOJDQ,"['agree', 'morocco', 'one', 'beautiful', 'country', 'world', 'food', 'people', 'tradition']",[],['Morocco'],[]
2021,oEnQkKWOJDQ,"['agree', 'morocco', 'one', 'beautiful', 'country', 'world', 'food', 'people', 'tradition']",[],['Morocco'],[]
2021,oEnQkKWOJDQ,"['agree', 'morocco', 'one', 'beautiful', 'country', 'world', 'food', 'people', 'tradition']",[],['Morocco'],[]
2021,oEnQkKWOJDQ,"['agree', 'morocco', 'one', 'beautiful', 'country', 'world', 'food', 'people', 'tradition']","['thank', 'morocco', 'welcome', 'anytime']",['Morocco'],['Morocco']
2021,oEnQkKWOJDQ,"['agree', 'morocco', 'one', 'beautiful', 'country', 'world', 'food', 'people', 'tradition']",[],['Morocco'],[]
2021,oEnQkKWOJDQ,"['agree', 'morocco', 'one', 'beautiful', 'country', 'world', 'food', 'people', 'tradition']","['musondampumpu', 'welcome', 'morocco', 'time', 'u', 'want', 'yes', 'people', 'bad', 'gonna', 'give', 'u', 'advise', 'could', 'contact', 'moroccan', 'girl', 'boy', 'come', 'every', 'thins', 'u', 'deep', 'heart', 'one', 'theme', 'welcome']",['Morocco'],['Morocco']
2020,oEnQkKWOJDQ,"['tanzania', 'lot', 'offer', 'apart', 'great', 'migration', 'wild', 'beast', 'serengeti', 'also', 'ngorongor', 'crater', 'magical', 'island', 'zanzibar', 'heavenly', 'also', 'forget', 'mount', 'kilimanjaro', 'tall', 'mount', 'africa', 'locate', 'tanzania', 'tanzania', 'unforgttable']",[],[],[]
2020,oEnQkKWOJDQ,"['suppose', 'go', 'tanzania', 'malawi', 'zambia', 'zimbabwe', 'year', 'hope', 'allow']","['hey', 'ed', 'could', 'share', 'make', 'travel', 'planitinerary', 'travel', 'package', 'planning', 'tip', 'plan', 'africa', 'travel', 'vaccineslodgingsafari', 'tip', 'etc', 'hope', 'get', 'go', 'pandemic']","['Zimbabwe', 'Zambia', 'Malawi']",[]
2020,oEnQkKWOJDQ,"['suppose', 'go', 'tanzania', 'malawi', 'zambia', 'zimbabwe', 'year', 'hope', 'allow']",[],"['Zimbabwe', 'Zambia', 'Malawi']",['Zimbabwe']
2020,oEnQkKWOJDQ,"['obviously', 'aware', 'deeply', 'concern', 'global', 'pandemic', 'choose', 'carefully', 'publish', 'form', 'escapism', 'entertainment', 'help', 'ease', 'thought', 'anxiety', 'provide', 'alternative', 'news', 'obviously', 'encourage', 'anyone', 'travel', 'discourage', 'social', 'distancing', 'ready', 'visit', 'africa']",['finally'],[],[]
2020,oEnQkKWOJDQ,"['obviously', 'aware', 'deeply', 'concern', 'global', 'pandemic', 'choose', 'carefully', 'publish', 'form', 'escapism', 'entertainment', 'help', 'ease', 'thought', 'anxiety', 'provide', 'alternative', 'news', 'obviously', 'encourage', 'anyone', 'travel', 'discourage', 'social', 'distancing', 'ready', 'visit', 'africa']",[],[],[]
2020,oEnQkKWOJDQ,"['obviously', 'aware', 'deeply', 'concern', 'global', 'pandemic', 'choose', 'carefully', 'publish', 'form', 'escapism', 'entertainment', 'help', 'ease', 'thought', 'anxiety', 'provide', 'alternative', 'news', 'obviously', 'encourage', 'anyone', 'travel', 'discourage', 'social', 'distancing', 'ready', 'visit', 'africa']","['ryle', 'game', 'explorer', 'take', 'malaria', 'tablet', 'mosquito', 'repellent', 'visit', 'dont', 'let', 'fear', 'stop', 'visit', 'africa']",[],[]
2020,oEnQkKWOJDQ,"['obviously', 'aware', 'deeply', 'concern', 'global', 'pandemic', 'choose', 'carefully', 'publish', 'form', 'escapism', 'entertainment', 'help', 'ease', 'thought', 'anxiety', 'provide', 'alternative', 'news', 'obviously', 'encourage', 'anyone', 'travel', 'discourage', 'social', 'distancing', 'ready', 'visit', 'africa']","['yes', 'please', 'madagascar', 'botswana', 'tanzania', 'kenya', 'seychelles', 'namibia', 'please', 'include', 'west', 'africa', 'like', 'cape', 'verde', 'ghana', 'benin', 'togo', 'alike', 'ive', 'egypt', 'morocco', 'nigeria', 'mauritius', 'beautiful', 'especially', 'beaten', 'track']",[],"['Botswana', 'Kenya', 'Benin', 'Egypt', 'Morocco', 'Seychelles', 'Mauritius', 'Ghana', 'Nigeria', 'Togo', 'Namibia', 'Madagascar']"
2020,oEnQkKWOJDQ,"['obviously', 'aware', 'deeply', 'concern', 'global', 'pandemic', 'choose', 'carefully', 'publish', 'form', 'escapism', 'entertainment', 'help', 'ease', 'thought', 'anxiety', 'provide', 'alternative', 'news', 'obviously', 'encourage', 'anyone', 'travel', 'discourage', 'social', 'distancing', 'ready', 'visit', 'africa']","['jodene', 'best', 'avoid', 'egypt', 'sinai', 'peninsula', 'northeast', 'nigeria', 'due', 'islamist', 'insurgency']",[],['Nigeria']
2020,oEnQkKWOJDQ,"['obviously', 'aware', 'deeply', 'concern', 'global', 'pandemic', 'choose', 'carefully', 'publish', 'form', 'escapism', 'entertainment', 'help', 'ease', 'thought', 'anxiety', 'provide', 'alternative', 'news', 'obviously', 'encourage', 'anyone', 'travel', 'discourage', 'social', 'distancing', 'ready', 'visit', 'africa']","['im', 'sad', 'familys', 'country', 'origin', 'nigeria', 'isnt', 'list', 'dont', 'limit', 'country', 'list', 'africa', 'many', 'beautiful', 'country', 'much', 'offer']",[],['Nigeria']
2020,oEnQkKWOJDQ,"['obviously', 'aware', 'deeply', 'concern', 'global', 'pandemic', 'choose', 'carefully', 'publish', 'form', 'escapism', 'entertainment', 'help', 'ease', 'thought', 'anxiety', 'provide', 'alternative', 'news', 'obviously', 'encourage', 'anyone', 'travel', 'discourage', 'social', 'distancing', 'ready', 'visit', 'africa']",[],[],[]
2020,oEnQkKWOJDQ,"['obviously', 'aware', 'deeply', 'concern', 'global', 'pandemic', 'choose', 'carefully', 'publish', 'form', 'escapism', 'entertainment', 'help', 'ease', 'thought', 'anxiety', 'provide', 'alternative', 'news', 'obviously', 'encourage', 'anyone', 'travel', 'discourage', 'social', 'distancing', 'ready', 'visit', 'africa']","['bear', 'african', 'continent', 'monrovia', 'liberiai', 'hop', 'visit', 'african', 'continent']",[],['Liberia']
2020,oEnQkKWOJDQ,"['obviously', 'aware', 'deeply', 'concern', 'global', 'pandemic', 'choose', 'carefully', 'publish', 'form', 'escapism', 'entertainment', 'help', 'ease', 'thought', 'anxiety', 'provide', 'alternative', 'news', 'obviously', 'encourage', 'anyone', 'travel', 'discourage', 'social', 'distancing', 'ready', 'visit', 'africa']",['finally'],[],[]
2020,oEnQkKWOJDQ,"['obviously', 'aware', 'deeply', 'concern', 'global', 'pandemic', 'choose', 'carefully', 'publish', 'form', 'escapism', 'entertainment', 'help', 'ease', 'thought', 'anxiety', 'provide', 'alternative', 'news', 'obviously', 'encourage', 'anyone', 'travel', 'discourage', 'social', 'distancing', 'ready', 'visit', 'africa']",[],[],[]
2020,oEnQkKWOJDQ,"['obviously', 'aware', 'deeply', 'concern', 'global', 'pandemic', 'choose', 'carefully', 'publish', 'form', 'escapism', 'entertainment', 'help', 'ease', 'thought', 'anxiety', 'provide', 'alternative', 'news', 'obviously', 'encourage', 'anyone', 'travel', 'discourage', 'social', 'distancing', 'ready', 'visit', 'africa']","['ryle', 'game', 'explorer', 'take', 'malaria', 'tablet', 'mosquito', 'repellent', 'visit', 'dont', 'let', 'fear', 'stop', 'visit', 'africa']",[],[]
2020,oEnQkKWOJDQ,"['obviously', 'aware', 'deeply', 'concern', 'global', 'pandemic', 'choose', 'carefully', 'publish', 'form', 'escapism', 'entertainment', 'help', 'ease', 'thought', 'anxiety', 'provide', 'alternative', 'news', 'obviously', 'encourage', 'anyone', 'travel', 'discourage', 'social', 'distancing', 'ready', 'visit', 'africa']","['yes', 'please', 'madagascar', 'botswana', 'tanzania', 'kenya', 'seychelles', 'namibia', 'please', 'include', 'west', 'africa', 'like', 'cape', 'verde', 'ghana', 'benin', 'togo', 'alike', 'ive', 'egypt', 'morocco', 'nigeria', 'mauritius', 'beautiful', 'especially', 'beaten', 'track']",[],"['Botswana', 'Kenya', 'Benin', 'Egypt', 'Morocco', 'Seychelles', 'Mauritius', 'Ghana', 'Nigeria', 'Togo', 'Namibia', 'Madagascar']"
2020,oEnQkKWOJDQ,"['obviously', 'aware', 'deeply', 'concern', 'global', 'pandemic', 'choose', 'carefully', 'publish', 'form', 'escapism', 'entertainment', 'help', 'ease', 'thought', 'anxiety', 'provide', 'alternative', 'news', 'obviously', 'encourage', 'anyone', 'travel', 'discourage', 'social', 'distancing', 'ready', 'visit', 'africa']","['jodene', 'best', 'avoid', 'egypt', 'sinai', 'peninsula', 'northeast', 'nigeria', 'due', 'islamist', 'insurgency']",[],['Nigeria']
2020,oEnQkKWOJDQ,"['obviously', 'aware', 'deeply', 'concern', 'global', 'pandemic', 'choose', 'carefully', 'publish', 'form', 'escapism', 'entertainment', 'help', 'ease', 'thought', 'anxiety', 'provide', 'alternative', 'news', 'obviously', 'encourage', 'anyone', 'travel', 'discourage', 'social', 'distancing', 'ready', 'visit', 'africa']","['im', 'sad', 'familys', 'country', 'origin', 'nigeria', 'isnt', 'list', 'dont', 'limit', 'country', 'list', 'africa', 'many', 'beautiful', 'country', 'much', 'offer']",[],['Nigeria']
2020,oEnQkKWOJDQ,"['obviously', 'aware', 'deeply', 'concern', 'global', 'pandemic', 'choose', 'carefully', 'publish', 'form', 'escapism', 'entertainment', 'help', 'ease', 'thought', 'anxiety', 'provide', 'alternative', 'news', 'obviously', 'encourage', 'anyone', 'travel', 'discourage', 'social', 'distancing', 'ready', 'visit', 'africa']",[],[],[]
2020,oEnQkKWOJDQ,"['obviously', 'aware', 'deeply', 'concern', 'global', 'pandemic', 'choose', 'carefully', 'publish', 'form', 'escapism', 'entertainment', 'help', 'ease', 'thought', 'anxiety', 'provide', 'alternative', 'news', 'obviously', 'encourage', 'anyone', 'travel', 'discourage', 'social', 'distancing', 'ready', 'visit', 'africa']","['bear', 'african', 'continent', 'monrovia', 'liberiai', 'hop', 'visit', 'african', 'continent']",[],['Liberia']
2021,oEnQkKWOJDQ,"['im', 'morocco', 'welcome', 'u', 'guy', 'time']","['get', 'somewhere', 'sleep']",['Morocco'],[]
2021,oEnQkKWOJDQ,"['im', 'morocco', 'welcome', 'u', 'guy', 'time']","['im', 'also', 'morocco', 'man', 'speak', 'u']",['Morocco'],"['Morocco', 'United States']"
2021,oEnQkKWOJDQ,"['im', 'morocco', 'welcome', 'u', 'guy', 'time']","['ianwanjohi', 'racist', 'muslim']",['Morocco'],[]
2021,oEnQkKWOJDQ,"['im', 'morocco', 'welcome', 'u', 'guy', 'time']",[],['Morocco'],[]
2021,oEnQkKWOJDQ,"['im', 'morocco', 'welcome', 'u', 'guy', 'time']","['ianwanjohi', 'speak', 'u']",['Morocco'],['United States']
2021,oEnQkKWOJDQ,"['im', 'morocco', 'welcome', 'u', 'guy', 'time']","['davidwelly', 'rude', 'person', 'racist', 'think', 'say']",['Morocco'],[]
2021,oEnQkKWOJDQ,"['im', 'morocco', 'welcome', 'u', 'guy', 'time']","['davidwelly', 'ignore', 'welcome', 'morocco', 'time']",['Morocco'],['Morocco']
2020,oEnQkKWOJDQ,"['last', 'year', 'visit', 'south', 'africa', 'travel', 'south', 'atlantic', 'ocean', 'cape', 'town', 'north', 'pretoria', 'johannesburg', 'kruger', 'national', 'park', 'great', 'time', 'year', 'tour', 'egypt', 'unfortunately', 'schedule', 'lot', 'hope', 'next', 'year', 'morocco', 'list', 'unspecified', 'future']",[],"['Morocco', 'Egypt', 'South Africa']",[]
2020,oEnQkKWOJDQ,"['last', 'year', 'visit', 'south', 'africa', 'travel', 'south', 'atlantic', 'ocean', 'cape', 'town', 'north', 'pretoria', 'johannesburg', 'kruger', 'national', 'park', 'great', 'time', 'year', 'tour', 'egypt', 'unfortunately', 'schedule', 'lot', 'hope', 'next', 'year', 'morocco', 'list', 'unspecified', 'future']",[],"['Morocco', 'Egypt', 'South Africa']",['Algeria']
2020,oEnQkKWOJDQ,"['last', 'year', 'visit', 'south', 'africa', 'travel', 'south', 'atlantic', 'ocean', 'cape', 'town', 'north', 'pretoria', 'johannesburg', 'kruger', 'national', 'park', 'great', 'time', 'year', 'tour', 'egypt', 'unfortunately', 'schedule', 'lot', 'hope', 'next', 'year', 'morocco', 'list', 'unspecified', 'future']",[],"['Morocco', 'Egypt', 'South Africa']",[]
2020,oEnQkKWOJDQ,"['last', 'year', 'visit', 'south', 'africa', 'travel', 'south', 'atlantic', 'ocean', 'cape', 'town', 'north', 'pretoria', 'johannesburg', 'kruger', 'national', 'park', 'great', 'time', 'year', 'tour', 'egypt', 'unfortunately', 'schedule', 'lot', 'hope', 'next', 'year', 'morocco', 'list', 'unspecified', 'future']",[],"['Morocco', 'Egypt', 'South Africa']",[]
2020,oEnQkKWOJDQ,"['last', 'year', 'visit', 'south', 'africa', 'travel', 'south', 'atlantic', 'ocean', 'cape', 'town', 'north', 'pretoria', 'johannesburg', 'kruger', 'national', 'park', 'great', 'time', 'year', 'tour', 'egypt', 'unfortunately', 'schedule', 'lot', 'hope', 'next', 'year', 'morocco', 'list', 'unspecified', 'future']",[],"['Morocco', 'Egypt', 'South Africa']",[]
2020,oEnQkKWOJDQ,"['except', 'one', 'allow', 'travel', 'anywhere', 'world', 'lose', 'damn', 'mind']",[],[],[]
2020,oEnQkKWOJDQ,"['except', 'one', 'allow', 'travel', 'anywhere', 'world', 'lose', 'damn', 'mind']","['yep', 'crazy']",[],[]
2020,oEnQkKWOJDQ,"['except', 'one', 'allow', 'travel', 'anywhere', 'world', 'lose', 'damn', 'mind']","['hellkite', 'figure', 'country', 'closed', 'pandemic', 'b']",[],[]
2020,oEnQkKWOJDQ,"['thank', 'u', 'ethiopia']",[],['Ethiopia'],[]
2020,oEnQkKWOJDQ,"['africa', 'include', 'north', 'africa']",[],[],[]
2020,oEnQkKWOJDQ,"['africa', 'include', 'north', 'africa']","['single', 'top', 'video', 'north', 'africa', 'kinda', 'weird', 'even']",[],[]
2020,oEnQkKWOJDQ,"['africa', 'include', 'north', 'africa']","['maybe', 'cause', 'north', 'africa', 'consider', 'part', 'middle', 'east', 'know']",[],[]
2020,oEnQkKWOJDQ,"['africa', 'include', 'north', 'africa']","['beebee', '__', 'mena', 'middle', 'east', 'north', 'africa', 'often', 'group', 'together']",[],[]
2020,oEnQkKWOJDQ,"['africa', 'include', 'north', 'africa']","['andrewjones', 'say', 'north', 'africa', 'middle', 'east', 'totally', 'different', 'middle', 'east', 'dry', 'north', 'africa', 'isnt', 'middle', 'easterner', 'arabs', 'north', 'african', 'berber']",[],[]
2020,oEnQkKWOJDQ,"['africa', 'include', 'north', 'africa']","['oussamanf', '2zi', 'north', 'africa', 'isnt', 'dry', 'large', 'proportion', 'hot', 'desert', 'even', 'part', 'arent', 'rather', 'dry']",[],[]
2020,oEnQkKWOJDQ,"['africa', 'include', 'north', 'africa']","['andrewjones', 'north', 'arficans', 'arabs', 'morocco', 'arabic', 'dont', 'compare', 'middle', 'east', 'north', 'africa', 'maybe', 'egypt', 'arbic', 'im', 'afro', 'brown', 'moroccan', 'proud', 'berber']",[],"['Morocco', 'Egypt']"
2020,oEnQkKWOJDQ,"['africa', 'include', 'north', 'africa']","['aymanouadi', 'western', 'medium', 'always', 'love', 'morocco', 'ethiopia']",[],"['Morocco', 'Ethiopia']"
2020,oEnQkKWOJDQ,"['africa', 'include', 'north', 'africa']",[],[],['Ethiopia']
2020,oEnQkKWOJDQ,"['africa', 'include', 'north', 'africa']","['aymanouadi', 'egypt', 'never', 'arabic']",[],['Egypt']
2020,oEnQkKWOJDQ,"['africa', 'include', 'north', 'africa']","['ammarhatesegypt', 'egypt', 'consider', 'middle', 'east', 'know', 'youre', 'right', 'long', 'time', 'ago', 'werent', 'arab', 'consider', 'arab']",[],['Egypt']
2020,oEnQkKWOJDQ,"['africa', 'include', 'north', 'africa']","['aymanouadi', 'nationally', 'yes', 'racially']",[],[]
2020,oEnQkKWOJDQ,"['africa', 'include', 'north', 'africa']",[],[],[]
2021,oEnQkKWOJDQ,"['ethiopia', 'birth', 'coffeethe', 'first', 'mankind', 'walk', 'ethiopiadenkali', 'depressionold', 'church', 'many', 'historical', 'place', 'visit', 'ethiopia']","['think', 'id', 'let', 'know', 'since', 'dec', 'civil', 'war']",['Ethiopia'],[]
2021,oEnQkKWOJDQ,"['ethiopia', 'birth', 'coffeethe', 'first', 'mankind', 'walk', 'ethiopiadenkali', 'depressionold', 'church', 'many', 'historical', 'place', 'visit', 'ethiopia']",[],['Ethiopia'],[]
2021,oEnQkKWOJDQ,"['ethiopia', 'birth', 'coffeethe', 'first', 'mankind', 'walk', 'ethiopiadenkali', 'depressionold', 'church', 'many', 'historical', 'place', 'visit', 'ethiopia']",[],['Ethiopia'],[]
2021,oEnQkKWOJDQ,"['next', 'trip', 'morocco', 'thank', 'share']",[],['Morocco'],[]
2020,oEnQkKWOJDQ,"['im', 'moroccan', 'shock', 'see', 'country', 'first', 'tourist', 'destination', 'africa', 'honor']",[],[],[]
2021,oEnQkKWOJDQ,"['forgot', 'mention', 'mombasa', 'kenya', 'best', 'white', 'sandy', 'beach', 'africa', 'see', 'diani', 'watamu', 'malindi', 'lamu', 'kenya', 'ultimate', 'tourist', 'destination']","['kenya', 'beach', 'desert', 'national', 'park', 'mountain', 'lakes', 'safari', 'lake']",['Kenya'],['Kenya']
2021,oEnQkKWOJDQ,"['proud', 'namibian']","['amazing', 'country']",[],[]
2021,oEnQkKWOJDQ,"['kinda', 'disappoint', 'kenya', 'tanzania', 'combine', 'offer', 'country', 'list']",[],['Kenya'],[]
2021,oEnQkKWOJDQ,"['kenya', 'tanzania', 'historical', 'ruin', 'swahili', 'coast', 'rich', 'history', 'trade', 'date', 'back', 'year', 'ago']",[],['Kenya'],[]
2021,oEnQkKWOJDQ,"['hope', 'algeria', 'open', 'someday', 'tourism', 'country', 'much', 'offer']","['aliexpress', 'version', 'morocco']",['Algeria'],['Morocco']
2021,oEnQkKWOJDQ,"['hope', 'algeria', 'open', 'someday', 'tourism', 'country', 'much', 'offer']",[],['Algeria'],[]
2020,oEnQkKWOJDQ,[],"['thats', 'first', 'stand', 'behind']",[],[]
2020,oEnQkKWOJDQ,[],"['r', 'u', 'guy', 'still', 'mythical', 'world']",[],[]
2021,oEnQkKWOJDQ,"['welcome', 'world', 'morocco']",[],['Morocco'],[]
2020,oEnQkKWOJDQ,"['morocco', 'always', 'no1']",[],['Morocco'],[]
2021,oEnQkKWOJDQ,"['morocco', 'best']",[],['Morocco'],[]
2021,oEnQkKWOJDQ,"['morocco', 'best']",[],['Morocco'],[]
2021,oEnQkKWOJDQ,"['morocco', 'best']",[],['Morocco'],[]
2021,oEnQkKWOJDQ,"['visit', 'ethiopia', 'proud', 'ethiopian', 'african']",['insecurity'],['Ethiopia'],[]
2021,oEnQkKWOJDQ,"['visit', 'ethiopia', 'proud', 'ethiopian', 'african']","['civil', 'war', 'barely', 'anyone', 'seem', 'know']",['Ethiopia'],[]
2021,oEnQkKWOJDQ,"['go', 'kenya', 'last', 'year', 'volunteer', 'trip', 'kibera', 'fell', 'love', 'im', 'go', 'back', 'end', 'month', 'deliver', 'supply', 'handmade', 'hat', 'kid', 'school', 'volunteer', 'time', 'something', 'take', 'safari', 'maasai', 'mara']","['great', 'need', 'come', 'uganda', 'see', 'beauty', 'well', 'uganda', 'name', 'pearl', 'africa', 'due', 'beauty', 'neighbor', 'kenya']",['Kenya'],"['Uganda', 'Kenya']"
2021,oEnQkKWOJDQ,"['go', 'kenya', 'last', 'year', 'volunteer', 'trip', 'kibera', 'fell', 'love', 'im', 'go', 'back', 'end', 'month', 'deliver', 'supply', 'handmade', 'hat', 'kid', 'school', 'volunteer', 'time', 'something', 'take', 'safari', 'maasai', 'mara']","['black', 'africains', 'like']",['Kenya'],[]
2020,oEnQkKWOJDQ,"['ghana', 'didnt', 'make', 'list', 'still', 'love', 'country']",[],['Ghana'],[]
2020,oEnQkKWOJDQ,"['great', 'vid', 'would', 'like', 'see', 'ghana', 'nigeria', 'feature', 'list', 'though']",[],"['Ghana', 'Nigeria']",[]
2020,oEnQkKWOJDQ,"['id', 'love', 'visit', 'motherland', 'suppose', 'visit', 'egypt', 'trip', 'cancel', 'due', 'covid', 'hopefully', 'one', 'day', 'normal', 'travel', 'life']","['welcome', 'time', 'ان', 'شاء', 'الله']",['Egypt'],[]
2020,oEnQkKWOJDQ,"['id', 'love', 'visit', 'motherland', 'suppose', 'visit', 'egypt', 'trip', 'cancel', 'due', 'covid', 'hopefully', 'one', 'day', 'normal', 'travel', 'life']","['malakmadkourx', 'thanks', 'cant', 'wait', 'visit']",['Egypt'],[]
2020,oEnQkKWOJDQ,"['look', 'forward', 'move', 'south', 'africa', 'video']","['get', 'ground', 'water']",[],[]
2020,oEnQkKWOJDQ,"['look', 'forward', 'move', 'south', 'africa', 'video']","['great', 'country', 'useless', 'government', 'im', 'durban', 'city', 'shouldve', 'mention']",[],[]
2020,oEnQkKWOJDQ,"['solid', 'list', 'ive', 'yet', 'step', 'foot', 'africa', 'itll', 'likely', 'b3', 'morocco', 'tunisia', 'egypt', 'start', 'im', 'suprised', 'didnt', 'nigeria', 'ghana', 'senegal', 'list']","['nigeria', 'beautiful', 'place', 'please', 'dont', 'come']","['Morocco', 'Egypt', 'Ghana', 'Nigeria', 'Tunisia', 'Senegal']",['Nigeria']
2021,oEnQkKWOJDQ,"['botswana', 'mauritius', 'ethiopia', 'seychelles', 'namibia', 'madagascar', 'kenyatanzania', 'egypt', 'south', 'africa', 'morocco']",[],"['Botswana', 'Kenya', 'Egypt', 'Morocco', 'Mauritius', 'Seychelles', 'Ethiopia', 'Namibia', 'Madagascar']",[]
2020,oEnQkKWOJDQ,"['nothing', 'africa', 'compare', 'morocco']","['sa', 'offer', 'morrocco', 'offer']",['Morocco'],[]
2020,oEnQkKWOJDQ,"['nothing', 'africa', 'compare', 'morocco']","['madagascar', 'well']",['Morocco'],['Madagascar']
2020,oEnQkKWOJDQ,"['nothing', 'africa', 'compare', 'morocco']",[],['Morocco'],['Morocco']
2020,oEnQkKWOJDQ,"['nothing', 'africa', 'compare', 'morocco']","['sa', 'always', 'bet', 'country', 'africa']",['Morocco'],[]
2020,oEnQkKWOJDQ,"['nothing', 'africa', 'compare', 'morocco']","['tyrogkyrog', 'high', 'homicide', 'rate', 'nope']",['Morocco'],[]
2021,oEnQkKWOJDQ,"['forget', 'kenya', 'tanzania', 'get', 'see', 'one', 'mount', 'kilimanjaro']",[],['Kenya'],['Kenya']
2021,oEnQkKWOJDQ,"['forget', 'kenya', 'tanzania', 'get', 'see', 'one', 'mount', 'kilimanjaro']","['ericboniphace', 'true', 'lay', 'kenyan', 'border', 'technically', 'see', 'kenya']",['Kenya'],['Kenya']
2021,oEnQkKWOJDQ,"['forget', 'kenya', 'tanzania', 'get', 'see', 'one', 'mount', 'kilimanjaro']","['ericboniphace', 'never', 'move', 'mt', 'kilimanjaro', 'visible', 'far', 'nairobi']",['Kenya'],['Kenya']
2020,oEnQkKWOJDQ,"['afrika', 'paradise', 'beautiful', 'continent', 'earth']","['bullshit', 'u', 'see', 'tv', 'arent', 'real']",[],[]
2022,oEnQkKWOJDQ,"['big', 'shout', 'namibia', '6th', 'spot', 'country', 'visit', 'sadly', 'video', 'didnt', 'show', 'infrastructure', 'namibia', 'unique', 'vary', 'biodiversity', 'flora', 'fauna', 'namibia', 'big', 'national', 'park', 'world', 'name', 'namib', 'naukluft', 'park', 'stand', 'square', 'kilometre', 'find', 'namib', 'desert', 'follow', 'etosha', 'national', 'park', 'vary', 'ecosystem', 'square', 'kilometre', 'park', 'find', 'world', 'class', 'accommodation', 'facility', 'park', 'plenty', 'want', 'see', 'waterfall', 'ruacana', 'epupa', 'popa', 'waterfall', 'see', 'want', 'see', 'natural', 'forest', 'eastern', 'ohangwena', 'kavangowest', 'east', 'zambezi', 'region', 'offer', 'want', 'see', 'atlantic', 'ocean', 'meet', 'river', 'desert', 'find', 'namibia', 'dune', 'surf', 'skiing', 'boat', 'yacht', 'cruise', 'ocean', 'forget', 'sky', 'diving', 'fly', 'hot', 'air', 'balloon', 'love', 'drive', 'long', 'distance', 'flawless', 'tar', 'road', 'adventure', 'namibia', 'need', 'safety', 'visitor', 'top', 'notch', 'cuisine', 'superb', 'alte', 'feste', 'beer', 'festival', 'cream', 'visit', 'namibia', 'youll', 'complete', 'purpose', 'life']",[],['Namibia'],[]
2020,oEnQkKWOJDQ,"['thank', 'god', 'egybt', 'overrated']",[],[],[]
2021,oEnQkKWOJDQ,"['list', 'doesnt', 'include', 'uganda', 'incomplete', 'sir', 'winston', 'churchill', 'call', 'pearl', 'africa', 'reason', 'people', 'floral', 'fauna', 'second', 'none', 'want', 'wild', 'life', 'get', 'rush', 'green', 'country', 'make', 'wanna', 'stare', 'age', 'want', 'go', 'northern', 'hemisphere', 'start', 'uganda', 'change', 'mind', 'second', 'cross', 'southern', 'hemisphere', 'youre', 'undecided', 'go', 'stand', 'hemisphere', 'im', 'talk', 'equator', 'want', 'white', 'sand', 'beach', 'go', 'lake', 'victoria', 'ssese', 'island', 'want', 'see', 'source', 'long', 'river', 'world', 'jinja', 'wait', 'want', 'water', 'raft', 'river', 'nile', 'itanda', 'fall', 'discover', 'want', 'cold', 'temperature', 'head', 'mt', 'rwenzori', 'west', 'snow', 'ice', 'africa', 'never', 'see', 'primate', 'start', 'uganda', 'wanna', 'go', 'fishing', 'lake', 'victoria', 'numerous', 'lake', 'wait', 'expect', 'tilapia', 'gigantic', 'nile', 'perch', 'want', 'fall', 'head', 'murchison', 'fall', 'see', 'mighty', 'river', 'nile', 'force', 'thru', 'narrow', 'gorge', 'thunder', 'noise', 'dont', 'forget', 'look', 'nile', 'crocodile', 'assure', 'never', 'get', 'lose', 'mighty', 'vast', 'imaramagambo', 'mabira', 'forest', 'treat', 'scene', 'numerous', 'variety', 'bird', 'interested', 'volcanic', 'activity', 'head', 'west', 'country', 'check', 'kitagata', 'need', 'buy', 'coffee', 'tea', 'scoop', 'water', 'geyser', 'cup', 'mix', 'arabic', 'robust', 'coffee', 'tea', 'boil', 'egg', 'simply', 'dip', 'water', 'head', 'game', 'park', 'see', 'big', 'lot', 'ugandas', 'game', 'park', 'wet', 'africa', 'rain', 'distribute', 'throughout', 'year', 'therefore', 'fauna', 'dark', 'colour', 'compare', 'game', 'country', 'phenomenal', 'magnify', 'bird', 'uganda', 'experience', 'geographical', 'season', 'one', 'country', 'day', 'could', 'go', 'eternity', 'still', 'justice', 'beauty', 'uganda', 'cap', 'people', 'theyre', 'welcoming', 'polite', 'easy', 'go', 'friendly', 'whole', 'universe', 'ask', 'churchill', 'rather', 'read', 'book', 'give', 'testimonial', 'anyone', 'doesnt', 'include', 'uganda', 'among', 'country', 'visit', 'person', 'hasnt', 'travel', 'lot']","['uganda', 'nice', 'country', 'bit', 'offer']",['Uganda'],"['France', 'Uganda']"
2021,oEnQkKWOJDQ,[],[],[],[]
2020,oEnQkKWOJDQ,[],[],['Kenya'],[]
2020,oEnQkKWOJDQ,"['would', 'love', 'first', 'lotto']","['first', 'lotto', 'comment', 'send']",[],[]
2021,oEnQkKWOJDQ,"['bear', 'morocco']",[],['Morocco'],[]
2020,oEnQkKWOJDQ,"['morocco', 'one', 'big', 'giant', 'tourist', 'trap', 'like', 'thailand', 'like', 'assembly', 'line', 'tour', 'operator', 'guest', 'service', 'seem', 'perform', 'dead', 'inside', 'youre', 'seek', 'authenticity', 'tell', 'go']","['nice', 'try', 'tho']","['Morocco', 'Thailand']",['France']
2020,oEnQkKWOJDQ,"['morocco', 'one', 'big', 'giant', 'tourist', 'trap', 'like', 'thailand', 'like', 'assembly', 'line', 'tour', 'operator', 'guest', 'service', 'seem', 'perform', 'dead', 'inside', 'youre', 'seek', 'authenticity', 'tell', 'go']","['dont', 'go', 'marrakech', 'tourist', 'go', 'straight', 'marrakesh']","['Morocco', 'Thailand']",[]
2020,oEnQkKWOJDQ,"['morocco', 'one', 'big', 'giant', 'tourist', 'trap', 'like', 'thailand', 'like', 'assembly', 'line', 'tour', 'operator', 'guest', 'service', 'seem', 'perform', 'dead', 'inside', 'youre', 'seek', 'authenticity', 'tell', 'go']","['youll', 'go', 'ultra', 'touristic', 'spot', 'expect', 'authenticity']","['Morocco', 'Thailand']",[]
2020,oEnQkKWOJDQ,"['morocco', 'one', 'big', 'giant', 'tourist', 'trap', 'like', 'thailand', 'like', 'assembly', 'line', 'tour', 'operator', 'guest', 'service', 'seem', 'perform', 'dead', 'inside', 'youre', 'seek', 'authenticity', 'tell', 'go']","['yes', 'call', 'thailand', 'africathere', 'alot', 'prostution']","['Morocco', 'Thailand']",['Thailand']
2020,oEnQkKWOJDQ,"['morocco', 'one', 'big', 'giant', 'tourist', 'trap', 'like', 'thailand', 'like', 'assembly', 'line', 'tour', 'operator', 'guest', 'service', 'seem', 'perform', 'dead', 'inside', 'youre', 'seek', 'authenticity', 'tell', 'go']","['ala_dine', 'mother', 'one']","['Morocco', 'Thailand']",[]
2021,oEnQkKWOJDQ,"['forget', 'zambia', 'home', '7th', 'wonder', 'world', 'mighty', 'victoria', 'fall']","['know', 'big', 'part', 'zimbabwe']",['Zambia'],['Zimbabwe']
2021,oEnQkKWOJDQ,[],[],[],[]
2021,oEnQkKWOJDQ,"['south', 'africa', 'live']",[],[],[]
2021,oEnQkKWOJDQ,"['everyone', 'love', 'morocco']",[],['Morocco'],[]
2021,oEnQkKWOJDQ,[],[],['Morocco'],[]
2021,oEnQkKWOJDQ,"['south', 'africa']",[],[],[]
2021,oEnQkKWOJDQ,[],[],['Namibia'],[]
2020,oEnQkKWOJDQ,[],[],[],[]
2020,oEnQkKWOJDQ,"['would', 'love', 'go', 'africa', 'someday']",[],[],[]
2021,oEnQkKWOJDQ,"['morocco', 'mauritius', 'egypt', 'tunisia', 'algeria', 'rest', 'arent', 'worth', 'risk']","['worth', 'risk']","['Morocco', 'Egypt', 'Mauritius', 'Algeria', 'Tunisia']",[]
2021,oEnQkKWOJDQ,"['morocco', 'mauritius', 'egypt', 'tunisia', 'algeria', 'rest', 'arent', 'worth', 'risk']","['chimpodabananalover', 'leave', 'stupid', 'toad', 'alone']","['Morocco', 'Egypt', 'Mauritius', 'Algeria', 'Tunisia']",[]
2021,oEnQkKWOJDQ,"['morocco', 'mauritius', 'egypt', 'tunisia', 'algeria', 'rest', 'arent', 'worth', 'risk']","['silverare', 'stupid']","['Morocco', 'Egypt', 'Mauritius', 'Algeria', 'Tunisia']",[]
2021,oEnQkKWOJDQ,"['morocco', 'mauritius', 'egypt', 'tunisia', 'algeria', 'rest', 'arent', 'worth', 'risk']",[],"['Morocco', 'Egypt', 'Mauritius', 'Algeria', 'Tunisia']",['Nigeria']
2021,oEnQkKWOJDQ,"['morocco', 'mauritius', 'egypt', 'tunisia', 'algeria', 'rest', 'arent', 'worth', 'risk']","['keep', 'wear', 'mask', 'thats', 'risk', 'tz', 'tz', 'period']","['Morocco', 'Egypt', 'Mauritius', 'Algeria', 'Tunisia']",[]
2021,oEnQkKWOJDQ,"['morocco', 'mauritius', 'egypt', 'tunisia', 'algeria', 'rest', 'arent', 'worth', 'risk']","['kidubg', 'sorry', 'pick', 'country', 'actual', 'thing', 'worth', 'visit', 'less', 'chance', 'get', 'kidnap']","['Morocco', 'Egypt', 'Mauritius', 'Algeria', 'Tunisia']",[]
2021,oEnQkKWOJDQ,"['morocco', 'mauritius', 'egypt', 'tunisia', 'algeria', 'rest', 'arent', 'worth', 'risk']","['die', 'desert']","['Morocco', 'Egypt', 'Mauritius', 'Algeria', 'Tunisia']",[]
2021,oEnQkKWOJDQ,"['morocco', 'mauritius', 'egypt', 'tunisia', 'algeria', 'rest', 'arent', 'worth', 'risk']","['north', 'african', 'country']","['Morocco', 'Egypt', 'Mauritius', 'Algeria', 'Tunisia']",[]
2021,oEnQkKWOJDQ,"['morocco', 'mauritius', 'egypt', 'tunisia', 'algeria', 'rest', 'arent', 'worth', 'risk']",[],"['Morocco', 'Egypt', 'Mauritius', 'Algeria', 'Tunisia']",[]
2021,oEnQkKWOJDQ,"['morocco', 'mauritius', 'egypt', 'tunisia', 'algeria', 'rest', 'arent', 'worth', 'risk']","['seychelles', 'beautiful']","['Morocco', 'Egypt', 'Mauritius', 'Algeria', 'Tunisia']",['Seychelles']
2021,oEnQkKWOJDQ,"['morocco', 'mauritius', 'egypt', 'tunisia', 'algeria', 'rest', 'arent', 'worth', 'risk']","['hahaha', 'leave', 'arab', 'daydreamer', 'alone']","['Morocco', 'Egypt', 'Mauritius', 'Algeria', 'Tunisia']",[]
2020,oEnQkKWOJDQ,"['ive', 'never', 'africa']",['beautiful'],[],[]
2020,oEnQkKWOJDQ,"['ive', 'never', 'africa']","['try', 'visit', 'timeits', 'call', 'motherland', 'reason', 'simply', 'breathtaking']",[],[]
2020,oEnQkKWOJDQ,"['ive', 'never', 'africa']","['need', 'come', 'uganda', 'call', 'pearl', 'africabecause', 'beauty', 'beautiful', 'climate', 'lovely', 'people', 'many', 'tourism', 'attraction', 'sit', 'etc']",[],['Uganda']
2021,oEnQkKWOJDQ,"['live', 'early', 'childhood', 'ghana', 'cant', 'wait', 'visit', 'people', 'kind', 'u', 'love']",[],"['Ghana', 'United States']",[]
2021,oEnQkKWOJDQ,['zambia'],[],['Zambia'],[]
2021,oEnQkKWOJDQ,"['morocco', 'beautiful', 'country', 'world', 'every', 'real', 'sense']",[],['Morocco'],[]
2021,oEnQkKWOJDQ,[],[],[],[]
2020,oEnQkKWOJDQ,"['suppose', 'go', 'egypt', 'march', 'cancel', 'due', 'covid', 'beginning', 'week']",[],['Egypt'],[]
2020,oEnQkKWOJDQ,[],[],[],[]
2020,oEnQkKWOJDQ,[],[],[],[]
2020,oEnQkKWOJDQ,"['else', 'watch', 'video', 'know', 'theyll', 'never', 'go', 'place', 'ever']",[],[],[]
2020,oEnQkKWOJDQ,[],[],['Ethiopia'],[]
2021,oEnQkKWOJDQ,"['proud', 'african', 'woman']","['proud', 'african', 'man']",[],[]
2020,oEnQkKWOJDQ,"['visit', 'egypt', 'avoid', 'sinai', 'peninsula', 'due', 'islamist', 'insurgency']","['south', 'sinai', 'safe', 'fighting', 'concentrate', 'north', 'cost', 'sinai', 'yeah', 'avoid']",['Egypt'],[]
2020,oEnQkKWOJDQ,"['cape', 'verde', 'would', 'like', 'visit', 'country', 'someday']","['beautiful', 'visit', 'santo', 'antao', 'sao', 'vicente']",[],[]
2022,oEnQkKWOJDQ,"['proud', 'moroccan']",[],[],[]
2021,oEnQkKWOJDQ,"['morocco', 'best']",[],['Morocco'],[]
2021,oEnQkKWOJDQ,[],[],['Morocco'],[]
2021,oEnQkKWOJDQ,"['funny', 'people', 'asia', 'europe', 'etc', 'really', 'yearn', 'visit', 'africa', 'yet', 'people', 'africa', 'yearn', 'visit', 'europe']",[],[],[]
2021,oEnQkKWOJDQ,[],[],['Morocco'],[]
2021,oEnQkKWOJDQ,"['kenya', 'best', 'country', 'africa']",[],['Kenya'],[]
2021,oEnQkKWOJDQ,"['sorry', 'cabo', 'verde', 'must', 'see', 'place', 'underrated', 'wont', 'disappoint', 'cv']",[],[],[]
2021,oEnQkKWOJDQ,"['kenya', 'tanzania', 'league', 'know', 'youre', 'say', 'kenya', 'top']",[],['Kenya'],[]
2021,oEnQkKWOJDQ,"['country', 'uganda', 'beautiful']",[],['Uganda'],[]
2021,oEnQkKWOJDQ,"['notice', 'video', 'didnt', 'much', 'talk', 'culture', 'subsaharan', 'africa', 'minus', 'africa', 'hmmm']",[],[],[]
2021,oEnQkKWOJDQ,"['cant', 'see', 'morocco', 'number', 'one', 'lol']",[],['Morocco'],[]
2020,oEnQkKWOJDQ,"['succinct', 'stepgrandfather', 'phylogentically', 'tip', 'asparagus', 'ultrastructually', 'fasten', 'apud', 'aggressive', 'crab', 'nimble', 'smoggy', 'congo']",[],['Congo'],[]
2020,oEnQkKWOJDQ,"['love', 'west', 'africa', 'benin', 'senegal', 'liberia']",[],"['Benin', 'Senegal', 'Liberia']",[]
2020,oEnQkKWOJDQ,"['love', 'west', 'africa', 'benin', 'senegal', 'liberia']","['ethans', 'ghana', 'safe', 'west', 'african', 'country']","['Benin', 'Senegal', 'Liberia']",['Ghana']
2020,oEnQkKWOJDQ,"['love', 'west', 'africa', 'benin', 'senegal', 'liberia']","['beebee', '__', 'one', 'mention', 'arent']","['Benin', 'Senegal', 'Liberia']",[]
2020,oEnQkKWOJDQ,"['love', 'west', 'africa', 'benin', 'senegal', 'liberia']","['list', 'base', 'love', 'nationalism', 'tribalism', 'official', 'number']","['Benin', 'Senegal', 'Liberia']",[]
2020,oEnQkKWOJDQ,"['love', 'west', 'africa', 'benin', 'senegal', 'liberia']",['dusty'],"['Benin', 'Senegal', 'Liberia']",[]
2020,oEnQkKWOJDQ,"['love', 'west', 'africa', 'benin', 'senegal', 'liberia']","['think', 'list', 'go', 'accord', 'visited', 'country', 'africa', 'term', 'tourism', 'suppose', 'country', 'west', 'africa', 'fall', 'top', 'ten', 'however', 'beautiful', 'country']","['Benin', 'Senegal', 'Liberia']",[]
2022,oEnQkKWOJDQ,"['list', 'miss', 'safety', 'u', 'cant', 'travel', 'country', 'ethiopia', 'namibia', 'tanzania', 'even', 'egypt', 'time', 'time', 'danger', 'zone']","['lie', 'namibia', 'tourist', 'kidnap', 'ransom', 'ask', 'namibia', 'stand', 'per', 'tourist', 'report', 'safety', 'tourist', 'connect', 'gps', 'device', 'ensure', 'safety']","['Egypt', 'Namibia', 'Ethiopia']",['Namibia']
2021,oEnQkKWOJDQ,[],"['boko', 'haram', 'herdsman', 'paint', 'gloomy', 'picture']",['Nigeria'],[]
2021,oEnQkKWOJDQ,"['tunisia', 'best', 'country', 'ever', 'unfair', 'rank']",[],['Tunisia'],['Morocco']
2021,oEnQkKWOJDQ,"['put', 'tanzania', 'kenya', 'country', 'offer', 'different', 'park']","['agree', 'kenya', 'lump', 'tanzania', 'unique', 'beauty']",['Kenya'],['Kenya']
2021,oEnQkKWOJDQ,"['know', 'african', 'mountain', 'find', 'ethiopia']","['exactly', 'youre', 'right']",['Ethiopia'],[]
2020,oEnQkKWOJDQ,"['get', 'little', 'video']",[],[],[]
2020,oEnQkKWOJDQ,"['ive', 'mean', 'get', 'africa', 'year', 'ive', 'visit', 'tunisia', 'hopefully', 'next', 'year', 'ill', 'get', 'see']","['come', 'uganda', 'pearl', 'africa']",['Tunisia'],['Uganda']
2020,oEnQkKWOJDQ,[],[],[],[]
2022,oEnQkKWOJDQ,"['doubt', 'egypt', 'morocco', 'list', 'pyramid', 'sick', 'idc', 'overrate', 'say']",[],"['Morocco', 'Egypt']",[]
2021,oEnQkKWOJDQ,[],[],['Namibia'],[]
2021,oEnQkKWOJDQ,"['see', 'sudan', 'also', 'beautiful', 'country', 'ancient', 'civilization', 'time', 'oppress', 'medium']",[],['Sudan'],[]
2021,oEnQkKWOJDQ,[],[],[],[]
2021,oEnQkKWOJDQ,"['come', 'uganda', 'pearl', 'africa', 'experience', 'beauty']",[],['Uganda'],[]
2021,oEnQkKWOJDQ,"['mojotravels', 'cant', 'agree', 'botswana', 'gem', 'back', 'get', 'visit', 'chobe', 'chohbe', 'npone', 'world', 'best', 'place', 'see', 'elephant', 'namibia', 'also', 'home', 'san', 'formerly', 'bushman', 'country']",[],"['Botswana', 'Namibia']",[]
2021,oEnQkKWOJDQ,[],[],['Tunisia'],[]
2021,oEnQkKWOJDQ,[],[],"['Uganda', 'Ghana', 'Senegal']",[]
2021,oEnQkKWOJDQ,"['im', 'leave', 'america', 'move', 'africa']",[],['United States'],[]
2021,oEnQkKWOJDQ,[],[],['Egypt'],[]
2020,oEnQkKWOJDQ,"['excellent', 'put', 'country', 'video', 'love', 'share', 'facebook', 'appreciate', 'much', 'happy', 'thanksgiving', 'ke', 'qin', 'yang']",[],[],[]
2020,oEnQkKWOJDQ,"['country', 'depend', 'heavily', 'tourism', 'let', 'hope', 'africa', 'doesnt', 'get', 'overrunned', 'would', 'like', 'see', 'rwanda']",[],['Rwanda'],[]
2020,oEnQkKWOJDQ,[],[],[],[]
2022,hUD_qH2UUFE,"['lol', 'list', 'doesnt', 'go', 'together', 'title', 'cheap', 'country', 'like', 'moldova', 'belarus', 'bosnia', 'northern', 'cyprus', 'turkey', 'italy', 'totally', 'cheap', 'country']",[],"['Turkey', 'Italy', 'Belarus', 'Cyprus']",[]
2022,hUD_qH2UUFE,"['hungary', 'beautiful']",[],['Hungary'],[]
2022,hUD_qH2UUFE,"['romania', 'actually', 'cheap', 'cheap', 'far', 'cheap', 'plus', 'theres', 'lot', 'see', 'country', 'big', 'travel', 'within', 'cost', 'bucharest', 'cheap', 'also', 'depend', 'youre', 'look']",[],['Romania'],[]
2022,hUD_qH2UUFE,"['wrong', 'albania', 'cheapest', 'beautiful', 'u', 'beach', 'mountain']",[],['Albania'],[]
2022,hUD_qH2UUFE,"['speak', 'english', 'burtogal']","['speak', 'burtoguese']",[],[]
2021,hUD_qH2UUFE,"['good', 'information', 'narration', 'seem', 'quite', 'stilted', 'computer', 'generate']","['hey', 'beth', 'thanks', 'computer', 'generate', 'early', 'voice', 'person', 'like', 'change', 'improve', 'since']",[],[]
2021,hUD_qH2UUFE,"['travel', 'hack', 'book', 'cheapest', 'flight', 'ticket']",[],[],[]
2023,hUD_qH2UUFE,"['sure', 'ukraine', 'still', 'make', 'list']",[],['Ukraine'],[]
2020,PvHEUCSjF_k,[],[],['Indonesia'],[]
2020,PvHEUCSjF_k,"['awesome', 'cant', 'wait', 'travel', 'check', 'country', 'bucket', 'list']",[],[],[]
2020,PvHEUCSjF_k,[],[],['France'],[]
2020,PvHEUCSjF_k,"['thanks', 'lot', 'beautiful', 'video', 'appreciate', 'effort', 'make', 'kind', 'tape']",[],[],[]
2020,PvHEUCSjF_k,"['great', 'information', 'greeting']",[],[],[]
2020,PvHEUCSjF_k,"['morocco', 'germany']",[],"['Morocco', 'Germany']",[]
2020,PvHEUCSjF_k,"['thankyou', 'share', 'recommend']",[],[],[]
2020,PvHEUCSjF_k,[],[],['Indonesia'],[]
2020,T6Zl_DuRvRs,"['dream', 'travel', 'world', 'quarantined']","['find', 'country', 'open', 'already', 'june', 'come', 'visit', 'check']",[],[]
2020,T6Zl_DuRvRs,"['dream', 'travel', 'world', 'quarantined']",[],[],[]
2020,T6Zl_DuRvRs,"['dream', 'travel', 'world', 'quarantined']",[],[],['Nepal']
2020,T6Zl_DuRvRs,"['dream', 'travel', 'world', 'quarantined']","['use', 'yo', 'travel', 'whole', 'universe', 'dream']",[],[]
2019,T6Zl_DuRvRs,"['heaven', 'earth', 'pakistan']","['guess', 'one', 'want', 'visit', 'pakistan', 'think', 'pakistan', 'terrorist', 'safe', 'heaven', 'taliban', 'isi', 'ruling']",['Pakistan'],['Pakistan']
2019,T6Zl_DuRvRs,"['heaven', 'earth', 'pakistan']","['hell', 'hell', 'ive', 'live', 'pakistan', 'whole', 'life', 'hate', 'hate', 'cant', 'wait', 'leave']",['Pakistan'],['Pakistan']
2019,T6Zl_DuRvRs,"['heaven', 'earth', 'pakistan']",[],['Pakistan'],['Pakistan']
2019,T6Zl_DuRvRs,"['heaven', 'earth', 'pakistan']","['ba_3222', 'tu', 'nationality', 'chor', 'de', 'kush', 'reh']",['Pakistan'],[]
2019,T6Zl_DuRvRs,"['heaven', 'earth', 'pakistan']","['zeeshan', '_101_', 'thats', 'plan', 'wait', 'imran', 'khan', 'fix', 'pakistan']",['Pakistan'],['Pakistan']
2019,T6Zl_DuRvRs,"['heaven', 'earth', 'pakistan']","['ahsanalizardari', 'sr', 'name', 'enough', 'proof', 'hate', 'pakistan']",['Pakistan'],['Pakistan']
2019,T6Zl_DuRvRs,"['heaven', 'earth', 'pakistan']","['hamzawakyl', 'live', 'lahore', 'lol']",['Pakistan'],['Pakistan']
2019,T6Zl_DuRvRs,"['heaven', 'earth', 'pakistan']","['friend', 'visit', 'hat', 'weird', 'look', 'attitude', 'towards', 'backpacker', 'come', 'near', 'future']",['Pakistan'],[]
2020,T6Zl_DuRvRs,"['top', 'country', 'visit', 'coronavirus', 'allow', 'introduce']",[],[],[]
2019,T6Zl_DuRvRs,"['pakistan', 'best', 'choice']",[],['Pakistan'],[]
2019,T6Zl_DuRvRs,"['pakistan', 'best', 'choice']","['travel', 'dont', 'buy', 'stuff', 'bad', 'place']",['Pakistan'],[]
2019,T6Zl_DuRvRs,"['pakistan', 'best', 'choice']","['travel', 'dont', 'buy', 'stuff', 'cuz', 'indians', 'unfortunately', 'nature', 'allow', 'u', 'like']",['Pakistan'],['United States']
2020,T6Zl_DuRvRs,"['love', 'visit', 'gorgeous', 'beach', 'mountains', 'historical', 'place', 'wanna', 'see', 'cool', 'elephant', 'leopard', 'delicious', 'food', 'must', 'visit', 'srilanka', 'pearl', 'indian', 'ocean']","['sri', 'lankan', 'food', 'world', 'tasty', 'food']",[],['Sri Lanka']
2020,T6Zl_DuRvRs,"['love', 'visit', 'gorgeous', 'beach', 'mountains', 'historical', 'place', 'wanna', 'see', 'cool', 'elephant', 'leopard', 'delicious', 'food', 'must', 'visit', 'srilanka', 'pearl', 'indian', 'ocean']","['catsy', 'yes']",[],[]
2019,T6Zl_DuRvRs,[],[],['Pakistan'],[]
2019,T6Zl_DuRvRs,[],"['life', 'mean', 'country', 'one', 'best']",['Pakistan'],[]
2019,T6Zl_DuRvRs,[],[],['Pakistan'],[]
2019,T6Zl_DuRvRs,[],"['hound', 'x', 'dickhead', 'haha']",['Pakistan'],[]
2019,T6Zl_DuRvRs,[],"['houndx', 'hate', 'literally', 'name', 'world', 'best', 'travel', 'destination', 'world', 'main', 'tourism', 'organization']",['Pakistan'],[]
2019,T6Zl_DuRvRs,"['welcome', 'visit', 'nepal']",[],['Nepal'],[]
2020,T6Zl_DuRvRs,"['hey', 'bro', 'pakistan', 'heaven', 'earth']",[],['Pakistan'],[]
2019,T6Zl_DuRvRs,"['pakistan', 'first', 'one']",[],['Pakistan'],[]
2019,T6Zl_DuRvRs,"['sustainably', 'key', 'please', 'travel', 'responsible', 'dont', 'take', 'nature', 'grant']",[],[],[]
2019,T6Zl_DuRvRs,[],[],['Pakistan'],[]
2019,T6Zl_DuRvRs,"['wow', 'country', 'place', 'top', 'feeling', 'hav', 'amazingthank', 'u', 'lonely', 'planet', 'honour']","['dude', 'literally', 'think', 'nepali']",[],[]
2019,T6Zl_DuRvRs,"['wow', 'country', 'place', 'top', 'feeling', 'hav', 'amazingthank', 'u', 'lonely', 'planet', 'honour']","['anushapote', 'probably', 'lot', 'nepal', 'also', 'live', 'bhutan']",[],['Bhutan']
2020,T6Zl_DuRvRs,"['honestly', 'pakistan', 'need', 'clean', 'please', 'love', 'pakistan']","['government', 'responsibility', 'people', 'cant', 'everywhere']",['Pakistan'],[]
2019,T6Zl_DuRvRs,[],[],[],[]
2019,T6Zl_DuRvRs,"['eswatini', 'wow', 'good', 'see', 'country', 'come', 'experience', 'peace', 'tranquility', 'best', 'naturally', 'beautiful']",[],['Eswatini'],[]
2020,T6Zl_DuRvRs,"['list', 'truepakistan', 'number', 'ranking', 'tourism', 'bro']",[],['Pakistan'],['Pakistan']
2020,T6Zl_DuRvRs,"['list', 'truepakistan', 'number', 'ranking', 'tourism', 'bro']",[],['Pakistan'],[]
2020,T6Zl_DuRvRs,"['list', 'truepakistan', 'number', 'ranking', 'tourism', 'bro']",[],['Pakistan'],"['Pakistan', 'India']"
2020,T6Zl_DuRvRs,"['list', 'truepakistan', 'number', 'ranking', 'tourism', 'bro']",[],['Pakistan'],[]
2020,T6Zl_DuRvRs,"['list', 'truepakistan', 'number', 'ranking', 'tourism', 'bro']","['sacrifice', 'life', 'pakistan', 'also', 'dont', 'think', '3rd', 'tourism']",['Pakistan'],['Pakistan']
2020,T6Zl_DuRvRs,"['list', 'truepakistan', 'number', 'ranking', 'tourism', 'bro']",[],['Pakistan'],[]
2020,T6Zl_DuRvRs,"['list', 'truepakistan', 'number', 'ranking', 'tourism', 'bro']","['j_w_b', '2o24', 'name', 'no1', 'travel', 'destination']",['Pakistan'],[]
2019,T6Zl_DuRvRs,"['bhutan', 'england', 'north', 'macedonia', 'aruba', 'swaziland', 'costa', 'rica', 'netherlands', 'liberia', 'morocco', 'uruguay']","['shaniel', 'sean', 'galili', 'swaziland', 'africa', 'switzerland']","['Morocco', 'Bhutan', 'United Kingdom', 'Liberia', 'Aruba', 'Netherlands', 'Uruguay']",['Switzerland']
2019,T6Zl_DuRvRs,"['bhutan', 'england', 'north', 'macedonia', 'aruba', 'swaziland', 'costa', 'rica', 'netherlands', 'liberia', 'morocco', 'uruguay']","['bhutan', 'favorite', 'place']","['Morocco', 'Bhutan', 'United Kingdom', 'Liberia', 'Aruba', 'Netherlands', 'Uruguay']",['Bhutan']
2019,T6Zl_DuRvRs,"['yes', 'england', 'favorite']",[],['United Kingdom'],[]
2020,T6Zl_DuRvRs,"['surprise', 'see', 'country', 'england', 'high', 'list']",[],['United Kingdom'],[]
2020,T6Zl_DuRvRs,"['surprise', 'see', 'country', 'england', 'high', 'list']","['know', 'im', 'scotland', 'family', 'english', 'feel', 'bit', 'say', 'since', 'go', 'time', 'year']",['United Kingdom'],['United Kingdom']
2019,T6Zl_DuRvRs,[],[],[],[]
2020,T6Zl_DuRvRs,"['top', 'ten', 'place', 'earth', 'worth', 'visit', 'kitchen', 'bathroom', 'livingroom']",[],[],[]
2020,T6Zl_DuRvRs,"['video', 'best', 'country', 'visit', 'corona', 'virus', 'joke', 'u']",[],[],[]
2020,T6Zl_DuRvRs,"['nepal', 'also', 'much', 'beautiful']",[],['Nepal'],[]
2020,T6Zl_DuRvRs,"['would', 'say', 'pakistan', 'specially', 'northern', 'area']",[],['Pakistan'],[]
2019,T6Zl_DuRvRs,"['england', 'really', 'much', 'money', 'pay', 'lonely', 'planet', 'promote', 'country']",[],['United Kingdom'],[]
2020,T6Zl_DuRvRs,"['god', 'video', 'cant', 'real', 'anyone', 'forget', 'pakistan', 'think', 'top', 'country', 'oof']",['bad'],['Pakistan'],[]
2020,T6Zl_DuRvRs,"['god', 'video', 'cant', 'real', 'anyone', 'forget', 'pakistan', 'think', 'top', 'country', 'oof']",[],['Pakistan'],[]
2019,T6Zl_DuRvRs,"['accordingly', 'news', 'britain', 'second', 'best', 'country', 'visit', 'world', 'wow', 'factor', 'timeless', 'treasure', 'worksif', 'u', 'tell', 'italy', 'greecefrance', 'croatiaspainand', 'thats', 'europe', 'would', 'understand', 'britainwhat', 'jokemind', 'u', 'australian', 'company', 'help', 'friendly', 'country', 'darknessit', 'make', 'sense']","['inclusion', 'england', 'strange']","['Spain', 'Italy', 'France', 'Greece', 'Croatia']",['United Kingdom']
2020,T6Zl_DuRvRs,[],[],[],[]
2020,T6Zl_DuRvRs,[],[],['Pakistan'],[]
2020,T6Zl_DuRvRs,"['pakistan', 'joy', 'delicious', 'food', 'visit', 'go', 'cool', 'ride']",[],['Pakistan'],[]
2020,T6Zl_DuRvRs,"['pakistan', 'beautiful']","['doubt', 'one', 'beautiful', 'country', 'people', 'kind', 'help', 'north', 'pakistan', 'top', 'world', 'stay', 'bless', 'pakistan', 'much', 'love', 'switzerland']",['Pakistan'],"['Pakistan', 'Switzerland']"
2020,T6Zl_DuRvRs,"['pakistan', 'beautiful']","['1lovetiger', 'thank', 'mean', 'lot', 'people', 'comment', 'country', 'especially', 'since', 'people', 'start', 'avoid', 'due', 'rise', 'terrorismthreat', 'go']",['Pakistan'],[]
2020,T6Zl_DuRvRs,"['pakistan', 'beautiful']","['assgrabber', 'hey', 'u', 'yezz', 'pakistan', 'best', 'even', 'though', 'india', 'love', 'pakistan', 'christian', 'pakistan', 'beauty', 'queen']",['Pakistan'],"['Pakistan', 'India']"
2020,T6Zl_DuRvRs,"['pakistan', 'beautiful']","['agnesferiah', 'uhhmmm', 'thank', 'kind', 'word', 'quite', 'well', 'good', 'luck', 'india', 'covid', 'problem', 'thank']",['Pakistan'],['India']
2019,T6Zl_DuRvRs,[],"['deen', 'gamage', 'country', 'wide', 'bomb', 'yr', 'probs', 'isnt']",['Sri Lanka'],[]
2019,T6Zl_DuRvRs,[],"['wickedchicken', 'sri', 'lanka', 'safe']",['Sri Lanka'],['Sri Lanka']
2019,T6Zl_DuRvRs,"['norwegian', 'danish', 'girl', 'would', 'think', 'twice', 'go', 'marocco']","['anibal_bastian', 'bro', 'morocco', 'safe', 'country', 'believe', 'nice', 'people', 'thing', 'happend', 'poor', 'girl', 'happend', 'every', 'word', 'bastard']",[],"['France', 'Morocco']"
2019,T6Zl_DuRvRs,"['norwegian', 'danish', 'girl', 'would', 'think', 'twice', 'go', 'marocco']","['know', 'terrorist', 'attack', 'plan', 'guy', 'switzerland', 'doesnt', 'happen', 'morocco', 'mean', 'die', 'even', 'go', 'another', 'planet', 'bad', 'even', 'religious', 'christian']",[],"['Morocco', 'Switzerland']"
2020,T6Zl_DuRvRs,"['think', 'edit', 'title', 'quarantinelife']",[],[],[]
2020,T6Zl_DuRvRs,"['without', 'pakistan', 'list', 'isnt', 'trusty', 'enough']","['kid', 'one', 'go', 'pakistan', 'shit', 'isi', 'country']",['Pakistan'],['Pakistan']
2019,T6Zl_DuRvRs,"['pakistan', 'best', 'country', 'adventure', 'r', 'enjoyment']","['ye', 'ofcourse']",['Pakistan'],[]
2019,T6Zl_DuRvRs,"['marocco', 'worthy', 'ask', 'dead', 'danish', 'girl']","['seriously', 'safe', 'country', 'world', 'plan', 'terrorist', 'attack', 'fucking', 'guy', 'switzerland', 'even', 'moroccan', 'hit', 'tourism', 'country', 'fail', 'morocco', 'slay']",[],"['Morocco', 'Switzerland']"
2020,T6Zl_DuRvRs,"['would', 'border', 'live', 'close', 'july']",[],[],[]
2020,T6Zl_DuRvRs,"['forget', 'greece', 'finland']",[],"['Finland', 'Greece']",[]
2020,T6Zl_DuRvRs,"['philippine', 'need', 'number', 'exotic', 'animal', 'dive', 'course', 'along', 'best', 'beach', 'world', 'big', 'amazing', 'mall', 'beautiful', 'nature', 'available', 'along', 'philippine', 'eat', 'food', 'around', 'world', 'include', 'classic', 'filipino', 'food', 'lechon', 'turon', 'adobo', 'longanisa', 'meet', 'wonderful', 'friendly', 'people', 'visit', 'cool', 'museum', 'excellent', 'amusement', 'park', 'terrific', 'underwater', 'museum', 'travel', 'active', 'volcano', 'popular', 'taal', 'volcano', 'mountain', 'city', 'baguio', 'know', 'summer', 'capital', 'philippine', 'botanical', 'garden', 'park', 'boat', 'ride', 'much', 'see', 'manila', 'inspire', 'park', 'firework', 'colour', 'dancing', 'water', 'experience', 'old', 'philippine', 'country', 'intramuros', 'stunning', 'vigan', 'city', 'learn', 'tagalog', 'language', 'philippine', 'shop', 'local', 'market', 'try', 'unique', 'fast', 'food', 'chain', 'jollibee', 'come', 'strong', 'country', 'usa', 'england', 'offer', 'big', 'variety', 'food', 'try', 'many', 'buffet', 'place', 'spread', 'across', 'philippine']",[],"['Philippines', 'United Kingdom', 'United States']",[]
2020,T6Zl_DuRvRs,[],[],['Morocco'],[]
2020,T6Zl_DuRvRs,"['im', 'laugh', 'cuz', 'dont', 'put', 'philippinesor', 'even', 'thailandwtf', 'search', 'philippine']",[],"['Philippines', 'Thailand']",[]
2020,T6Zl_DuRvRs,[],[],['Sri Lanka'],[]
2020,T6Zl_DuRvRs,"['eswatini', 'definitely', 'worth']",[],['Eswatini'],[]
2020,T6Zl_DuRvRs,[],[],['Pakistan'],[]
2019,T6Zl_DuRvRs,[],[],[],[]
2019,T6Zl_DuRvRs,"['could', 'leave', 'politics', 'travel', 'social', 'policy', 'reason', 'visit', 'traveler']",[],[],[]
2021,T6Zl_DuRvRs,"['whoohoo', 'swaziland', 'eswatini', 'kinda', 'hop', 'remain', 'hidden', 'longer', 'anyways', 'youre', 'welcome', 'beautiful', 'little', 'kingdom']",[],['Eswatini'],[]
2020,T6Zl_DuRvRs,"['remember', 'pakistan', 'top', 'time', 'uncomplete', 'list', 'without', 'pakistan']",[],['Pakistan'],[]
2019,T6Zl_DuRvRs,"['morocco', 'litterly', 'jawdropping', 'country']","['head', 'drop', 'scandinavian', 'girl']",['Morocco'],[]
2021,T6Zl_DuRvRs,[],[],['Jamaica'],[]
2020,T6Zl_DuRvRs,"['england', 'best']",[],['United Kingdom'],[]
2020,T6Zl_DuRvRs,"['stupid', 'video', 'must', 'never', 'think', 'pandemic', 'poor', 'guy']",[],[],[]
2020,T6Zl_DuRvRs,"['travel', 'phillipines', 'super', 'good']",[],[],[]
2020,T6Zl_DuRvRs,[],[],['Morocco'],[]
2020,T6Zl_DuRvRs,"['netherlands', 'one', 'favorite', 'country', 'world', 'live', 'costa', 'rica', 'year', 'macedonia', 'balkan', 'also', 'underrated', 'aruba', 'high', 'bucketlist', 'anyone', 'interested', 'place', 'open', 'tourism', 'video', 'country', 'open', 'pandemic', 'want', 'check']",[],"['Aruba', 'Netherlands']",[]
2020,T6Zl_DuRvRs,[],[],['Sri Lanka'],[]
2020,T6Zl_DuRvRs,"['cant', 'go', 'country', 'corona']",[],[],[]
2020,T6Zl_DuRvRs,"['pakistan', 'best', 'place', 'visit', 'heaven', 'earth']",[],['Pakistan'],[]
2020,T6Zl_DuRvRs,"['pakistan', 'false', 'information']",[],['Pakistan'],[]
2020,T6Zl_DuRvRs,"['pakistan', 'list']",[],['Pakistan'],[]
2020,T6Zl_DuRvRs,"['hello', 'please', 'visit', 'paradise', 'srilanka']",[],[],[]
2019,T6Zl_DuRvRs,"['search', 'google', 'pakistan', 'number', 'one', 'rank', 'country', 'visit']",[],['Pakistan'],[]
2020,T6Zl_DuRvRs,"['excited', 'travel', 'year']","['travel', 'dont', 'buy', 'stuff', 'im', 'finally', 'return', 'europe', 'year', 'absolutely', 'cannot', 'wait', 'travel', 'something', 'im', 'privilege', 'extremely', 'grateful']",[],[]
2020,T6Zl_DuRvRs,"['excited', 'travel', 'year']","['tmeganxx', 'also', 'visit', 'pakistan', 'best', 'travel', 'destination', 'pakistan', 'heaven', 'earth', 'combination', 'place', 'mention', 'video', 'welcome', 'pakistan', 'brobe', 'guest']",[],['Pakistan']
2020,T6Zl_DuRvRs,"['excited', 'travel', 'year']","['hamza', 'dada', 'hopefully', 'one', 'day', 'family', 'actually', 'pakistani', 'chinese', 'itd', 'pretty', 'cool', 'visit']",[],[]
2020,T6Zl_DuRvRs,"['excited', 'travel', 'year']","['tmeganxx', 'sure', 'anytime', 'welcome', 'ur', 'fam', 'pakistani', 'u', 'live', 'broin', 'china']",[],['China']
2020,T6Zl_DuRvRs,"['excited', 'travel', 'year']",[],[],['Canada']
2020,T6Zl_DuRvRs,"['excited', 'travel', 'year']","['tmeganxx', 'covid', 'introduce', 'hisself', 'travel', 'plan']",[],[]
2020,T6Zl_DuRvRs,"['excited', 'travel', 'year']","['de', 'wissel', 'speler', 'lol', 'ya', 'im', 'love', 'plan', 'rn']",[],[]
2020,T6Zl_DuRvRs,"['people', 'dream', 'travel', 'world', 'covid', 'oh', 'u', 'think', 'ur', 'go', 'u', 'stay', 'home', 'explore', 'world']",[],[],[]
2020,T6Zl_DuRvRs,"['people', 'dream', 'travel', 'world', 'covid', 'oh', 'u', 'think', 'ur', 'go', 'u', 'stay', 'home', 'explore', 'world']",[],[],[]
2020,T6Zl_DuRvRs,"['people', 'dream', 'travel', 'world', 'covid', 'oh', 'u', 'think', 'ur', 'go', 'u', 'stay', 'home', 'explore', 'world']",[],[],[]
2020,T6Zl_DuRvRs,"['england', 'rly']","['yes', 'whats', 'problem', 'england']",['United Kingdom'],['United Kingdom']
2020,T6Zl_DuRvRs,"['england', 'rly']","['meme', 'make', 'oof', 'england', 'live']",['United Kingdom'],['United Kingdom']
2020,T6Zl_DuRvRs,"['england', 'rly']","['asui', 'england', 'beautiful', 'everywhere', 'unfortunately', 'guess', 'like', 'country']",['United Kingdom'],['United Kingdom']
2020,T6Zl_DuRvRs,"['opinion', 'please', 'watch', 'least', 'onetime', 'pakistan', 'video', 'land', 'hospitality']","['land', 'terrorist']",['Pakistan'],[]
2020,T6Zl_DuRvRs,[],"['shakti', 'sharma', 'im', 'sure', 'people', 'live', 'dead']",['Liberia'],[]
2020,T6Zl_DuRvRs,[],[],[],[]
2019,T6Zl_DuRvRs,"['certainly', 'make', 'bhutan', 'interest', 'isnt', 'country', 'like', 'package', 'tour', 'kinda', 'hear', 'something', 'like', 'nepal', 'might', 'good', 'option', 'great', 'video', 'morocco', 'must', 'classic']","['umm', 'true', 'bro', 'nepal', 'beautiful', 'without', 'makeup']","['Morocco', 'Bhutan', 'Nepal']",['Nepal']
2024,T6Zl_DuRvRs,"['visit', 'county', 'definitely', 'recommend', 'eswatini', 'macedonia', 'cost', 'rica', 'netherlands']",[],"['Netherlands', 'Eswatini']",[]
2021,T6Zl_DuRvRs,"['english', 'class']",[],[],[]
2021,T6Zl_DuRvRs,"['say', 'aruba', 'overseas', 'territory', 'netherlands', 'however', 'concur', 'beautiful']",[],"['Netherlands', 'Aruba']",[]
2021,T6Zl_DuRvRs,"['amaze', 'video', 'dear', 'love', 'please', 'also', 'check', 'travel', 'johnson', 'david']",[],[],[]
2020,T6Zl_DuRvRs,"['eswatini', 'electronic', 'version', 'swatini', 'bye']",[],[],[]
2020,T6Zl_DuRvRs,"['nepal', 'isnt']",[],['Nepal'],[]
2020,T6Zl_DuRvRs,"['nepal', 'himalayan', 'country']",[],['Nepal'],[]
2020,T6Zl_DuRvRs,"['tuvalu', 'case', 'close', 'border', 'exact', 'time', 'lucky']",[],['Tuvalu'],[]
2020,T6Zl_DuRvRs,"['one', 'hundred', 'percent', 'russia', 'large', 'beautiful', 'country', 'world']",[],['Russian Federation'],[]
2020,T6Zl_DuRvRs,"['egypt', 'best', 'country', 'visit']",[],['Egypt'],[]
2020,T6Zl_DuRvRs,"['assume', 'youre', 'already', 'country']",[],[],[]
2020,T6Zl_DuRvRs,[],[],[],[]
2020,T6Zl_DuRvRs,[],[],['Pakistan'],[]
2020,T6Zl_DuRvRs,"['human', 'let', 'travel', 'corona', 'even', 'give', 'change']",[],[],[]
2020,T6Zl_DuRvRs,"['add', 'nepal', 'bucket', 'list']",[],['Nepal'],[]
2020,T6Zl_DuRvRs,"['yep', 'video', 'definitely', 'make']",[],[],[]
2020,T6Zl_DuRvRs,"['plan', 'split', 'slither']",[],[],[]
2020,T6Zl_DuRvRs,"['indonesia', 'high', 'biodiversity', 'word', 'island', 'exotic', 'animal', 'endemic', 'like', 'komodobird', 'paradisediversity', 'local', 'languange', 'languageculture', 'kind', 'tradisional', 'danceand', 'mountain', 'volcanonational', 'park', 'enough', 'week', 'trip', 'paradise', 'indonesia']",[],['Indonesia'],[]
2020,T6Zl_DuRvRs,"['kashmir', 'become', 'independent', 'country', 'doubt', 'kashmir', 'become', 'tourist', 'attractive', 'place']",[],[],[]
2020,T6Zl_DuRvRs,"['ok', 'france', 'visited', 'country', 'world', 'follow', 'spain', 'dont', 'put', 'right', 'hahaha', 'youre', 'smoke', 'dealer', 'idea']",[],"['France', 'Spain']",[]
2020,T6Zl_DuRvRs,"['nice', 'video', 'check', 'beautiful', 'video', 'montenegro']",[],"['France', 'Montenegro']",[]
2020,T6Zl_DuRvRs,"['bet', 'corona', 'change', 'plan']",[],[],[]
2020,T6Zl_DuRvRs,"['omg', 'list', 'inclouded', 'egypt', 'itali']",[],['Egypt'],[]
2020,T6Zl_DuRvRs,"['umm', 'dont', 'care', 'people', 'safety', 'corona', 'virus']",[],[],[]
2020,T6Zl_DuRvRs,"['avoid', 'catch', 'yet', 'another', 'virus', 'tourism', 'offically', 'dead', 'normal', 'influenza', 'kill', 'people', 'per', 'day', 'problemo', 'covid', 'kill', 'people', 'per', 'day', 'big', 'problem', 'finally', 'zombie', 'apocalypse', 'everyone', 'wait']",[],[],[]
2020,T6Zl_DuRvRs,"['come', 'good', 'list']",[],[],[]
2020,T6Zl_DuRvRs,[],[],['Liberia'],[]
2020,T6Zl_DuRvRs,[],[],['Pakistan'],[]
2020,T6Zl_DuRvRs,"['latín', 'américa', 'best', 'country', 'live', 'visit', 'uruguay', 'geography', 'history', 'air', 'weather', 'time', 'nature', 'security', 'people', 'food', 'sport', 'culture', 'beach', 'montevideo', 'punta', 'del', 'este', 'place', 'famous', 'uruguaythese', 'web', 'site', 'fantastics', 'see']",[],['Uruguay'],[]
2019,pu3zAvoBg3c,"['congratulation', 'country', 'bhutan']","['breathe', 'bhutan', 'oh', 'yeah', 'look', 'super']",['Bhutan'],['Bhutan']
2019,pu3zAvoBg3c,[],[],['Nepal'],[]
2019,pu3zAvoBg3c,"['love', 'country', 'bhutan']",[],['Bhutan'],[]
2019,pu3zAvoBg3c,"['proud', 'bhutan']",[],['Bhutan'],[]
2019,pu3zAvoBg3c,"['surprised', 'cuz', 'know', 'bhutan', 'always', 'toppeace', 'bhutan', 'happy', 'bhutan']",[],['Bhutan'],[]
2019,pu3zAvoBg3c,"['couldnt', 'prouder']",[],[],[]
2019,pu3zAvoBg3c,[],[],[],[]
2020,pu3zAvoBg3c,"['never', 'trust', 'lonely', 'planet', 'kill', 'u', 'guarantee', 'site', 'world', 'tell', 'u', 'take', 'every', 'thing', 'u', 'travel', 'dont', 'believe', 'one', 'word', 'come', 'cunt', 'web', 'site', 'u', 'even', 'thing', 'tell', 'u', 'u', 'get', 'poison', 'ur', 'body', 'cunt', 'put', 'murder', 'charge', 'cause', 'thats', 'u', 'u', 'listen', 'every', 'body', 'stay', 'away', 'business', 'never', 'trust', 'ur', 'family', 'yr', 'life', 'depend']",[],[],[]
2019,pu3zAvoBg3c,"['agile', 'bhutan', 'travel', 'top', 'lead', 'tour', 'operator', 'bhutan', 'asia', 'book', 'tour', 'website', 'email', 'agilebhutantravelsgmailcom', 'whatsapp']",[],['Bhutan'],[]
2019,pu3zAvoBg3c,[],[],['Nepal'],[]
2019,pu3zAvoBg3c,[],[],['Nepal'],[]
2018,H5AKiNWZ8ss,"['nice', 'country', 'beautiful', 'picture', 'thumb', 'thank', 'friend']",[],['France'],[]
2020,AV84NxpPW4E,[],[],[],[]
2020,AV84NxpPW4E,[],[],[],[]
2020,AV84NxpPW4E,"['wow', 'nice', 'thanks', 'hard', 'working']",[],['France'],[]
2020,AV84NxpPW4E,[],[],['France'],[]
2020,UWKhvzdnctY,"['keep', 'inspiration', 'roll', 'obviously', 'shouldnt', 'visit', 'country', 'moment', 'wait', 'good', 'time', 'enjoy', 'video']","['love', 'video', 'make', 'top', 'country', 'visit', 'europe', 'next']",[],[]
2020,UWKhvzdnctY,"['keep', 'inspiration', 'roll', 'obviously', 'shouldnt', 'visit', 'country', 'moment', 'wait', 'good', 'time', 'enjoy', 'video']","['guy', 'mean', 'country']",[],[]
2020,UWKhvzdnctY,"['keep', 'inspiration', 'roll', 'obviously', 'shouldnt', 'visit', 'country', 'moment', 'wait', 'good', 'time', 'enjoy', 'video']",[],[],[]
2020,UWKhvzdnctY,"['keep', 'inspiration', 'roll', 'obviously', 'shouldnt', 'visit', 'country', 'moment', 'wait', 'good', 'time', 'enjoy', 'video']","['visit', 'pakistani', 'northern', 'areasislamabadgilgatwhere', 'worlds', 'one', 'cold', 'desert', 'locatedkelash', 'valley', 'world', 'historical', 'cultural', 'valleyk', 'world', 'high', 'mountain']",[],['Pakistan']
2020,UWKhvzdnctY,"['keep', 'inspiration', 'roll', 'obviously', 'shouldnt', 'visit', 'country', 'moment', 'wait', 'good', 'time', 'enjoy', 'video']",[],[],[]
2020,UWKhvzdnctY,"['keep', 'inspiration', 'roll', 'obviously', 'shouldnt', 'visit', 'country', 'moment', 'wait', 'good', 'time', 'enjoy', 'video']","['thank', 'top', 'country', 'asia', 'thats', 'favorite', 'continent']",[],[]
2020,UWKhvzdnctY,"['keep', 'inspiration', 'roll', 'obviously', 'shouldnt', 'visit', 'country', 'moment', 'wait', 'good', 'time', 'enjoy', 'video']","['world', 'second', 'mountain', 'k2', 'pakistan']",[],['Pakistan']
2020,UWKhvzdnctY,"['keep', 'inspiration', 'roll', 'obviously', 'shouldnt', 'visit', 'country', 'moment', 'wait', 'good', 'time', 'enjoy', 'video']","['music', 'use', 'amaze']",[],[]
2020,UWKhvzdnctY,"['keep', 'inspiration', 'roll', 'obviously', 'shouldnt', 'visit', 'country', 'moment', 'wait', 'good', 'time', 'enjoy', 'video']","['add', 'meghalaya', 'india', 'heavy', 'rainfall', 'wet', 'place', 'earth']",[],['India']
2020,UWKhvzdnctY,"['keep', 'inspiration', 'roll', 'obviously', 'shouldnt', 'visit', 'country', 'moment', 'wait', 'good', 'time', 'enjoy', 'video']",[],[],['Singapore']
2020,UWKhvzdnctY,"['keep', 'inspiration', 'roll', 'obviously', 'shouldnt', 'visit', 'country', 'moment', 'wait', 'good', 'time', 'enjoy', 'video']","['thailand', 'cant', 'speak', 'english', 'hard', 'coomunicate', 'philippine', 'people', 'good', 'english', 'majority', 'people', 'speak', 'english', 'well']",[],"['Philippines', 'Thailand']"
2020,UWKhvzdnctY,"['keep', 'inspiration', 'roll', 'obviously', 'shouldnt', 'visit', 'country', 'moment', 'wait', 'good', 'time', 'enjoy', 'video']",['russia'],[],['Russian Federation']
2020,UWKhvzdnctY,"['keep', 'inspiration', 'roll', 'obviously', 'shouldnt', 'visit', 'country', 'moment', 'wait', 'good', 'time', 'enjoy', 'video']","['daniortiz', 'thats', 'favorite', 'country']",[],[]
2020,UWKhvzdnctY,"['keep', 'inspiration', 'roll', 'obviously', 'shouldnt', 'visit', 'country', 'moment', 'wait', 'good', 'time', 'enjoy', 'video']","['isnt', 'place', 'iran', 'among', 'country', 'worth', 'visit', 'country', 'old', 'civilization', 'large', 'empire', 'world', 'diverse', 'nature', 'earth', 'desert', 'dense', 'forest', 'high', 'exceptional', 'mountain', 'ancient', 'palace', 'castle', 'historical', 'cultural', 'center', 'kind', 'people', 'culture', 'hospitality', 'total', 'ten', 'percent', 'world', 'tourist', 'center', 'isnt', 'worth', 'see', 'everyone', 'know', 'political', 'reason', 'name', 'iran', 'must', 'ignore', '40year', 'history', 'islamic', 'republic', '7000year', 'history', 'ancient', 'civilized', 'country', 'video', 'hurt', 'heart', 'iranian', 'people', 'also', 'heart', 'anyone', 'least', 'information', 'beautiful', 'country']",[],[]
2020,UWKhvzdnctY,"['keep', 'inspiration', 'roll', 'obviously', 'shouldnt', 'visit', 'country', 'moment', 'wait', 'good', 'time', 'enjoy', 'video']","['nmsland', 'east', 'asia', 'people', 'live', 'get', 'salary', 'cent']",[],[]
2020,UWKhvzdnctY,"['keep', 'inspiration', 'roll', 'obviously', 'shouldnt', 'visit', 'country', 'moment', 'wait', 'good', 'time', 'enjoy', 'video']","['agree', 'country', 'indonesia', 'huge', 'country', 'wich', 'keep', 'unrevealed', 'natural', 'tourism', 'part', 'east', 'java', 'province', 'living', 'several', 'natural', 'waterfall', 'white', 'sand', 'beach', 'ancient', 'ceremonial', 'tradition', 'beside', 'famous', 'bromo', 'crater', 'blue', 'fire', 'ijen', 'crater', 'sadly', 'today', 'theyre', 'close', 'lock', 'dangerous', 'covid']",[],['Indonesia']
2020,UWKhvzdnctY,"['keep', 'inspiration', 'roll', 'obviously', 'shouldnt', 'visit', 'country', 'moment', 'wait', 'good', 'time', 'enjoy', 'video']","['sri', 'lanka', 'favourite', 'country', 'love']",[],['Sri Lanka']
2020,UWKhvzdnctY,"['keep', 'inspiration', 'roll', 'obviously', 'shouldnt', 'visit', 'country', 'moment', 'wait', 'good', 'time', 'enjoy', 'video']","['dear', 'well', 'time', 'please', 'hurry', 'back', 'keen', 'keep', 'travelling', 'make', 'travel', 'video']",[],[]
2020,UWKhvzdnctY,"['keep', 'inspiration', 'roll', 'obviously', 'shouldnt', 'visit', 'country', 'moment', 'wait', 'good', 'time', 'enjoy', 'video']",[],[],['Indonesia']
2020,UWKhvzdnctY,"['keep', 'inspiration', 'roll', 'obviously', 'shouldnt', 'visit', 'country', 'moment', 'wait', 'good', 'time', 'enjoy', 'video']","['wait', 'turkey', 'literally', 'asia', 'europe']",[],['Turkey']
2020,UWKhvzdnctY,"['keep', 'inspiration', 'roll', 'obviously', 'shouldnt', 'visit', 'country', 'moment', 'wait', 'good', 'time', 'enjoy', 'video']","['lao', 'list']",[],[]
2020,UWKhvzdnctY,"['keep', 'inspiration', 'roll', 'obviously', 'shouldnt', 'visit', 'country', 'moment', 'wait', 'good', 'time', 'enjoy', 'video']","['number', 'one', 'land', 'smile']",[],[]
2020,UWKhvzdnctY,"['keep', 'inspiration', 'roll', 'obviously', 'shouldnt', 'visit', 'country', 'moment', 'wait', 'good', 'time', 'enjoy', 'video']",[],[],[]
2020,UWKhvzdnctY,"['keep', 'inspiration', 'roll', 'obviously', 'shouldnt', 'visit', 'country', 'moment', 'wait', 'good', 'time', 'enjoy', 'video']","['ajpenas', 'exactly']",[],[]
2020,UWKhvzdnctY,"['keep', 'inspiration', 'roll', 'obviously', 'shouldnt', 'visit', 'country', 'moment', 'wait', 'good', 'time', 'enjoy', 'video']","['wanderlust', 'russia', 'belong', 'asian', 'continent']",[],['Russian Federation']
2020,UWKhvzdnctY,"['keep', 'inspiration', 'roll', 'obviously', 'shouldnt', 'visit', 'country', 'moment', 'wait', 'good', 'time', 'enjoy', 'video']","['donnaamurao', 'say', 'russia', 'part', 'asia', 'continent']",[],['Russian Federation']
2020,UWKhvzdnctY,"['keep', 'inspiration', 'roll', 'obviously', 'shouldnt', 'visit', 'country', 'moment', 'wait', 'good', 'time', 'enjoy', 'video']","['donnaamurao', 'russia', 'part', 'europe', 'well', 'asia']",[],['Russian Federation']
2020,UWKhvzdnctY,"['keep', 'inspiration', 'roll', 'obviously', 'shouldnt', 'visit', 'country', 'moment', 'wait', 'good', 'time', 'enjoy', 'video']",[],[],[]
2020,UWKhvzdnctY,"['keep', 'inspiration', 'roll', 'obviously', 'shouldnt', 'visit', 'country', 'moment', 'wait', 'good', 'time', 'enjoy', 'video']","['thank', 'include', 'beautiful', 'tropical', 'island', 'philippine', 'top', 'tourist', 'destination', 'asia', 'mabuhay']",[],['Philippines']
2020,UWKhvzdnctY,"['keep', 'inspiration', 'roll', 'obviously', 'shouldnt', 'visit', 'country', 'moment', 'wait', 'good', 'time', 'enjoy', 'video']","['woh', 'kay', 'hoga', 'team', 'haunt', 'block', 'episode', 'new', 'update', 'team']",[],[]
2020,UWKhvzdnctY,"['keep', 'inspiration', 'roll', 'obviously', 'shouldnt', 'visit', 'country', 'moment', 'wait', 'good', 'time', 'enjoy', 'video']","['like', 'amazing', 'island']",[],[]
2020,UWKhvzdnctY,"['keep', 'inspiration', 'roll', 'obviously', 'shouldnt', 'visit', 'country', 'moment', 'wait', 'good', 'time', 'enjoy', 'video']",['bangladesh'],[],['Bangladesh']
2020,UWKhvzdnctY,"['keep', 'inspiration', 'roll', 'obviously', 'shouldnt', 'visit', 'country', 'moment', 'wait', 'good', 'time', 'enjoy', 'video']","['achieve', 'one', 'dream', 'dream', 'another', 'get', 'want', 'problem', 'nowhere', 'go', 'next', 'dreaming', 'lifetime', 'occupation', 'god', 'bless', 'mr', 'carlos', 'att', 'carlos', '_1uptrades', 'ig', 'guide', 'next', 'phase', 'life', 'im', 'financially', 'stable', 'achieve', 'everything', 'one']",[],[]
2020,UWKhvzdnctY,"['keep', 'inspiration', 'roll', 'obviously', 'shouldnt', 'visit', 'country', 'moment', 'wait', 'good', 'time', 'enjoy', 'video']","['georgia', 'georgia', 'beautiful']",[],['Georgia']
2020,UWKhvzdnctY,"['keep', 'inspiration', 'roll', 'obviously', 'shouldnt', 'visit', 'country', 'moment', 'wait', 'good', 'time', 'enjoy', 'video']","['thank', 'u', 'philippine']",[],['Philippines']
2020,UWKhvzdnctY,"['keep', 'inspiration', 'roll', 'obviously', 'shouldnt', 'visit', 'country', 'moment', 'wait', 'good', 'time', 'enjoy', 'video']","['iran', 'also', 'amazingly', 'motivate', 'forest', 'desert', 'mountain', 'food', 'people', 'islandsea', 'food', 'people', 'culture', 'food', 'people', 'island', 'suggest', 'travel', 'iran']",[],[]
2020,UWKhvzdnctY,"['keep', 'inspiration', 'roll', 'obviously', 'shouldnt', 'visit', 'country', 'moment', 'wait', 'good', 'time', 'enjoy', 'video']","['sadly', 'miss', 'pakistan']",[],['Pakistan']
2020,UWKhvzdnctY,"['keep', 'inspiration', 'roll', 'obviously', 'shouldnt', 'visit', 'country', 'moment', 'wait', 'good', 'time', 'enjoy', 'video']","['muhammadumerwz', '6yp', 'didnt', 'even', 'put', 'singapore', 'list', 'expect', 'pakistan', 'list']",[],"['Singapore', 'Pakistan']"
2020,UWKhvzdnctY,"['keep', 'inspiration', 'roll', 'obviously', 'shouldnt', 'visit', 'country', 'moment', 'wait', 'good', 'time', 'enjoy', 'video']","['okay', 'thank', 'love', 'watch', 'vidio', 'bad']",[],[]
2020,UWKhvzdnctY,"['keep', 'inspiration', 'roll', 'obviously', 'shouldnt', 'visit', 'country', 'moment', 'wait', 'good', 'time', 'enjoy', 'video']",[],[],['Indonesia']
2020,UWKhvzdnctY,"['keep', 'inspiration', 'roll', 'obviously', 'shouldnt', 'visit', 'country', 'moment', 'wait', 'good', 'time', 'enjoy', 'video']","['wanderlust', 'rusia', 'east', 'eropa', 'asia']",[],[]
2020,UWKhvzdnctY,"['keep', 'inspiration', 'roll', 'obviously', 'shouldnt', 'visit', 'country', 'moment', 'wait', 'good', 'time', 'enjoy', 'video']",[],[],[]
2020,UWKhvzdnctY,"['keep', 'inspiration', 'roll', 'obviously', 'shouldnt', 'visit', 'country', 'moment', 'wait', 'good', 'time', 'enjoy', 'video']","['jasirjj', 'theres', 'beautiful', 'view']",[],[]
2020,UWKhvzdnctY,"['keep', 'inspiration', 'roll', 'obviously', 'shouldnt', 'visit', 'country', 'moment', 'wait', 'good', 'time', 'enjoy', 'video']","['floraricemamul', 'pakistani', 'ever', 'visit', 'pakistan', 'maybe', 'visit', 'pakistan', 'first', 'know', 'kinda', 'nature', 'beauty', 'hide', 'precious', 'eye', 'long']",[],['Pakistan']
2020,UWKhvzdnctY,"['keep', 'inspiration', 'roll', 'obviously', 'shouldnt', 'visit', 'country', 'moment', 'wait', 'good', 'time', 'enjoy', 'video']","['jasirjj', 'pakistani', 'list', 'travel', 'country', 'intrigue', 'mention', 'top', 'coubtries']",[],[]
2020,UWKhvzdnctY,"['keep', 'inspiration', 'roll', 'obviously', 'shouldnt', 'visit', 'country', 'moment', 'wait', 'good', 'time', 'enjoy', 'video']","['jasirjj', 'country', 'tradition', 'married', 'ur', 'cousin', 'right']",[],[]
2020,UWKhvzdnctY,"['keep', 'inspiration', 'roll', 'obviously', 'shouldnt', 'visit', 'country', 'moment', 'wait', 'good', 'time', 'enjoy', 'video']","['floraricemamul', 'hahaha', 'cool', 'cool', 'upto', 'dude', 'anyway', 'whole', 'world', 'still', 'visit', 'u', 'love', 'way', 'pakistani', 'treat', 'foreigner', 'offer', 'food', 'free', 'tho', 'famous', 'country', 'give', 'great', 'hospitality', 'dont', 'wanna', 'come', 'upto', 'still', 'treat', 'like', 'princess', 'u', 'ever', 'come', 'chance']",[],['United States']
2020,UWKhvzdnctY,"['keep', 'inspiration', 'roll', 'obviously', 'shouldnt', 'visit', 'country', 'moment', 'wait', 'good', 'time', 'enjoy', 'video']","['floraricemamul', 'hahah', 'dude', 'marriage', 'smth', 'beauty', 'country', 'lmao', 'dude', 'marry', 'friend', 'mostly', 'u', 'havent', 'visit', 'pakistan', 'yet', 'would', 'know', 'lol', 'dont', 'flip', 'scene', 'hahah', 'u', 'get', 'point', 'stay', 'beauty', 'country']",[],['Pakistan']
2020,UWKhvzdnctY,"['keep', 'inspiration', 'roll', 'obviously', 'shouldnt', 'visit', 'country', 'moment', 'wait', 'good', 'time', 'enjoy', 'video']","['floraricemamul', 'yea', 'flora', 'guest', 'see', 'beauty']",[],[]
2020,UWKhvzdnctY,"['keep', 'inspiration', 'roll', 'obviously', 'shouldnt', 'visit', 'country', 'moment', 'wait', 'good', 'time', 'enjoy', 'video']","['jasirjj', 'hahaha', 'know', 'try', 'promote', 'country', 'u', 'say', 'treat', 'like', 'princess', 'strong', 'woman', 'want', 'make', 'busy', 'becoz', 'mebut', 'ask', 'make', 'biriyani']",[],[]
2021,UWKhvzdnctY,"['nepal', 'may', 'big', 'road', 'technology', 'like', 'japan', 'neither', 'rich', 'relevant', 'outside', 'world', 'place', 'raw', 'beauty', 'almost', 'whole', 'nepal', 'mountainoushilly', 'breathtaking', 'scenery', 'also', 'culture', 'people', 'food', 'hospitality', 'make', 'youur', 'visit', 'worth']",[],"['Japan', 'Nepal']",['Bhutan']
2021,UWKhvzdnctY,"['nepal', 'may', 'big', 'road', 'technology', 'like', 'japan', 'neither', 'rich', 'relevant', 'outside', 'world', 'place', 'raw', 'beauty', 'almost', 'whole', 'nepal', 'mountainoushilly', 'breathtaking', 'scenery', 'also', 'culture', 'people', 'food', 'hospitality', 'make', 'youur', 'visit', 'worth']",[],"['Japan', 'Nepal']","['Bhutan', 'Nepal']"
2021,UWKhvzdnctY,"['nepal', 'may', 'big', 'road', 'technology', 'like', 'japan', 'neither', 'rich', 'relevant', 'outside', 'world', 'place', 'raw', 'beauty', 'almost', 'whole', 'nepal', 'mountainoushilly', 'breathtaking', 'scenery', 'also', 'culture', 'people', 'food', 'hospitality', 'make', 'youur', 'visit', 'worth']","['sunex', 'bhutan', 'good', 'people', 'culture', 'thats', 'kick', 'nepali', 'india']","['Japan', 'Nepal']","['Bhutan', 'India']"
2021,UWKhvzdnctY,"['nepal', 'may', 'big', 'road', 'technology', 'like', 'japan', 'neither', 'rich', 'relevant', 'outside', 'world', 'place', 'raw', 'beauty', 'almost', 'whole', 'nepal', 'mountainoushilly', 'breathtaking', 'scenery', 'also', 'culture', 'people', 'food', 'hospitality', 'make', 'youur', 'visit', 'worth']","['uzochiokeke', 'nepali', 'bhutani', 'nepali', 'speaker', 'usa', 'good', 'country', 'know', 'gem', 'bhutan', 'small', 'less', 'population', 'dont', 'many', 'animal', 'nepal', 'spak', 'language', 'ethenic', 'group', 'rare', 'animal', 'rhino', 'elephant', 'tiger', 'red', 'panda', 'show', 'leopard', 'year', 'old', 'temple', 'nepal', 'world', 'high', 'mountain', 'lumbani', 'buddha', 'bear', 'still', 'see', 'year', 'old', 'buddha', 'home', 'nepal', 'birth', 'place', 'sita', 'cannot', 'comapir', 'nepal', 'bhutan', 'sorry', 'bhutan', 'country', 'kick', 'hindu', 'nepal', 'every', 'one', 'live', 'peace', 'buddhist', 'hindu']","['Japan', 'Nepal']","['Bhutan', 'United States', 'Nepal']"
2021,UWKhvzdnctY,"['nepal', 'may', 'big', 'road', 'technology', 'like', 'japan', 'neither', 'rich', 'relevant', 'outside', 'world', 'place', 'raw', 'beauty', 'almost', 'whole', 'nepal', 'mountainoushilly', 'breathtaking', 'scenery', 'also', 'culture', 'people', 'food', 'hospitality', 'make', 'youur', 'visit', 'worth']","['manita', 'roy', 'legends', 'one', 'strong', 'salute', 'ji']","['Japan', 'Nepal']",[]
2021,UWKhvzdnctY,"['nepal', 'may', 'big', 'road', 'technology', 'like', 'japan', 'neither', 'rich', 'relevant', 'outside', 'world', 'place', 'raw', 'beauty', 'almost', 'whole', 'nepal', 'mountainoushilly', 'breathtaking', 'scenery', 'also', 'culture', 'people', 'food', 'hospitality', 'make', 'youur', 'visit', 'worth']","['nepal', 'something', 'like', 'martial', 'art', 'manhua', 'novel', 'beautiful']","['Japan', 'Nepal']",['Nepal']
2021,UWKhvzdnctY,"['nepal', 'may', 'big', 'road', 'technology', 'like', 'japan', 'neither', 'rich', 'relevant', 'outside', 'world', 'place', 'raw', 'beauty', 'almost', 'whole', 'nepal', 'mountainoushilly', 'breathtaking', 'scenery', 'also', 'culture', 'people', 'food', 'hospitality', 'make', 'youur', 'visit', 'worth']","['uzochiokeke', 'bhutan', 'good', 'place', 'visit', 'cant', 'freely', 'worth', 'anymore', 'many', 'site', 'offer', 'total', 'freedom']","['Japan', 'Nepal']",['Bhutan']
2021,UWKhvzdnctY,"['nepal', 'may', 'big', 'road', 'technology', 'like', 'japan', 'neither', 'rich', 'relevant', 'outside', 'world', 'place', 'raw', 'beauty', 'almost', 'whole', 'nepal', 'mountainoushilly', 'breathtaking', 'scenery', 'also', 'culture', 'people', 'food', 'hospitality', 'make', 'youur', 'visit', 'worth']","['uzochiokeke', 'youre', 'show', 'bhutan', 'great', 'mention']","['Japan', 'Nepal']",['Bhutan']
2021,UWKhvzdnctY,"['nepal', 'may', 'big', 'road', 'technology', 'like', 'japan', 'neither', 'rich', 'relevant', 'outside', 'world', 'place', 'raw', 'beauty', 'almost', 'whole', 'nepal', 'mountainoushilly', 'breathtaking', 'scenery', 'also', 'culture', 'people', 'food', 'hospitality', 'make', 'youur', 'visit', 'worth']",[],"['Japan', 'Nepal']",[]
2021,UWKhvzdnctY,"['summary', 'nepal', 'mountain', 'river', 'india', 'colorful', 'life', 'unique', 'culture', 'course', 'diverse', 'philippine', 'beach', 'japan', 'korea', 'technology', 'modern', 'touch']","['thailand', 'sex', 'tourism', 'sure']","['Philippines', 'Japan', 'Nepal', 'India']",['Thailand']
2021,UWKhvzdnctY,"['summary', 'nepal', 'mountain', 'river', 'india', 'colorful', 'life', 'unique', 'culture', 'course', 'diverse', 'philippine', 'beach', 'japan', 'korea', 'technology', 'modern', 'touch']",[],"['Philippines', 'Japan', 'Nepal', 'India']",[]
2021,UWKhvzdnctY,"['summary', 'nepal', 'mountain', 'river', 'india', 'colorful', 'life', 'unique', 'culture', 'course', 'diverse', 'philippine', 'beach', 'japan', 'korea', 'technology', 'modern', 'touch']","['aldas', 'aaha', 'ha', 'ah', 'aha', 'ha', 'haaa', 'im', 'look', 'take', 'thailand', 'right']","['Philippines', 'Japan', 'Nepal', 'India']",['Thailand']
2021,UWKhvzdnctY,"['summary', 'nepal', 'mountain', 'river', 'india', 'colorful', 'life', 'unique', 'culture', 'course', 'diverse', 'philippine', 'beach', 'japan', 'korea', 'technology', 'modern', 'touch']","['singapore', 'miss', 'outstanding', 'country', 'list']","['Philippines', 'Japan', 'Nepal', 'India']",['Singapore']
2021,UWKhvzdnctY,"['come', 'rich', 'cultural', 'heritage', 'serene', 'beautiful', 'asia', 'maldives', 'malaysia', 'cambodia', 'sri', 'langka', 'oman', 'philippine', 'south', 'korea', 'vietnam', 'jordan', 'nepal', 'indonesia', 'india', 'japan', 'china', 'thailand']","['country', 'offer', 'different', 'kind', 'beautiful', 'place', 'delightful', 'food', 'nice', 'wonderful', 'people', 'cultural', 'heritage', 'rich', 'tradition', 'cascade', 'river', 'breathingtaking', 'mountain', 'road', 'bridge', 'state', 'art', 'fast', 'train', 'amazingly', 'raw', 'power', 'spectacular', 'work', 'art', 'history', 'rich', 'diverse', 'proud', 'visit', 'hopefully', 'pandemic']","['Philippines', 'Oman', 'Malaysia', 'Jordan', 'Nepal', 'Vietnam', 'Japan', 'Maldives', 'Sri Lanka', 'India', 'Thailand', 'Indonesia', 'China', 'Cambodia']",['France']
2021,UWKhvzdnctY,"['live', 'sri', 'lanka', 'beautiful', 'country', 'every', 'country', 'beautiful', 'like', 'south', 'korea', 'thailand']",[],"['Thailand', 'Sri Lanka']",[]
2021,UWKhvzdnctY,"['india', 'japan', 'taiwan', 'south', 'korea', 'china', 'malaysia', 'thailand', 'would', 'love', 'visit', 'country', 'asia']","['lot', 'love', 'india']","['Malaysia', 'Taiwan', 'Japan', 'Thailand', 'India', 'China']",['India']
2021,UWKhvzdnctY,"['opinion', 'top', 'philippine', 'china', 'japan', 'hello', 'cambodia']",[],"['Japan', 'China', 'Cambodia']",[]
2022,UWKhvzdnctY,[],"['philippines', 'shock', 'thats', 'u', 'call', 'one', 'opinion']","['India', 'Malaysia', 'Nepal', 'Pakistan', 'Singapore', 'Vietnam', 'Japan', 'Thailand', 'Maldives', 'Sri Lanka', 'Mongolia', 'Indonesia', 'China', 'Cambodia']",['Philippines']
2022,UWKhvzdnctY,[],"['malpete', 'forget', 'man']","['India', 'Malaysia', 'Nepal', 'Pakistan', 'Singapore', 'Vietnam', 'Japan', 'Thailand', 'Maldives', 'Sri Lanka', 'Mongolia', 'Indonesia', 'China', 'Cambodia']",[]
2022,UWKhvzdnctY,[],[],"['India', 'Malaysia', 'Nepal', 'Pakistan', 'Singapore', 'Vietnam', 'Japan', 'Thailand', 'Maldives', 'Sri Lanka', 'Mongolia', 'Indonesia', 'China', 'Cambodia']",[]
2022,UWKhvzdnctY,"['feeling', 'proud', 'see', 'lot', 'people', 'comment', 'section', 'appreciate', 'country', 'overwhelmed', 'thank', 'guy', 'feedback', 'literally', 'country', 'heaven']",[],[],[]
2021,UWKhvzdnctY,"['country', 'beautiful', 'much', 'love', 'form', 'japan']",[],['Japan'],[]
2021,UWKhvzdnctY,"['thank', 'moreover', 'vietnamese', 'cuisine', 'really', 'one', 'thing', 'visitor', 'must', 'try', 'come', 'vietnam', 'many', 'international', 'friend', 'come', 'vietnam', 'amaze', 'wonderful', 'unforgettable', 'dish', 'phở', 'bánh', 'mì', 'bún', 'đậu', 'mắm', 'tôm', 'bún', 'chả', 'hà', 'nội', 'bánh', 'xèo', 'many', 'dish', 'welcome', 'vietnam']",[],['Vietnam'],[]
2022,UWKhvzdnctY,"['shock', 'see', 'bhutan', 'didnt', 'make', 'list', 'know', 'shangri', 'la', 'world', 'yes', 'country', 'make', 'list', 'beautiful']","['remember', 'one', 'land', 'one', 'planet', 'earth']",['Bhutan'],[]
2021,UWKhvzdnctY,"['philippine', 'best', 'country', 'asia', 'come', 'beautiful', 'beachesdiverse', 'delicious', 'foodfriendlysmiley', 'hospitablebeautiful', 'talented', 'people', 'easy', 'understand', 'language', 'many', 'virgin', 'island', 'inhabit', 'people', 'till']","['yes', 'bcoz', 'uninhabited', 'easy', 'country', 'grab', 'island', 'lose', 'many', 'island', 'already']",['Philippines'],[]
2021,UWKhvzdnctY,"['favorite', '1indonesia', 'thailand', '2malaysia', 'fhilipina', '3vietnam', 'singapura', '4brunei', 'cambodia', '5laos', 'myanmar']","['southeast', 'asia']","['Thailand', 'Myanmar', 'Cambodia']",[]
2023,UWKhvzdnctY,"['dream', 'visit', 'thailand', 'love', 'country']",[],['Thailand'],[]
2021,UWKhvzdnctY,"['one', 'thai', 'proud', 'capital', 'country', 'warmly', 'welcome', 'visitor', 'corner', 'world', 'visit', 'hopefully', 'totally', 'safe', 'covid', 'corona', 'virus']",[],[],[]
2021,UWKhvzdnctY,"['mother', 'friend', 'philippine', 'dont', 'really', 'think', 'since', 'indonesia', 'philippine', 'many', 'similarity', 'read', 'lot', 'comment', 'philippine', 'comment', 'section', 'want', 'visit', 'least']",[],"['Philippines', 'Indonesia']",[]
2022,UWKhvzdnctY,"['shock', 'see', 'singapore', 'list']","['would', 'want', 'visit', 'sg', 'advance', 'japan', 'yet', 'strict', 'china', 'lol']",['Singapore'],"['Japan', 'China']"
2022,UWKhvzdnctY,"['shock', 'see', 'singapore', 'list']","['harukrentz', 'wake', 'dude', 'live', 'dream']",['Singapore'],[]
2022,UWKhvzdnctY,"['shock', 'see', 'singapore', 'list']","['visit', 'singapore', 'tourist', 'even', 'top', 'best', 'destination', 'great', 'economy', 'education', 'business', 'mountain', 'beach', 'etc', 'tourist', 'fun']",['Singapore'],['Singapore']
2023,UWKhvzdnctY,"['fav', 'china', 'thailand', 'philippine', 'maldives', 'much', 'fascinating']",[],"['Philippines', 'Thailand', 'China', 'Maldives']",[]
2021,UWKhvzdnctY,"['japanesefilipino', 'tell', 'asia', 'diverse', 'difference', 'choose', 'want', 'explore', 'temple', 'beach', 'mountain', 'pyramid', 'dessert', 'even', 'insight', 'christianity', 'buddhist', 'find', 'im', 'bias', 'since', 'grow', 'philippine', 'come', 'visit', 'home', 'country']",[],['Philippines'],[]
2021,UWKhvzdnctY,"['sri', 'lanka', 'best', 'tourist', 'destinationmost', 'hospitablegenerous', 'people', 'also', 'friendly', 'sri', 'lanka']",[],['Sri Lanka'],[]
2021,UWKhvzdnctY,"['japan', 'best', 'beautiful', 'country', 'visit', 'dont', 'forget', 'india', 'history', 'lover', 'visit', 'india', 'see', 'taj', 'mahalone', 'seven', 'wonder', 'world', 'lotus', 'templegolden', 'temple', 'red', 'fort', 'many']",[],"['Japan', 'India']",[]
2021,UWKhvzdnctY,"['good', 'see', 'nature', 'wildlife', 'enjoy', 'awesome', 'city', 'shop', 'area', 'go', 'country', 'always', 'bring', 'home', 'souvenir']",[],[],[]
2022,UWKhvzdnctY,"['srilanka', 'best', 'asia', 'come', 'visit', 'actually', 'felt', 'paradise']",[],[],[]
2022,UWKhvzdnctY,"['japan', 'beautiful']",[],['Japan'],[]
2022,UWKhvzdnctY,"['thailand', 'amaze', 'japan', 'gorgeous', 'china', 'india', 'large', 'easy', 'reach', 'major', 'landscape']",[],"['Japan', 'Thailand', 'China', 'India']",[]
2022,UWKhvzdnctY,"['loveindonesiaindiachinajapan', 'philippine']",[],"['Philippines', 'Japan', 'India', 'Indonesia', 'China']",[]
2022,UWKhvzdnctY,[],[],"['Malaysia', 'Nepal', 'Japan', 'Thailand', 'Maldives', 'Indonesia', 'China']",[]
2022,UWKhvzdnctY,"['love', 'countriesi', 'filipino', 'whos', 'love', 'indonesia']",[],['Indonesia'],[]
2021,UWKhvzdnctY,"['india', 'country', 'u', 'see', 'beautiful', 'nature', 'experience', 'snow', 'experience', 'desert', 'experience', 'beach', 'experience', 'historical', 'architecture', 'etc']",[],['India'],[]
2021,UWKhvzdnctY,"['malaysian', 'never', 'abroad', 'want', 'travel', 'korea', 'japan', 'country', 'developed', 'modern', 'malaysia', 'interested', 'season', 'climate', 'country', 'developed', 'country', 'especially', 'asia', 'thats', 'chose', 'go', 'korea', 'japan', 'one', 'day']",[],"['Japan', 'Malaysia']",[]
2022,UWKhvzdnctY,"['havent', 'country', 'asia', 'heres', 'would', 'rank', 'one', 'ive', 'india', 'indonesia', 'israel', 'palestine', 'vietnam', 'malaysia', 'thailand', 'singapore', 'japan', 'south', 'korea', 'china', 'brunei']","['brunei', 'seriously']","['Israel', 'Malaysia', 'Singapore', 'Vietnam', 'Japan', 'Thailand', 'India', 'Indonesia', 'China']",[]
2022,UWKhvzdnctY,"['havent', 'country', 'asia', 'heres', 'would', 'rank', 'one', 'ive', 'india', 'indonesia', 'israel', 'palestine', 'vietnam', 'malaysia', 'thailand', 'singapore', 'japan', 'south', 'korea', 'china', 'brunei']","['kill', 'people', 'stone', 'gay']","['Israel', 'Malaysia', 'Singapore', 'Vietnam', 'Japan', 'Thailand', 'India', 'Indonesia', 'China']",[]
2022,UWKhvzdnctY,"['havent', 'country', 'asia', 'heres', 'would', 'rank', 'one', 'ive', 'india', 'indonesia', 'israel', 'palestine', 'vietnam', 'malaysia', 'thailand', 'singapore', 'japan', 'south', 'korea', 'china', 'brunei']","['utter', 'dictatorship']","['Israel', 'Malaysia', 'Singapore', 'Vietnam', 'Japan', 'Thailand', 'India', 'Indonesia', 'China']",[]
2022,UWKhvzdnctY,"['havent', 'country', 'asia', 'heres', 'would', 'rank', 'one', 'ive', 'india', 'indonesia', 'israel', 'palestine', 'vietnam', 'malaysia', 'thailand', 'singapore', 'japan', 'south', 'korea', 'china', 'brunei']","['jaynarayanjk', 'put', 'last', 'country', 'ive', 'lol', 'dont', 'know', 'else', 'would', 'expect', 'honest', 'didnt', 'hate', 'either', 'find', 'kind', 'boring', 'living', 'indonesia']","['Israel', 'Malaysia', 'Singapore', 'Vietnam', 'Japan', 'Thailand', 'India', 'Indonesia', 'China']",['Indonesia']
2022,UWKhvzdnctY,"['havent', 'country', 'asia', 'heres', 'would', 'rank', 'one', 'ive', 'india', 'indonesia', 'israel', 'palestine', 'vietnam', 'malaysia', 'thailand', 'singapore', 'japan', 'south', 'korea', 'china', 'brunei']","['tylerhalstead', 'ooki', 'didnt', 'notice', 'country', 'u', 'visit']","['Israel', 'Malaysia', 'Singapore', 'Vietnam', 'Japan', 'Thailand', 'India', 'Indonesia', 'China']",[]
2023,UWKhvzdnctY,"['proud', 'thai', 'thank', 'touropia']",[],[],[]
2023,UWKhvzdnctY,"['thailand', 'modernization', 'history']",[],['Thailand'],[]
2022,UWKhvzdnctY,"['thailand', 'no1']",[],['Thailand'],[]
2022,UWKhvzdnctY,[],[],"['Philippines', 'Jordan', 'Vietnam', 'Japan', 'Sri Lanka']",[]
2022,UWKhvzdnctY,"['among', 'list', 'ill', 'choose', 'thailand', 'japan', 'nepal', 'indonesia', 'maldives', 'greeting', 'philippine']",[],"['Philippines', 'Nepal', 'Japan', 'Maldives', 'Thailand', 'Indonesia']",[]
2022,UWKhvzdnctY,"['top', 'favorite', 'place', 'would', 'philippine', 'japan', 'thailand', 'indonesia', 'china']",[],"['Philippines', 'Japan', 'Thailand', 'Indonesia', 'China']",[]
2021,UWKhvzdnctY,"['every', 'country', 'beautifulgod', 'create', 'like', 'philippine']",[],['Philippines'],[]
2021,UWKhvzdnctY,"['japan', 'south', 'korea', 'philippine', 'favourite', 'country', 'video']",[],"['Philippines', 'Japan']",[]
2021,UWKhvzdnctY,"['maharlika', 'philippine', 'heaven', 'know', 'country', 'populate', 'still', 'untouched', 'human', 'maharlika', 'country', 'praise', 'god', 'heart', 'maharlika', 'garden', 'eden', 'bible', 'deep', 'forest']",[],['Philippines'],[]
2021,UWKhvzdnctY,[],[],"['Japan', 'Indonesia', 'India']",[]
2021,UWKhvzdnctY,"['yea', 'back', 'depend', 'like', 'like', 'big', 'city', 'best', 'country', 'japan', 'like', 'mountain', 'nepal', 'waa', 'good', 'like', 'desert', 'go', 'jordan', 'like', 'beach', 'best', 'place', 'maldives', 'like', 'forestnational', 'park', 'indonesia', 'best', 'place', 'like', 'best', 'country', 'visit', 'think', 'muat', 'china', 'indonesia', 'thailand', 'philippine', 'india', 'back', 'wanna', 'nice', 'simple', 'holiday', 'best', 'place', 'think', 'japan', 'cause', 'want', 'visit', 'good', 'place', 'pay', 'effort', 'reach']","['people', 'want', 'see', 'ancient', 'architecture', 'national', 'park', 'beach', 'advantures', 'himalaya', 'use', 'visit', 'india']","['Philippines', 'Jordan', 'Nepal', 'France', 'Japan', 'Maldives', 'Thailand', 'India', 'Indonesia', 'China']",['India']
2024,UWKhvzdnctY,"['korean', 'think', 'really', 'point', 'come', 'korea', 'trip', 'especially', 'seoul', 'bad', 'everything', 'expensive', 'poor', 'quality', 'many', 'foreigner', 'even', 'expensive', 'poor', 'quality', 'many', 'foreigner', 'come', 'addition', 'restaurant', 'seoul', 'generally', 'small', 'old', 'lack', 'service', 'mind', 'especially', 'place', 'many', 'foreigner', 'gather', 'expensive', 'tasteless', 'accommodation', 'also', 'expensive', 'dirty', 'small', 'well', 'rent', 'car', 'go', 'eastern', 'sea', 'summer', 'daegu', 'busan', 'many', 'mountain', 'fall', 'best', 'thing', 'korea', 'go', 'another', 'country', 'special', 'experience', 'korea', 'advantage', 'onenight', 'stand', 'korean', 'man', 'also', 'reason', 'many', 'foreign', 'woman', 'like', 'kpop', 'korean', 'wave', 'content', 'come', 'korea']",[],['South Korea'],[]
2023,UWKhvzdnctY,"['philippine', 'many', 'reason', 'people', 'place', 'culture', 'beach', 'country', 'asia', 'beautifully', 'wonderfully', 'make']",[],['Philippines'],[]
2022,UWKhvzdnctY,"['japanese', 'happy', 'japan', 'include', 'list', 'hope', 'many', 'foreign', 'tourist', 'come', 'japan', 'soon', 'thank', 'much', 'nice', 'video']",[],"['France', 'Japan']",[]
2022,UWKhvzdnctY,"['actually', 'im', 'southkorean', 'agree', 'best', 'country', 'visit', 'asia', 'thailand']",[],['Thailand'],[]
2022,UWKhvzdnctY,"['really', 'surprised', 'show', 'aisa', 'show', 'aisan', 'switzerland', 'locate', 'northern', 'area', 'pakistan', 'naraan', 'kaghaan', 'gilgit', 'balistan', 'google', 'see', 'beautiful', 'place', 'breath', 'take', 'view']",[],"['Pakistan', 'Switzerland']",[]
2022,UWKhvzdnctY,"['asia', 'paradise', 'greet', 'indonesia']",[],['Indonesia'],[]
2022,UWKhvzdnctY,"['accord', 'japan', 'china', 'india', 'south', 'korea', 'singapore']",[],"['Singapore', 'Japan', 'China', 'India']",[]
2022,UWKhvzdnctY,"['love', 'thailandland', 'smile']",[],['Thailand'],[]
2022,UWKhvzdnctY,"['singapore', 'top']",[],['Singapore'],[]
2022,UWKhvzdnctY,[],[],['Japan'],[]
2021,UWKhvzdnctY,"['incredible', 'history', 'kind', 'people', 'green', 'city', 'sri', 'lankan', 'pearl', 'indian', 'ocean']",[],['Sri Lanka'],[]
2021,UWKhvzdnctY,"['yashh', 'indonesia', 'thailand', 'wonderful']",[],"['Indonesia', 'Thailand']",[]
2021,UWKhvzdnctY,"['love', 'china', 'india']",[],"['China', 'India']",[]
2021,UWKhvzdnctY,"['love', 'india']",[],['India'],[]
2021,UWKhvzdnctY,[],[],"['Japan', 'Indonesia', 'Maldives', 'China']",[]
2021,UWKhvzdnctY,"['sorry', 'pakistan', 'dont', 'get', 'best', 'country', 'visit', 'asia', 'know', 'list', 'one', 'dangerous', 'terrorist', 'country', 'place', 'world']",[],['Pakistan'],[]
2021,UWKhvzdnctY,"['hai', 'india', 'tnadu', 'really', 'proude', 'vieatnam', 'cambooji', 'cambodia', 'asian', 'country', 'super', 'nature', 'great', 'architecture', 'civilysation']",[],"['Cambodia', 'India']",[]
2021,UWKhvzdnctY,"['thank', 'add', 'philippine', 'list', 'wouldve', 'pretty', 'mad', 'wasnt', 'add']",[],['Philippines'],[]
2021,UWKhvzdnctY,"['love', 'mother', 'country', 'sri', 'lanka', 'like', 'visit', 'india', 'south', 'koreaall', 'country', 'beautiful']",[],"['Sri Lanka', 'India']",[]
2021,UWKhvzdnctY,"['india', 'dirty', 'discriminate', 'country', 'also', 'crime', 'full', 'country']","['critisms', 'unwarranted']",['India'],[]
2021,UWKhvzdnctY,"['india', 'dirty', 'discriminate', 'country', 'also', 'crime', 'full', 'country']","['comment', 'evrywhere', 'troll', 'r', 'u', 'pakistan', 'east', 'pakistan', 'tell']",['India'],['Pakistan']
2021,UWKhvzdnctY,"['india', 'dirty', 'discriminate', 'country', 'also', 'crime', 'full', 'country']","['byronih', '2ge', 'truth', 'truth', 'doesnt', 'matter', 'tell', 'reality', 'yes', 'india', 'nice', 'country', 'indira', 'gandhi', 'time']",['India'],"['France', 'India']"
2022,UWKhvzdnctY,"['thailand', 'deserves', 'first', 'place', 'partly', 'japanese', 'amount', 'time', 'enough', 'talk', 'charm', 'thailand']",[],['Thailand'],[]
2022,UWKhvzdnctY,"['best', 'place', 'asia', 'country', 'asian', 'malaysia', 'cambodia', 'philippine', 'vietnam', 'indonesia', 'thailand', 'let', 'cheer', 'asian', 'one']","['cant', 'visit', 'probably', 'expensive']","['Philippines', 'Malaysia', 'Vietnam', 'Thailand', 'Indonesia', 'Cambodia']",[]
2021,UWKhvzdnctY,"['havent', 'even', 'able', 'travel', 'around', 'country', 'country', 'wide', 'extraordinary', 'nature', 'people', 'know', 'bali', 'shame', 'even', 'though', 'country', 'large', 'archipelago', 'waterfall', 'beautiful', 'love', 'lot', 'active', 'volcano', 'summer', 'come', 'stay', 'cool', 'different', 'region', 'certainly', 'different', 'guy', 'visit', 'also', 'want', 'travel', 'around', 'asia', 'wow', 'thats', 'one', 'big', 'dream', 'dari', 'sabang', 'sampai', 'merauke', 'berjajar', 'pulaupulau', 'sambung', 'menyambung', 'menjadi', 'itulah']","['beautiful', 'cool']",['Indonesia'],[]
2021,UWKhvzdnctY,"['nepal', 'another', 'world', 'visit', 'life', 'italy']","['love', 'nepal']",['Nepal'],['Nepal']
2021,UWKhvzdnctY,"['im', 'thailand', 'think', 'land', 'smile', 'philippine']",[],"['Philippines', 'Thailand']",[]
2021,UWKhvzdnctY,"['really', 'wait', 'see', 'bhutan', 'list', 'sadly', 'didnt', 'include', 'bhutan', 'actually', 'deserves', 'top', 'love', 'bhutan']","['yes', 'hear', 'bhutan', 'one', 'happy', 'country', 'earth', 'people', 'love', 'king']",['Bhutan'],['Bhutan']
2021,UWKhvzdnctY,"['undoubtedly', 'nepal', 'beautiful', 'country']",[],['Nepal'],[]
2021,UWKhvzdnctY,"['dont', 'mension', 'pakistan', 'top', 'think', 'check', 'pakistan', 'beautiful', 'place', 'world', '2nd', 'high', 'mountain', 'year', 'old', 'city', 'mohenjodarro', 'beautiful', 'northern', 'area', 'think', 'check', 'satisfy']","['india', 'also', 'year', 'old', 'unesco', 'world', 'heritage', 'site', 'dholavera']",['Pakistan'],['India']
2025,UWKhvzdnctY,"['thank', 'put', 'sri', 'lanka', 'list']",[],['Sri Lanka'],[]
2024,UWKhvzdnctY,[],[],['Singapore'],[]
2024,UWKhvzdnctY,"['wherere', 'türkeye', 'armenia', 'georgia', 'caucasian']",[],"['Armenia', 'Georgia']",[]
2024,UWKhvzdnctY,[],[],['Japan'],[]
2024,UWKhvzdnctY,['thailand'],[],['Thailand'],[]
2024,UWKhvzdnctY,['thailand'],[],['Thailand'],[]
2023,UWKhvzdnctY,"['thailand', 'amazing', 'country']",[],['Thailand'],[]
2023,UWKhvzdnctY,"['thailand', 'best', 'uk', 'u', 'friend', 'say']",[],"['United Kingdom', 'Thailand', 'United States']",[]
2023,UWKhvzdnctY,"['myanmar', 'many', 'beautiful', 'landscape', 'delicious', 'cry', 'myanmar', 'make', 'list', 'myanmar', 'team']",[],['Myanmar'],[]
2023,UWKhvzdnctY,[],[],[],[]
2023,UWKhvzdnctY,"['great', 'video', 'informative', 'thank', 'day', 'ago', 'return', 'first', 'ever', 'trip', 'asia', 'spend', 'month', 'travel', 'around', 'japan', 'one', 'best', 'vacation', 'ive', 'ever', 'im', 'also', 'head', 'vietnam', 'month', 'august', 'im', 'excited', 'asia', 'stunningly', 'beautiful', 'continent', 'cant', 'wait', 'explore', 'asian', 'country', 'hopefully', 'future']",[],"['Japan', 'Vietnam']",[]
2022,UWKhvzdnctY,"['come', 'sri', 'lanka', 'see', 'magical', 'country', 'country']",[],['Sri Lanka'],[]
2022,UWKhvzdnctY,"['bangladesh', 'country', 'offer', 'lot', 'world', 'long', 'sea', 'beach', 'km', 'longworlds', 'big', 'mangrove', 'forest', 'etc']",[],['Bangladesh'],[]
2022,UWKhvzdnctY,"['impress', 'philippine', 'love', 'filipino']",[],['Philippines'],[]
2022,UWKhvzdnctY,"['philippine', 'best', 'island', 'majority', 'filipinos', 'speak', 'english']",[],['Philippines'],[]
2022,UWKhvzdnctY,"['include', 'iran', 'isralpalestina', 'kyrgistan', 'seem', 'crime']",[],[],[]
2022,UWKhvzdnctY,"['lord', 'savior', 'jesus', 'christ']",[],[],[]
2022,UWKhvzdnctY,[],[],['Sri Lanka'],[]
2022,UWKhvzdnctY,"['hi', 'like', 'asian', 'culture', 'im', 'sure', 'would', 'like', 'music', 'oriental', 'instrumentals', 'listen', 'music', 'example', 'youtube', 'channel', 'thanks', 'attention', 'nice', 'day']",[],['France'],[]
2022,UWKhvzdnctY,"['alcazar', 'show', 'thailandthe', 'best', 'thing', 'see', 'thailand']",[],['Thailand'],[]
2022,UWKhvzdnctY,[],[],['Sri Lanka'],[]
2022,UWKhvzdnctY,['bangladesh'],[],['Bangladesh'],[]
2022,UWKhvzdnctY,[],[],['Nepal'],[]
2022,UWKhvzdnctY,"['country', 'world', 'beautifulhas', 'advantage', 'disadvantagesso', 'argue', 'love', 'lndonesian']",[],[],[]
2022,UWKhvzdnctY,"['didnt', 'visit', 'pakistan', 'dont', 'know', 'actually', 'natural', 'beauty']",[],['Pakistan'],[]
2022,UWKhvzdnctY,['thailand'],[],['Thailand'],[]
2022,UWKhvzdnctY,"['south', 'korea', 'japan', 'philippine', 'china', 'vietnam', 'thailand', 'hit', 'like', 'agree']",[],"['Philippines', 'Vietnam', 'Japan', 'Thailand', 'China']",[]
2022,UWKhvzdnctY,[],[],['Indonesia'],[]
2022,UWKhvzdnctY,"['care', 'cleanliness', 'lot', 'place', 'go', 'far', 'destination', 'another', 'destination', 'may', 'choose', 'malaysia', 'food', 'easily', 'get', 'hygienic', 'control', 'friendly', 'good', 'communication', 'skill', 'many', 'language']",[],['Malaysia'],[]
2020,Nf9Gtmxpe0k,"['god', 'sake', 'greece', 'mykonos', 'santorini']",[],['Greece'],[]
2020,Nf9Gtmxpe0k,"['god', 'sake', 'greece', 'mykonos', 'santorini']",['place'],['Greece'],[]
2020,Nf9Gtmxpe0k,"['god', 'sake', 'greece', 'mykonos', 'santorini']","['agree', 'say', 'opposite', 'great', 'video', 'introduce', 'place', 'even', 'winter']",['Greece'],[]
2020,Nf9Gtmxpe0k,"['god', 'sake', 'greece', 'mykonos', 'santorini']",[],['Greece'],[]
2020,Nf9Gtmxpe0k,"['god', 'sake', 'greece', 'mykonos', 'santorini']",[],['Greece'],[]
2020,Nf9Gtmxpe0k,"['god', 'sake', 'greece', 'mykonos', 'santorini']","['mariamtzortz', 'amaze', 'fantastic']",['Greece'],[]
2020,Nf9Gtmxpe0k,"['god', 'sake', 'greece', 'mykonos', 'santorini']",[],['Greece'],[]
2020,Nf9Gtmxpe0k,"['god', 'sake', 'greece', 'mykonos', 'santorini']",[],['Greece'],[]
2020,Nf9Gtmxpe0k,"['god', 'sake', 'greece', 'mykonos', 'santorini']",[],['Greece'],[]
2020,Nf9Gtmxpe0k,"['god', 'sake', 'greece', 'mykonos', 'santorini']","['abt', 'write']",['Greece'],[]
2020,Nf9Gtmxpe0k,"['god', 'sake', 'greece', 'mykonos', 'santorini']","['youre', 'lie', 'sir']",['Greece'],[]
2020,Nf9Gtmxpe0k,"['god', 'sake', 'greece', 'mykonos', 'santorini']",[],['Greece'],[]
2020,Nf9Gtmxpe0k,"['god', 'sake', 'greece', 'mykonos', 'santorini']","['also', 'love', 'people', 'shock', 'tell', 'also', 'winter', 'snow', 'drop', 'mountainous', 'town', 'guy', 'see', 'latitude', 'greece']",['Greece'],['Greece']
2020,Nf9Gtmxpe0k,"['god', 'sake', 'greece', 'mykonos', 'santorini']","['even', 'watch', 'video', 'even', 'show', 'ski', 'resort']",['Greece'],[]
2020,Nf9Gtmxpe0k,"['god', 'sake', 'greece', 'mykonos', 'santorini']",[],['Greece'],[]
2020,Nf9Gtmxpe0k,"['god', 'sake', 'greece', 'mykonos', 'santorini']","['meet', 'lot', 'tourist', 'around', 'world', 'youre', 'obviously', 'correct', 'place', 'visit']",['Greece'],[]
2020,Nf9Gtmxpe0k,"['god', 'sake', 'greece', 'mykonos', 'santorini']",[],['Greece'],[]
2020,Nf9Gtmxpe0k,"['god', 'sake', 'greece', 'mykonos', 'santorini']",[],['Greece'],[]
2020,Nf9Gtmxpe0k,"['god', 'sake', 'greece', 'mykonos', 'santorini']","['live', 'kastoria', 'god', 'nobody', 'place', 'incredible', 'beautiful']",['Greece'],[]
2020,Nf9Gtmxpe0k,"['god', 'sake', 'greece', 'mykonos', 'santorini']",[],['Greece'],[]
2020,Nf9Gtmxpe0k,"['god', 'sake', 'greece', 'mykonos', 'santorini']","['also', 'athens']",['Greece'],['Greece']
2020,Nf9Gtmxpe0k,"['god', 'sake', 'greece', 'mykonos', 'santorini']","['nice', 'country']",['Greece'],['France']
2020,Nf9Gtmxpe0k,"['god', 'sake', 'greece', 'mykonos', 'santorini']",[],['Greece'],[]
2020,Nf9Gtmxpe0k,"['god', 'sake', 'greece', 'mykonos', 'santorini']","['ugh', 'course']",['Greece'],[]
2020,Nf9Gtmxpe0k,"['god', 'sake', 'greece', 'mykonos', 'santorini']","['glad', 'place', 'near', 'athos']",['Greece'],[]
2020,Nf9Gtmxpe0k,"['god', 'sake', 'greece', 'mykonos', 'santorini']",[],['Greece'],[]
2020,Nf9Gtmxpe0k,"['god', 'sake', 'greece', 'mykonos', 'santorini']","['okay', 'u', 'love', 'greece', 'know']",['Greece'],"['Greece', 'United States']"
2020,Nf9Gtmxpe0k,"['god', 'sake', 'greece', 'mykonos', 'santorini']","['renata', 'grega', 'well', 'know', 'know', 'chalkidiki']",['Greece'],[]
2020,Nf9Gtmxpe0k,"['god', 'sake', 'greece', 'mykonos', 'santorini']",[],['Greece'],[]
2020,Nf9Gtmxpe0k,"['god', 'sake', 'greece', 'mykonos', 'santorini']",[],['Greece'],[]
2020,Nf9Gtmxpe0k,"['god', 'sake', 'greece', 'mykonos', 'santorini']",[],['Greece'],[]
2020,Nf9Gtmxpe0k,"['god', 'sake', 'greece', 'mykonos', 'santorini']","['grow', 'vasilika', 'beautiful']",['Greece'],[]
2020,Nf9Gtmxpe0k,"['remember', 'greece', 'much', 'santorini', 'mykonos']",[],['Greece'],[]
2020,Nf9Gtmxpe0k,"['remember', 'greece', 'much', 'santorini', 'mykonos']",[],['Greece'],[]
2020,Nf9Gtmxpe0k,"['remember', 'greece', 'much', 'santorini', 'mykonos']","['totally', 'agree', 'tell', 'u', 'examples']",['Greece'],['United States']
2020,Nf9Gtmxpe0k,"['remember', 'greece', 'much', 'santorini', 'mykonos']","['georgiosstarakis', 'start', 'athens', 'thessaloniki', 'outstanding', 'museum', 'sightsalsothere', 'place', 'like', 'evoia', 'im', 'correctlemnospeloponnesekalamata', 'amaze', 'beachesfoodsights', 'atmosphere', 'wellif', 'dig', 'deep', 'destination', 'might', 'find', 'amazing', 'location', 'go']",['Greece'],['Greece']
2020,Nf9Gtmxpe0k,"['remember', 'greece', 'much', 'santorini', 'mykonos']","['georgiosstarakis', 'chalkidiki', 'beautiful', 'place', 'north', 'greek', 'citizen', 'prefer', 'spend', 'summer', 'holiday', 'thassos', 'also', 'georgeous', 'island', 'northern', 'part', 'greece', 'combine', 'unique', 'beach', 'like', 'porto', 'vathy', 'oneofakind', 'beach', 'tropical', 'like', 'sea', 'marble', 'around', 'mountain', 'traditional', 'place', 'taverns', 'monument', 'store', 'topical', 'museum', 'etc', 'kerkyra', 'also', 'astonishing', 'place', 'despite', 'island', 'citylike', 'part', 'polution', 'big', 'crowd', 'con', 'actual', 'city', 'find', 'dozen', 'interestingly', 'activity', 'little', 'art', 'shop', 'lot', 'place', 'visit', 'like', 'castle', 'samurai', 'museum', 'etc', 'hear', 'even', 'play', 'cricket', 'family', 'man', 'really', 'consider', 'take', 'family', 'quite', 'interesting', 'destination', 'go', 'would', 'agio', 'oros', 'athos', 'third', 'leg', 'chalkidiki', 'total', 'different', 'experience', 'destination', 'holy', 'place', 'christian', 'lot', 'monastery', 'stay', 'go', 'whether', 'christian', 'place', 'something', 'really', 'magical', 'flora', 'magnificent', 'really', 'extraordinary', 'life', 'peaceful', 'find', 'inner', 'peace', 'good', 'understanding', 'god', 'communicate', 'eeeeasily', 'visiters', 'general', 'great', 'trip', 'spirit', 'every', 'time', 'leave', 'feel', 'like', 'different', 'person', 'cleanse', 'free', 'although', 'must', 'say', 'think', 'carefully', 'go', 'due', 'rule', 'must', 'follow', 'like', 'able', 'listen', 'music', 'eat', 'specific', 'time', 'go', 'specific', 'time', 'wake', 'really', 'early', 'mean', 'even', 'illegal', 'woman', 'go', 'backstory', 'magical', 'trip', 'nontheless', 'another', 'great', 'destination', 'would', 'skopelos', 'family', 'friendly', 'island', 'place', 'center', 'north', 'kyklades', 'visit', 'neighboring', 'island', 'like', 'allonisos', 'skiathos', 'skyros', 'since', 'pretty', 'close', 'one', 'another', 'beautiful', 'island', 'aegean', 'must', 'crete', 'whats', 'like', 'crete', 'amaze', 'beach', 'traditional', 'food', 'liquor', 'herb', 'landmarks', 'monument', 'even', 'castle', 'citizen', 'unique', 'friendly', 'way', 'could', 'love', 'course', 'would', 'prefer', 'go', 'island', 'definitely', 'try', 'visit', 'nauplio', 'try', 'lose', 'self', 'narrow', 'fill', 'life', 'street', 'walk', 'near', 'beautiful', 'sea', 'course', 'visit', 'monument', 'want', 'visit', 'lot', 'archaeological', 'site', 'consider', 'take', 'tour', 'peloponnesos', 'course', 'try', 'visit', 'hydra', 'island', 'nearly', 'car', 'exist', 'fortress', 'museum', 'spetses', 'bear', 'mind', 'island', 'learn', 'greek', 'revolution', 'ancient', 'civilization']",['Greece'],['Greece']
2020,Nf9Gtmxpe0k,"['remember', 'greece', 'much', 'santorini', 'mykonos']","['lemnos', 'samothraki', 'pelio', 'much']",['Greece'],[]
2020,Nf9Gtmxpe0k,"['remember', 'greece', 'much', 'santorini', 'mykonos']","['course', 'also', 'corfu', 'crete', 'ko', 'rhodes', 'paros', 'mylos', 'chios', 'etc', 'beautiful', 'island', 'heart', 'corfu', 'kos']",['Greece'],[]
2020,Nf9Gtmxpe0k,"['remember', 'greece', 'much', 'santorini', 'mykonos']","['evelinats', 'peloponnese', 'many', 'amazing', 'place', 'people', 'visitand', 'beautiful', 'hotel', 'resortsand', 'except', 'olympia', 'think', 'underatedjust', 'like', 'part', 'greece']",['Greece'],['Greece']
2020,Nf9Gtmxpe0k,"['remember', 'greece', 'much', 'santorini', 'mykonos']","['dont', 'forget', 'zagori', 'dodoni', 'souli', 'arta', 'greece', 'greece', 'full', 'island', 'full', 'mountainous', 'region']",['Greece'],['Greece']
2020,Nf9Gtmxpe0k,"['remember', 'greece', 'much', 'santorini', 'mykonos']",[],['Greece'],[]
2020,Nf9Gtmxpe0k,"['remember', 'greece', 'much', 'santorini', 'mykonos']","['want', 'see', 'minotaur']",['Greece'],[]
2020,Nf9Gtmxpe0k,"['remember', 'greece', 'much', 'santorini', 'mykonos']",[],['Greece'],[]
2020,Nf9Gtmxpe0k,"['remember', 'greece', 'much', 'santorini', 'mykonos']",[],['Greece'],[]
2020,Nf9Gtmxpe0k,"['remember', 'greece', 'much', 'santorini', 'mykonos']","['konstantinoskanellopoulos', 'yes', 'exactly', 'kastoria', 'well', 'beautiful', 'city']",['Greece'],[]
2020,Nf9Gtmxpe0k,"['remember', 'greece', 'much', 'santorini', 'mykonos']",['nope'],['Greece'],[]
2020,Nf9Gtmxpe0k,"['remember', 'greece', 'much', 'santorini', 'mykonos']","['true', 'rhodes', 'island', 'deserve', 'mention']",['Greece'],[]
2020,Nf9Gtmxpe0k,"['remember', 'greece', 'much', 'santorini', 'mykonos']",[],['Greece'],[]
2020,Nf9Gtmxpe0k,"['remember', 'greece', 'much', 'santorini', 'mykonos']",[],['Greece'],[]
2020,Nf9Gtmxpe0k,"['remember', 'greece', 'much', 'santorini', 'mykonos']","['freephilosopher', 'many', 'greek', 'island', 'favorite', 'karpathos', 'spectacular', 'island', 'secret', 'compare', 'greece']",['Greece'],['Greece']
2020,Nf9Gtmxpe0k,"['remember', 'greece', 'much', 'santorini', 'mykonos']","['christianchimmyarmy', 'cry', 'like', 'bless', 'sexual', 'pregnant', 'stay', 'like', 'live', 'alive', 'stay', 'like', 'bed', 'home', 'protects']",['Greece'],[]
2020,Nf9Gtmxpe0k,"['remember', 'greece', 'much', 'santorini', 'mykonos']",[],['Greece'],[]
2020,Nf9Gtmxpe0k,"['remember', 'greece', 'much', 'santorini', 'mykonos']",[],['Greece'],[]
2020,Nf9Gtmxpe0k,"['remember', 'greece', 'much', 'santorini', 'mykonos']","['exacly', 'love', 'greece']",['Greece'],['Greece']
2020,Nf9Gtmxpe0k,"['remember', 'greece', 'much', 'santorini', 'mykonos']",[],['Greece'],[]
2020,Nf9Gtmxpe0k,"['hiii', 'happen', 'greek', 'comment', 'dont', 'go', 'donkey', 'rid', 'santorini', 'donkey', 'treat', 'terribly', 'statue', 'athena', 'exist', 'anymore', 'underrated', 'tourist', 'destination', 'thessaloniki', 'greece', 'second', 'large', 'city', 'rich', 'history', 'many', 'museum', 'awesome', 'food', 'ionian', 'islands', 'island', 'side', 'mainland', 'nafplion', 'greece', 'former', 'capital', 'monemvasia', 'old', 'fort', 'city', 'thats', 'hope', 'enjoy', 'country']","['monemvasia', 'quite', 'island']",['Greece'],[]
2020,Nf9Gtmxpe0k,"['hiii', 'happen', 'greek', 'comment', 'dont', 'go', 'donkey', 'rid', 'santorini', 'donkey', 'treat', 'terribly', 'statue', 'athena', 'exist', 'anymore', 'underrated', 'tourist', 'destination', 'thessaloniki', 'greece', 'second', 'large', 'city', 'rich', 'history', 'many', 'museum', 'awesome', 'food', 'ionian', 'islands', 'island', 'side', 'mainland', 'nafplion', 'greece', 'former', 'capital', 'monemvasia', 'old', 'fort', 'city', 'thats', 'hope', 'enjoy', 'country']","['fake', 'news']",['Greece'],[]
2020,Nf9Gtmxpe0k,"['hiii', 'happen', 'greek', 'comment', 'dont', 'go', 'donkey', 'rid', 'santorini', 'donkey', 'treat', 'terribly', 'statue', 'athena', 'exist', 'anymore', 'underrated', 'tourist', 'destination', 'thessaloniki', 'greece', 'second', 'large', 'city', 'rich', 'history', 'many', 'museum', 'awesome', 'food', 'ionian', 'islands', 'island', 'side', 'mainland', 'nafplion', 'greece', 'former', 'capital', 'monemvasia', 'old', 'fort', 'city', 'thats', 'hope', 'enjoy', 'country']",[],['Greece'],[]
2020,Nf9Gtmxpe0k,"['hiii', 'happen', 'greek', 'comment', 'dont', 'go', 'donkey', 'rid', 'santorini', 'donkey', 'treat', 'terribly', 'statue', 'athena', 'exist', 'anymore', 'underrated', 'tourist', 'destination', 'thessaloniki', 'greece', 'second', 'large', 'city', 'rich', 'history', 'many', 'museum', 'awesome', 'food', 'ionian', 'islands', 'island', 'side', 'mainland', 'nafplion', 'greece', 'former', 'capital', 'monemvasia', 'old', 'fort', 'city', 'thats', 'hope', 'enjoy', 'country']",[],['Greece'],[]
2020,Nf9Gtmxpe0k,"['hiii', 'happen', 'greek', 'comment', 'dont', 'go', 'donkey', 'rid', 'santorini', 'donkey', 'treat', 'terribly', 'statue', 'athena', 'exist', 'anymore', 'underrated', 'tourist', 'destination', 'thessaloniki', 'greece', 'second', 'large', 'city', 'rich', 'history', 'many', 'museum', 'awesome', 'food', 'ionian', 'islands', 'island', 'side', 'mainland', 'nafplion', 'greece', 'former', 'capital', 'monemvasia', 'old', 'fort', 'city', 'thats', 'hope', 'enjoy', 'country']",[],['Greece'],[]
2020,Nf9Gtmxpe0k,"['hiii', 'happen', 'greek', 'comment', 'dont', 'go', 'donkey', 'rid', 'santorini', 'donkey', 'treat', 'terribly', 'statue', 'athena', 'exist', 'anymore', 'underrated', 'tourist', 'destination', 'thessaloniki', 'greece', 'second', 'large', 'city', 'rich', 'history', 'many', 'museum', 'awesome', 'food', 'ionian', 'islands', 'island', 'side', 'mainland', 'nafplion', 'greece', 'former', 'capital', 'monemvasia', 'old', 'fort', 'city', 'thats', 'hope', 'enjoy', 'country']",[],['Greece'],[]
2020,Nf9Gtmxpe0k,"['hiii', 'happen', 'greek', 'comment', 'dont', 'go', 'donkey', 'rid', 'santorini', 'donkey', 'treat', 'terribly', 'statue', 'athena', 'exist', 'anymore', 'underrated', 'tourist', 'destination', 'thessaloniki', 'greece', 'second', 'large', 'city', 'rich', 'history', 'many', 'museum', 'awesome', 'food', 'ionian', 'islands', 'island', 'side', 'mainland', 'nafplion', 'greece', 'former', 'capital', 'monemvasia', 'old', 'fort', 'city', 'thats', 'hope', 'enjoy', 'country']","['yes', 'dont', 'go', 'donkey', 'rid', 'atrocity', 'must', 'stop', 'thank', 'mention']",['Greece'],[]
2020,Nf9Gtmxpe0k,"['hiii', 'happen', 'greek', 'comment', 'dont', 'go', 'donkey', 'rid', 'santorini', 'donkey', 'treat', 'terribly', 'statue', 'athena', 'exist', 'anymore', 'underrated', 'tourist', 'destination', 'thessaloniki', 'greece', 'second', 'large', 'city', 'rich', 'history', 'many', 'museum', 'awesome', 'food', 'ionian', 'islands', 'island', 'side', 'mainland', 'nafplion', 'greece', 'former', 'capital', 'monemvasia', 'old', 'fort', 'city', 'thats', 'hope', 'enjoy', 'country']",[],['Greece'],[]
2020,Nf9Gtmxpe0k,"['hiii', 'happen', 'greek', 'comment', 'dont', 'go', 'donkey', 'rid', 'santorini', 'donkey', 'treat', 'terribly', 'statue', 'athena', 'exist', 'anymore', 'underrated', 'tourist', 'destination', 'thessaloniki', 'greece', 'second', 'large', 'city', 'rich', 'history', 'many', 'museum', 'awesome', 'food', 'ionian', 'islands', 'island', 'side', 'mainland', 'nafplion', 'greece', 'former', 'capital', 'monemvasia', 'old', 'fort', 'city', 'thats', 'hope', 'enjoy', 'country']","['also', 'temple', 'apollo']",['Greece'],[]
2020,Nf9Gtmxpe0k,"['hiii', 'happen', 'greek', 'comment', 'dont', 'go', 'donkey', 'rid', 'santorini', 'donkey', 'treat', 'terribly', 'statue', 'athena', 'exist', 'anymore', 'underrated', 'tourist', 'destination', 'thessaloniki', 'greece', 'second', 'large', 'city', 'rich', 'history', 'many', 'museum', 'awesome', 'food', 'ionian', 'islands', 'island', 'side', 'mainland', 'nafplion', 'greece', 'former', 'capital', 'monemvasia', 'old', 'fort', 'city', 'thats', 'hope', 'enjoy', 'country']","['something', 'good', 'donkeysits', 'ur', 'country', 'afterallsave']",['Greece'],[]
2020,Nf9Gtmxpe0k,"['hiii', 'happen', 'greek', 'comment', 'dont', 'go', 'donkey', 'rid', 'santorini', 'donkey', 'treat', 'terribly', 'statue', 'athena', 'exist', 'anymore', 'underrated', 'tourist', 'destination', 'thessaloniki', 'greece', 'second', 'large', 'city', 'rich', 'history', 'many', 'museum', 'awesome', 'food', 'ionian', 'islands', 'island', 'side', 'mainland', 'nafplion', 'greece', 'former', 'capital', 'monemvasia', 'old', 'fort', 'city', 'thats', 'hope', 'enjoy', 'country']",[],['Greece'],[]
2020,Nf9Gtmxpe0k,"['hiii', 'happen', 'greek', 'comment', 'dont', 'go', 'donkey', 'rid', 'santorini', 'donkey', 'treat', 'terribly', 'statue', 'athena', 'exist', 'anymore', 'underrated', 'tourist', 'destination', 'thessaloniki', 'greece', 'second', 'large', 'city', 'rich', 'history', 'many', 'museum', 'awesome', 'food', 'ionian', 'islands', 'island', 'side', 'mainland', 'nafplion', 'greece', 'former', 'capital', 'monemvasia', 'old', 'fort', 'city', 'thats', 'hope', 'enjoy', 'country']","['santorini', 'donkey', 'favourite', 'animal', 'stupid', 'people', 'torture', 'donkey', 'free', 'please']",['Greece'],['Greece']
2020,Nf9Gtmxpe0k,"['hiii', 'happen', 'greek', 'comment', 'dont', 'go', 'donkey', 'rid', 'santorini', 'donkey', 'treat', 'terribly', 'statue', 'athena', 'exist', 'anymore', 'underrated', 'tourist', 'destination', 'thessaloniki', 'greece', 'second', 'large', 'city', 'rich', 'history', 'many', 'museum', 'awesome', 'food', 'ionian', 'islands', 'island', 'side', 'mainland', 'nafplion', 'greece', 'former', 'capital', 'monemvasia', 'old', 'fort', 'city', 'thats', 'hope', 'enjoy', 'country']","['im', 'canadian', 'summer', 'road', 'trip', 'bulgaria', 'greece', 'spend', 'day', 'small', 'city', 'near', 'thessaloniki', 'name', 'peraia', 'amaze', 'go', 'athens', 'meteoras', 'let', 'tell', 'place', 'good', 'island']",['Greece'],"['Bulgaria', 'Greece']"
2020,Nf9Gtmxpe0k,"['hiii', 'happen', 'greek', 'comment', 'dont', 'go', 'donkey', 'rid', 'santorini', 'donkey', 'treat', 'terribly', 'statue', 'athena', 'exist', 'anymore', 'underrated', 'tourist', 'destination', 'thessaloniki', 'greece', 'second', 'large', 'city', 'rich', 'history', 'many', 'museum', 'awesome', 'food', 'ionian', 'islands', 'island', 'side', 'mainland', 'nafplion', 'greece', 'former', 'capital', 'monemvasia', 'old', 'fort', 'city', 'thats', 'hope', 'enjoy', 'country']","['whaat', 'hell', 'statue', 'athena']",['Greece'],[]
2020,Nf9Gtmxpe0k,"['hiii', 'happen', 'greek', 'comment', 'dont', 'go', 'donkey', 'rid', 'santorini', 'donkey', 'treat', 'terribly', 'statue', 'athena', 'exist', 'anymore', 'underrated', 'tourist', 'destination', 'thessaloniki', 'greece', 'second', 'large', 'city', 'rich', 'history', 'many', 'museum', 'awesome', 'food', 'ionian', 'islands', 'island', 'side', 'mainland', 'nafplion', 'greece', 'former', 'capital', 'monemvasia', 'old', 'fort', 'city', 'thats', 'hope', 'enjoy', 'country']","['general', 'geo', 'big', 'fact']",['Greece'],[]
2020,Nf9Gtmxpe0k,"['hiii', 'happen', 'greek', 'comment', 'dont', 'go', 'donkey', 'rid', 'santorini', 'donkey', 'treat', 'terribly', 'statue', 'athena', 'exist', 'anymore', 'underrated', 'tourist', 'destination', 'thessaloniki', 'greece', 'second', 'large', 'city', 'rich', 'history', 'many', 'museum', 'awesome', 'food', 'ionian', 'islands', 'island', 'side', 'mainland', 'nafplion', 'greece', 'former', 'capital', 'monemvasia', 'old', 'fort', 'city', 'thats', 'hope', 'enjoy', 'country']","['eren', 'karakasli', 'wow', 'still', 'hate', 'comment', 'greece', 'v', 'turkey', 'damn', 'thats', 'progress']",['Greece'],"['Turkey', 'Greece']"
2020,Nf9Gtmxpe0k,"['hiii', 'happen', 'greek', 'comment', 'dont', 'go', 'donkey', 'rid', 'santorini', 'donkey', 'treat', 'terribly', 'statue', 'athena', 'exist', 'anymore', 'underrated', 'tourist', 'destination', 'thessaloniki', 'greece', 'second', 'large', 'city', 'rich', 'history', 'many', 'museum', 'awesome', 'food', 'ionian', 'islands', 'island', 'side', 'mainland', 'nafplion', 'greece', 'former', 'capital', 'monemvasia', 'old', 'fort', 'city', 'thats', 'hope', 'enjoy', 'country']","['eren', 'karakasli', 'wanna', 'start', 'food', 'thing', 'even', 'dont', 'go', 'war', 'anytime', 'soon', 'still', 'many', 'thing', 'fight', 'anyway', 'like', 'many', 'people', 'call', 'u', 'good', 'swimmer', 'dont', 'mean', 'start', 'drama', 'somethings', 'greeks', 'cant', 'let', 'go']",['Greece'],['United States']
2020,Nf9Gtmxpe0k,"['hiii', 'happen', 'greek', 'comment', 'dont', 'go', 'donkey', 'rid', 'santorini', 'donkey', 'treat', 'terribly', 'statue', 'athena', 'exist', 'anymore', 'underrated', 'tourist', 'destination', 'thessaloniki', 'greece', 'second', 'large', 'city', 'rich', 'history', 'many', 'museum', 'awesome', 'food', 'ionian', 'islands', 'island', 'side', 'mainland', 'nafplion', 'greece', 'former', 'capital', 'monemvasia', 'old', 'fort', 'city', 'thats', 'hope', 'enjoy', 'country']",[],['Greece'],[]
2020,Nf9Gtmxpe0k,"['hiii', 'happen', 'greek', 'comment', 'dont', 'go', 'donkey', 'rid', 'santorini', 'donkey', 'treat', 'terribly', 'statue', 'athena', 'exist', 'anymore', 'underrated', 'tourist', 'destination', 'thessaloniki', 'greece', 'second', 'large', 'city', 'rich', 'history', 'many', 'museum', 'awesome', 'food', 'ionian', 'islands', 'island', 'side', 'mainland', 'nafplion', 'greece', 'former', 'capital', 'monemvasia', 'old', 'fort', 'city', 'thats', 'hope', 'enjoy', 'country']","['oh', 'nodont', 'tell', 'monemvasia', 'like', 'less', 'tourist']",['Greece'],[]
2020,Nf9Gtmxpe0k,"['hiii', 'happen', 'greek', 'comment', 'dont', 'go', 'donkey', 'rid', 'santorini', 'donkey', 'treat', 'terribly', 'statue', 'athena', 'exist', 'anymore', 'underrated', 'tourist', 'destination', 'thessaloniki', 'greece', 'second', 'large', 'city', 'rich', 'history', 'many', 'museum', 'awesome', 'food', 'ionian', 'islands', 'island', 'side', 'mainland', 'nafplion', 'greece', 'former', 'capital', 'monemvasia', 'old', 'fort', 'city', 'thats', 'hope', 'enjoy', 'country']",[],['Greece'],[]
2020,Nf9Gtmxpe0k,"['hiii', 'happen', 'greek', 'comment', 'dont', 'go', 'donkey', 'rid', 'santorini', 'donkey', 'treat', 'terribly', 'statue', 'athena', 'exist', 'anymore', 'underrated', 'tourist', 'destination', 'thessaloniki', 'greece', 'second', 'large', 'city', 'rich', 'history', 'many', 'museum', 'awesome', 'food', 'ionian', 'islands', 'island', 'side', 'mainland', 'nafplion', 'greece', 'former', 'capital', 'monemvasia', 'old', 'fort', 'city', 'thats', 'hope', 'enjoy', 'country']",[],['Greece'],[]
2020,Nf9Gtmxpe0k,"['hiii', 'happen', 'greek', 'comment', 'dont', 'go', 'donkey', 'rid', 'santorini', 'donkey', 'treat', 'terribly', 'statue', 'athena', 'exist', 'anymore', 'underrated', 'tourist', 'destination', 'thessaloniki', 'greece', 'second', 'large', 'city', 'rich', 'history', 'many', 'museum', 'awesome', 'food', 'ionian', 'islands', 'island', 'side', 'mainland', 'nafplion', 'greece', 'former', 'capital', 'monemvasia', 'old', 'fort', 'city', 'thats', 'hope', 'enjoy', 'country']",[],['Greece'],[]
2020,Nf9Gtmxpe0k,"['hiii', 'happen', 'greek', 'comment', 'dont', 'go', 'donkey', 'rid', 'santorini', 'donkey', 'treat', 'terribly', 'statue', 'athena', 'exist', 'anymore', 'underrated', 'tourist', 'destination', 'thessaloniki', 'greece', 'second', 'large', 'city', 'rich', 'history', 'many', 'museum', 'awesome', 'food', 'ionian', 'islands', 'island', 'side', 'mainland', 'nafplion', 'greece', 'former', 'capital', 'monemvasia', 'old', 'fort', 'city', 'thats', 'hope', 'enjoy', 'country']","['definitely', 'mount', 'athos']",['Greece'],[]
2020,Nf9Gtmxpe0k,"['hiii', 'happen', 'greek', 'comment', 'dont', 'go', 'donkey', 'rid', 'santorini', 'donkey', 'treat', 'terribly', 'statue', 'athena', 'exist', 'anymore', 'underrated', 'tourist', 'destination', 'thessaloniki', 'greece', 'second', 'large', 'city', 'rich', 'history', 'many', 'museum', 'awesome', 'food', 'ionian', 'islands', 'island', 'side', 'mainland', 'nafplion', 'greece', 'former', 'capital', 'monemvasia', 'old', 'fort', 'city', 'thats', 'hope', 'enjoy', 'country']","['live', 'thessaloniki', 'year', 'live', 'lot', 'people', 'come', 'herethere', 'many', 'different', 'thing', 'also', 'good', 'thing', 'greece', 'mention', 'intro', 'food', 'put', 'seafood', 'many', 'good', 'dish', 'heregyrossouvlaki', 'kalamaki', 'athens', 'many']",['Greece'],['Greece']
2020,Nf9Gtmxpe0k,"['hiii', 'happen', 'greek', 'comment', 'dont', 'go', 'donkey', 'rid', 'santorini', 'donkey', 'treat', 'terribly', 'statue', 'athena', 'exist', 'anymore', 'underrated', 'tourist', 'destination', 'thessaloniki', 'greece', 'second', 'large', 'city', 'rich', 'history', 'many', 'museum', 'awesome', 'food', 'ionian', 'islands', 'island', 'side', 'mainland', 'nafplion', 'greece', 'former', 'capital', 'monemvasia', 'old', 'fort', 'city', 'thats', 'hope', 'enjoy', 'country']","['florencek', 'native', 'peraia', 'id', 'agree']",['Greece'],[]
2020,Nf9Gtmxpe0k,"['hiii', 'happen', 'greek', 'comment', 'dont', 'go', 'donkey', 'rid', 'santorini', 'donkey', 'treat', 'terribly', 'statue', 'athena', 'exist', 'anymore', 'underrated', 'tourist', 'destination', 'thessaloniki', 'greece', 'second', 'large', 'city', 'rich', 'history', 'many', 'museum', 'awesome', 'food', 'ionian', 'islands', 'island', 'side', 'mainland', 'nafplion', 'greece', 'former', 'capital', 'monemvasia', 'old', 'fort', 'city', 'thats', 'hope', 'enjoy', 'country']","['xanthi', 'carnival', 'old', 'town']",['Greece'],[]
2020,Nf9Gtmxpe0k,"['hiii', 'happen', 'greek', 'comment', 'dont', 'go', 'donkey', 'rid', 'santorini', 'donkey', 'treat', 'terribly', 'statue', 'athena', 'exist', 'anymore', 'underrated', 'tourist', 'destination', 'thessaloniki', 'greece', 'second', 'large', 'city', 'rich', 'history', 'many', 'museum', 'awesome', 'food', 'ionian', 'islands', 'island', 'side', 'mainland', 'nafplion', 'greece', 'former', 'capital', 'monemvasia', 'old', 'fort', 'city', 'thats', 'hope', 'enjoy', 'country']",['happen'],['Greece'],[]
2020,Nf9Gtmxpe0k,"['greek', 'want', 'ask', 'something', 'people', 'visit', 'country', 'please', 'boycott', 'donkey', 'rid', 'santorini', 'use', 'lift', 'instead', 'animal', 'treat', 'really', 'badly']",[],['Greece'],[]
2020,Nf9Gtmxpe0k,"['greek', 'want', 'ask', 'something', 'people', 'visit', 'country', 'please', 'boycott', 'donkey', 'rid', 'santorini', 'use', 'lift', 'instead', 'animal', 'treat', 'really', 'badly']",[],['Greece'],[]
2020,Nf9Gtmxpe0k,"['greek', 'want', 'ask', 'something', 'people', 'visit', 'country', 'please', 'boycott', 'donkey', 'rid', 'santorini', 'use', 'lift', 'instead', 'animal', 'treat', 'really', 'badly']",[],['Greece'],[]
2020,Nf9Gtmxpe0k,"['greek', 'want', 'ask', 'something', 'people', 'visit', 'country', 'please', 'boycott', 'donkey', 'rid', 'santorini', 'use', 'lift', 'instead', 'animal', 'treat', 'really', 'badly']",[],['Greece'],[]
2020,Nf9Gtmxpe0k,"['greek', 'want', 'ask', 'something', 'people', 'visit', 'country', 'please', 'boycott', 'donkey', 'rid', 'santorini', 'use', 'lift', 'instead', 'animal', 'treat', 'really', 'badly']",[],['Greece'],[]
2020,Nf9Gtmxpe0k,"['greek', 'want', 'ask', 'something', 'people', 'visit', 'country', 'please', 'boycott', 'donkey', 'rid', 'santorini', 'use', 'lift', 'instead', 'animal', 'treat', 'really', 'badly']",[],['Greece'],[]
2020,Nf9Gtmxpe0k,"['greek', 'want', 'ask', 'something', 'people', 'visit', 'country', 'please', 'boycott', 'donkey', 'rid', 'santorini', 'use', 'lift', 'instead', 'animal', 'treat', 'really', 'badly']",[],['Greece'],[]
2020,Nf9Gtmxpe0k,"['greek', 'want', 'ask', 'something', 'people', 'visit', 'country', 'please', 'boycott', 'donkey', 'rid', 'santorini', 'use', 'lift', 'instead', 'animal', 'treat', 'really', 'badly']","['dont', 'lift', 'taxis']",['Greece'],[]
2020,Nf9Gtmxpe0k,"['greek', 'want', 'ask', 'something', 'people', 'visit', 'country', 'please', 'boycott', 'donkey', 'rid', 'santorini', 'use', 'lift', 'instead', 'animal', 'treat', 'really', 'badly']","['hey', 'greek', 'person', 'greek', 'mythology', 'real']",['Greece'],[]
2020,Nf9Gtmxpe0k,"['greek', 'want', 'ask', 'something', 'people', 'visit', 'country', 'please', 'boycott', 'donkey', 'rid', 'santorini', 'use', 'lift', 'instead', 'animal', 'treat', 'really', 'badly']",[],['Greece'],[]
2020,Nf9Gtmxpe0k,"['greek', 'want', 'ask', 'something', 'people', 'visit', 'country', 'please', 'boycott', 'donkey', 'rid', 'santorini', 'use', 'lift', 'instead', 'animal', 'treat', 'really', 'badly']","['creepypastashitfan', 'base', 'real', 'people', 'real', 'event', 'often', 'dig', 'little', 'deep', 'surface', 'youll', 'find', 'interesting', 'meaning', 'ancient', 'greek', 'myth', 'always', 'important', 'lesson', 'teach', 'even', 'god', 'demigod', 'mythical', 'creature', 'myth', 'often', 'real', 'people', 'play', 'important', 'role', 'greek', 'history', 'culture']",['Greece'],[]
2020,Nf9Gtmxpe0k,"['greek', 'want', 'ask', 'something', 'people', 'visit', 'country', 'please', 'boycott', 'donkey', 'rid', 'santorini', 'use', 'lift', 'instead', 'animal', 'treat', 'really', 'badly']",[],['Greece'],[]
2020,Nf9Gtmxpe0k,"['greek', 'want', 'ask', 'something', 'people', 'visit', 'country', 'please', 'boycott', 'donkey', 'rid', 'santorini', 'use', 'lift', 'instead', 'animal', 'treat', 'really', 'badly']","['creepypastashitfan', 'im', 'greek']",['Greece'],[]
2020,Nf9Gtmxpe0k,"['greek', 'want', 'ask', 'something', 'people', 'visit', 'country', 'please', 'boycott', 'donkey', 'rid', 'santorini', 'use', 'lift', 'instead', 'animal', 'treat', 'really', 'badly']","['certainly', 'keep', 'mind', 'im', 'sure', 'wouldnt', 'choose', 'ride', 'donkey', 'anyways', 'use', 'tourist', 'ride', 'seem', 'pretty', 'disrespectful', 'towards', 'painful']",['Greece'],[]
2020,Nf9Gtmxpe0k,"['greek', 'want', 'ask', 'something', 'people', 'visit', 'country', 'please', 'boycott', 'donkey', 'rid', 'santorini', 'use', 'lift', 'instead', 'animal', 'treat', 'really', 'badly']","['live', 'greece', 'year']",['Greece'],['Greece']
2020,Nf9Gtmxpe0k,"['greek', 'want', 'ask', 'something', 'people', 'visit', 'country', 'please', 'boycott', 'donkey', 'rid', 'santorini', 'use', 'lift', 'instead', 'animal', 'treat', 'really', 'badly']",[],['Greece'],[]
2020,Nf9Gtmxpe0k,"['greek', 'want', 'ask', 'something', 'people', 'visit', 'country', 'please', 'boycott', 'donkey', 'rid', 'santorini', 'use', 'lift', 'instead', 'animal', 'treat', 'really', 'badly']","['santorini', 'gorgeous', 'probably', 'wont', 'go', 'back', 'appal', 'poor', 'donkey', 'horse', 'trudge', 'step', 'day', 'grinding', 'heat', 'even', 'saw', 'one', 'man', 'beat', 'donkey', 'head']",['Greece'],['Greece']
2020,Nf9Gtmxpe0k,"['greek', 'want', 'ask', 'something', 'people', 'visit', 'country', 'please', 'boycott', 'donkey', 'rid', 'santorini', 'use', 'lift', 'instead', 'animal', 'treat', 'really', 'badly']",[],['Greece'],['Greece']
2020,Nf9Gtmxpe0k,"['ive', 'travel', 'quite', 'bit', 'age', 'say', 'greece', 'beautiful', 'country', 'ever', 'might', 'bias', 'cause', 'serb', 'greek', 'historically', 'close', 'regardless', 'mountain', 'winter', 'ski', 'resort', 'stone', 'villages', 'river', 'forest', 'island', 'beach', 'delicious', 'food', 'friendly', 'people', 'havent', 'visit', 'asap']","['finally', 'aspect', 'beach', 'island', 'recognize', 'thanks', 'visit']",['Greece'],[]
2020,Nf9Gtmxpe0k,"['ive', 'travel', 'quite', 'bit', 'age', 'say', 'greece', 'beautiful', 'country', 'ever', 'might', 'bias', 'cause', 'serb', 'greek', 'historically', 'close', 'regardless', 'mountain', 'winter', 'ski', 'resort', 'stone', 'villages', 'river', 'forest', 'island', 'beach', 'delicious', 'food', 'friendly', 'people', 'havent', 'visit', 'asap']","['serb', 'always', 'count', 'brother', 'friend']",['Greece'],[]
2020,Nf9Gtmxpe0k,"['ive', 'travel', 'quite', 'bit', 'age', 'say', 'greece', 'beautiful', 'country', 'ever', 'might', 'bias', 'cause', 'serb', 'greek', 'historically', 'close', 'regardless', 'mountain', 'winter', 'ski', 'resort', 'stone', 'villages', 'river', 'forest', 'island', 'beach', 'delicious', 'food', 'friendly', 'people', 'havent', 'visit', 'asap']",[],['Greece'],[]
2020,Nf9Gtmxpe0k,"['ive', 'travel', 'quite', 'bit', 'age', 'say', 'greece', 'beautiful', 'country', 'ever', 'might', 'bias', 'cause', 'serb', 'greek', 'historically', 'close', 'regardless', 'mountain', 'winter', 'ski', 'resort', 'stone', 'villages', 'river', 'forest', 'island', 'beach', 'delicious', 'food', 'friendly', 'people', 'havent', 'visit', 'asap']","['thank', 'brate']",['Greece'],[]
2020,Nf9Gtmxpe0k,"['ive', 'travel', 'quite', 'bit', 'age', 'say', 'greece', 'beautiful', 'country', 'ever', 'might', 'bias', 'cause', 'serb', 'greek', 'historically', 'close', 'regardless', 'mountain', 'winter', 'ski', 'resort', 'stone', 'villages', 'river', 'forest', 'island', 'beach', 'delicious', 'food', 'friendly', 'people', 'havent', 'visit', 'asap']",[],['Greece'],[]
2020,Nf9Gtmxpe0k,"['ive', 'travel', 'quite', 'bit', 'age', 'say', 'greece', 'beautiful', 'country', 'ever', 'might', 'bias', 'cause', 'serb', 'greek', 'historically', 'close', 'regardless', 'mountain', 'winter', 'ski', 'resort', 'stone', 'villages', 'river', 'forest', 'island', 'beach', 'delicious', 'food', 'friendly', 'people', 'havent', 'visit', 'asap']",[],['Greece'],[]
2020,Nf9Gtmxpe0k,"['ive', 'travel', 'quite', 'bit', 'age', 'say', 'greece', 'beautiful', 'country', 'ever', 'might', 'bias', 'cause', 'serb', 'greek', 'historically', 'close', 'regardless', 'mountain', 'winter', 'ski', 'resort', 'stone', 'villages', 'river', 'forest', 'island', 'beach', 'delicious', 'food', 'friendly', 'people', 'havent', 'visit', 'asap']",[],['Greece'],[]
2020,Nf9Gtmxpe0k,"['ive', 'travel', 'quite', 'bit', 'age', 'say', 'greece', 'beautiful', 'country', 'ever', 'might', 'bias', 'cause', 'serb', 'greek', 'historically', 'close', 'regardless', 'mountain', 'winter', 'ski', 'resort', 'stone', 'villages', 'river', 'forest', 'island', 'beach', 'delicious', 'food', 'friendly', 'people', 'havent', 'visit', 'asap']","['love', 'serbs']",['Greece'],[]
2020,Nf9Gtmxpe0k,"['ive', 'travel', 'quite', 'bit', 'age', 'say', 'greece', 'beautiful', 'country', 'ever', 'might', 'bias', 'cause', 'serb', 'greek', 'historically', 'close', 'regardless', 'mountain', 'winter', 'ski', 'resort', 'stone', 'villages', 'river', 'forest', 'island', 'beach', 'delicious', 'food', 'friendly', 'people', 'havent', 'visit', 'asap']","['love', 'serb']",['Greece'],[]
2020,Nf9Gtmxpe0k,"['ive', 'travel', 'quite', 'bit', 'age', 'say', 'greece', 'beautiful', 'country', 'ever', 'might', 'bias', 'cause', 'serb', 'greek', 'historically', 'close', 'regardless', 'mountain', 'winter', 'ski', 'resort', 'stone', 'villages', 'river', 'forest', 'island', 'beach', 'delicious', 'food', 'friendly', 'people', 'havent', 'visit', 'asap']",[],['Greece'],[]
2020,Nf9Gtmxpe0k,"['greece', 'first', 'country', 'visit', 'get', 'job', 'graduation', 'ton', 'beautiful', 'historical', 'touristic', 'site', 'greek', 'culture', 'cuisine', 'beyond', 'awesome']","['awesome', 'congrats', 'graduation']",['Greece'],[]
2020,Nf9Gtmxpe0k,"['greece', 'first', 'country', 'visit', 'get', 'job', 'graduation', 'ton', 'beautiful', 'historical', 'touristic', 'site', 'greek', 'culture', 'cuisine', 'beyond', 'awesome']","['eugenechousein', 'thanks', 'graduation', 'greeting', 'come', 'early', 'havent', 'graduate', 'yet']",['Greece'],[]
2020,Nf9Gtmxpe0k,"['greece', 'first', 'country', 'visit', 'get', 'job', 'graduation', 'ton', 'beautiful', 'historical', 'touristic', 'site', 'greek', 'culture', 'cuisine', 'beyond', 'awesome']","['great', 'would', 'advise', 'visit', 'popular', 'island', 'like', 'mykonos', 'santorini', 'also', 'less', 'known', 'place', 'country', 'island', 'get', 'overcrowd', 'summer', 'make', 'difficult', 'move', 'around']",['Greece'],['Greece']
2020,Nf9Gtmxpe0k,"['greece', 'first', 'country', 'visit', 'get', 'job', 'graduation', 'ton', 'beautiful', 'historical', 'touristic', 'site', 'greek', 'culture', 'cuisine', 'beyond', 'awesome']","['sparkle', 'excellent', 'choice', 'love', 'hope', 'amazing', 'time', 'greek', 'greece', 'welcome']",['Greece'],['Greece']
2020,Nf9Gtmxpe0k,"['greece', 'first', 'country', 'visit', 'get', 'job', 'graduation', 'ton', 'beautiful', 'historical', 'touristic', 'site', 'greek', 'culture', 'cuisine', 'beyond', 'awesome']",[],['Greece'],[]
2020,Nf9Gtmxpe0k,"['greece', 'first', 'country', 'visit', 'get', 'job', 'graduation', 'ton', 'beautiful', 'historical', 'touristic', 'site', 'greek', 'culture', 'cuisine', 'beyond', 'awesome']","['u', 'see', 'chilling', 'country', 'world', 'opinion', 'visit', 'many', 'island', 'really', 'cheap', 'travel', 'boat', 'people', 'specially', 'island', 'really', 'welcome', 'full', 'positivitycrete', 'would', 'perfect', 'choice']",['Greece'],[]
2020,Nf9Gtmxpe0k,"['greece', 'first', 'country', 'visit', 'get', 'job', 'graduation', 'ton', 'beautiful', 'historical', 'touristic', 'site', 'greek', 'culture', 'cuisine', 'beyond', 'awesome']","['ambi', 'mix', 'yeah', 'pay', 'euro', 'per', 'night', 'ofc', 'go', 'bad', 'hotel', 'mate', 'depend', 'wich', 'city', 'village', 'visitingand', 'price', 'expensive', 'avoid', 'touristic', 'shop', 'lolunless', 'french', 'french', 'people', 'want', 'coffe', 'cent', 'plate', 'full', 'food', 'euro', 'like', 'thailand', 'tho']",['Greece'],['Thailand']
2020,Nf9Gtmxpe0k,"['greece', 'first', 'country', 'visit', 'get', 'job', 'graduation', 'ton', 'beautiful', 'historical', 'touristic', 'site', 'greek', 'culture', 'cuisine', 'beyond', 'awesome']","['wish', 'explore', 'greece', 'dont', 'stick', 'santorini', 'mykonos', 'athens', 'explore', 'northern', 'greece', 'visit', 'winter', 'go', 'ski', 'explore', 'real', 'thing', 'tourist', 'spot', 'greece', 'two', 'island', 'summer', 'constantly', 'summer']",['Greece'],['Greece']
2020,Nf9Gtmxpe0k,"['greece', 'first', 'country', 'visit', 'get', 'job', 'graduation', 'ton', 'beautiful', 'historical', 'touristic', 'site', 'greek', 'culture', 'cuisine', 'beyond', 'awesome']","['yes', 'yeeeees', 'come', 'little', 'tourism', 'come', 'spend', 'money', 'water', 'bottle']",['Greece'],[]
2020,Nf9Gtmxpe0k,"['greece', 'first', 'country', 'visit', 'get', 'job', 'graduation', 'ton', 'beautiful', 'historical', 'touristic', 'site', 'greek', 'culture', 'cuisine', 'beyond', 'awesome']",[],['Greece'],[]
2020,Nf9Gtmxpe0k,"['greece', 'first', 'country', 'visit', 'get', 'job', 'graduation', 'ton', 'beautiful', 'historical', 'touristic', 'site', 'greek', 'culture', 'cuisine', 'beyond', 'awesome']","['hope', 'u', 'graduate', 'since', 'month', 'alreadyif', 'youre', 'think', 'go', 'greece', 'summer', 'please', 'aware', 'covid', '19protect', 'urself', 'otherswe', 'dont', 'want', '2nd', 'huge', 'wave', 'hit', 'u', 'hahaanyways', 'stay', 'safe']",['Greece'],"['Greece', 'United States']"
2020,Nf9Gtmxpe0k,"['attention', 'tourist', 'greece', 'many', 'island', 'small', 'big', 'medium', 'islands', 'many', 'island', 'beautiful', 'famous', 'island', 'mykonos', 'santorini', 'etc', 'advise', 'tourist', 'dont', 'like', 'overcrowded', 'place', 'visit', 'small', 'less', 'famous', 'island', 'perfect', 'family', 'small', 'kid', 'quite', 'safe', 'beautiful', 'beach', 'excellent', 'food', 'much', 'cheap', 'famous', 'tourist', 'destination']",[],['Greece'],[]
2020,Nf9Gtmxpe0k,"['attention', 'tourist', 'greece', 'many', 'island', 'small', 'big', 'medium', 'islands', 'many', 'island', 'beautiful', 'famous', 'island', 'mykonos', 'santorini', 'etc', 'advise', 'tourist', 'dont', 'like', 'overcrowded', 'place', 'visit', 'small', 'less', 'famous', 'island', 'perfect', 'family', 'small', 'kid', 'quite', 'safe', 'beautiful', 'beach', 'excellent', 'food', 'much', 'cheap', 'famous', 'tourist', 'destination']",['thanks'],['Greece'],[]
2020,Nf9Gtmxpe0k,"['attention', 'tourist', 'greece', 'many', 'island', 'small', 'big', 'medium', 'islands', 'many', 'island', 'beautiful', 'famous', 'island', 'mykonos', 'santorini', 'etc', 'advise', 'tourist', 'dont', 'like', 'overcrowded', 'place', 'visit', 'small', 'less', 'famous', 'island', 'perfect', 'family', 'small', 'kid', 'quite', 'safe', 'beautiful', 'beach', 'excellent', 'food', 'much', 'cheap', 'famous', 'tourist', 'destination']","['ambi', 'mix', 'wrongother', 'country', 'keep', 'bang', 'system', 'thy', 'choose', 'steal', 'money', 'way', 'greece', 'economical', 'crisiswe', 'hard', 'workersambitious', 'want', 'justiceeuropian', 'community', 'steal', 'independence', 'dont', 'care', 'politiciansgreek', 'people', 'ignore', 'didnt', 'something', 'thisto', 'get', 'systemthats', 'mistakeas', 'countryi', 'proud', 'greek', 'living', 'beautifull', 'placesfortunately', 'advantage']",['Greece'],['Greece']
2020,Nf9Gtmxpe0k,"['attention', 'tourist', 'greece', 'many', 'island', 'small', 'big', 'medium', 'islands', 'many', 'island', 'beautiful', 'famous', 'island', 'mykonos', 'santorini', 'etc', 'advise', 'tourist', 'dont', 'like', 'overcrowded', 'place', 'visit', 'small', 'less', 'famous', 'island', 'perfect', 'family', 'small', 'kid', 'quite', 'safe', 'beautiful', 'beach', 'excellent', 'food', 'much', 'cheap', 'famous', 'tourist', 'destination']","['hear', 'naxos', 'paros', 'nice', 'place', 'right']",['Greece'],['France']
2020,Nf9Gtmxpe0k,"['attention', 'tourist', 'greece', 'many', 'island', 'small', 'big', 'medium', 'islands', 'many', 'island', 'beautiful', 'famous', 'island', 'mykonos', 'santorini', 'etc', 'advise', 'tourist', 'dont', 'like', 'overcrowded', 'place', 'visit', 'small', 'less', 'famous', 'island', 'perfect', 'family', 'small', 'kid', 'quite', 'safe', 'beautiful', 'beach', 'excellent', 'food', 'much', 'cheap', 'famous', 'tourist', 'destination']","['silviaromano', 'yes', 'beautiful', 'cyclades', 'island', 'rather', 'touristic', 'try', 'visit', 'island', 'without', 'airport', 'dont', 'like', 'crowd']",['Greece'],[]
2020,Nf9Gtmxpe0k,"['attention', 'tourist', 'greece', 'many', 'island', 'small', 'big', 'medium', 'islands', 'many', 'island', 'beautiful', 'famous', 'island', 'mykonos', 'santorini', 'etc', 'advise', 'tourist', 'dont', 'like', 'overcrowded', 'place', 'visit', 'small', 'less', 'famous', 'island', 'perfect', 'family', 'small', 'kid', 'quite', 'safe', 'beautiful', 'beach', 'excellent', 'food', 'much', 'cheap', 'famous', 'tourist', 'destination']","['silviaromano', 'island', 'beauty', 'paros', 'naxos', 'beautiful', 'overcrowd', 'two', 'island', 'belong', 'cyclades', 'islands', 'cyclades', 'island', 'small', 'less', 'touristic', 'cheap', 'many', 'attractive', 'famous', 'paros', 'naxos']",['Greece'],[]
2020,Nf9Gtmxpe0k,"['attention', 'tourist', 'greece', 'many', 'island', 'small', 'big', 'medium', 'islands', 'many', 'island', 'beautiful', 'famous', 'island', 'mykonos', 'santorini', 'etc', 'advise', 'tourist', 'dont', 'like', 'overcrowded', 'place', 'visit', 'small', 'less', 'famous', 'island', 'perfect', 'family', 'small', 'kid', 'quite', 'safe', 'beautiful', 'beach', 'excellent', 'food', 'much', 'cheap', 'famous', 'tourist', 'destination']",[],['Greece'],[]
2020,Nf9Gtmxpe0k,"['attention', 'tourist', 'greece', 'many', 'island', 'small', 'big', 'medium', 'islands', 'many', 'island', 'beautiful', 'famous', 'island', 'mykonos', 'santorini', 'etc', 'advise', 'tourist', 'dont', 'like', 'overcrowded', 'place', 'visit', 'small', 'less', 'famous', 'island', 'perfect', 'family', 'small', 'kid', 'quite', 'safe', 'beautiful', 'beach', 'excellent', 'food', 'much', 'cheap', 'famous', 'tourist', 'destination']","['ambi', 'mix', 'sorry', 'dont', 'even', 'know', 'talk', 'see', 'merkel', 'want', 'bail', 'greek', 'bank', 'didnt', 'deutche', 'bank', 'would', 'face', 'big', 'problem', 'instead', 'let', 'greek', 'bank', 'die', 'choose', 'give', 'loan', 'gift', 'greeek', 'bank', 'loan', 'gift', 'bank', 'make', 'money', 'every', 'day', 'bail', 'think', 'talk', 'less']",['Greece'],[]
2020,Nf9Gtmxpe0k,"['attention', 'tourist', 'greece', 'many', 'island', 'small', 'big', 'medium', 'islands', 'many', 'island', 'beautiful', 'famous', 'island', 'mykonos', 'santorini', 'etc', 'advise', 'tourist', 'dont', 'like', 'overcrowded', 'place', 'visit', 'small', 'less', 'famous', 'island', 'perfect', 'family', 'small', 'kid', 'quite', 'safe', 'beautiful', 'beach', 'excellent', 'food', 'much', 'cheap', 'famous', 'tourist', 'destination']","['silvia', 'romano', 'yes', 'especially', 'paros', 'perfect', 'beach', 'nightlife', 'top', 'island', 'age', 'variety']",['Greece'],[]
2020,Nf9Gtmxpe0k,"['attention', 'tourist', 'greece', 'many', 'island', 'small', 'big', 'medium', 'islands', 'many', 'island', 'beautiful', 'famous', 'island', 'mykonos', 'santorini', 'etc', 'advise', 'tourist', 'dont', 'like', 'overcrowded', 'place', 'visit', 'small', 'less', 'famous', 'island', 'perfect', 'family', 'small', 'kid', 'quite', 'safe', 'beautiful', 'beach', 'excellent', 'food', 'much', 'cheap', 'famous', 'tourist', 'destination']",[],['Greece'],[]
2020,Nf9Gtmxpe0k,"['attention', 'tourist', 'greece', 'many', 'island', 'small', 'big', 'medium', 'islands', 'many', 'island', 'beautiful', 'famous', 'island', 'mykonos', 'santorini', 'etc', 'advise', 'tourist', 'dont', 'like', 'overcrowded', 'place', 'visit', 'small', 'less', 'famous', 'island', 'perfect', 'family', 'small', 'kid', 'quite', 'safe', 'beautiful', 'beach', 'excellent', 'food', 'much', 'cheap', 'famous', 'tourist', 'destination']","['ambi', 'mix', 'get', 'use', 'germany', 'money', 'world', 'never', 'good', 'greece', 'come', 'quality', 'life', 'government', 'tax', 'pay', 'general', 'worker', 'germany', 'fun', 'political', 'party', 'corrupt', 'may', 'remind', 'germany', 'give', 'huge', 'amount', 'money', 'loan', 'early', 'rebuild', 'country', 'war', 'loan', 'wipe', 'never', 'give', 'back', 'dont', 'teach', 'school', 'history', 'economics', 'germany', 'know', 'gold', 'priceless', 'thing', 'nazi', 'germany', 'take', 'greece', 'never', 'give', 'back', 'u', 'favor', 'please', 'dont', 'come', 'country', 'stay', 'germany', 'virus']",['Greece'],"['Germany', 'Greece', 'United States']"
2020,Nf9Gtmxpe0k,"['attention', 'tourist', 'greece', 'many', 'island', 'small', 'big', 'medium', 'islands', 'many', 'island', 'beautiful', 'famous', 'island', 'mykonos', 'santorini', 'etc', 'advise', 'tourist', 'dont', 'like', 'overcrowded', 'place', 'visit', 'small', 'less', 'famous', 'island', 'perfect', 'family', 'small', 'kid', 'quite', 'safe', 'beautiful', 'beach', 'excellent', 'food', 'much', 'cheap', 'famous', 'tourist', 'destination']","['ambi', 'mix', 'nonsense', 'viceversa', 'get', 'steal', 'money', 'u', 'clever', 'jobberya', 'friend', 'mine', 'phd', 'economics', 'life', 'england', 'tell', 'exactly', 'happen', 'want', 'know', 'tell']",['Greece'],['United Kingdom']
2020,Nf9Gtmxpe0k,"['attention', 'tourist', 'greece', 'many', 'island', 'small', 'big', 'medium', 'islands', 'many', 'island', 'beautiful', 'famous', 'island', 'mykonos', 'santorini', 'etc', 'advise', 'tourist', 'dont', 'like', 'overcrowded', 'place', 'visit', 'small', 'less', 'famous', 'island', 'perfect', 'family', 'small', 'kid', 'quite', 'safe', 'beautiful', 'beach', 'excellent', 'food', 'much', 'cheap', 'famous', 'tourist', 'destination']","['silviaromano', 'pick', 'random', 'unknown', 'island', 'map', 'go']",['Greece'],[]
2020,Nf9Gtmxpe0k,"['attention', 'tourist', 'greece', 'many', 'island', 'small', 'big', 'medium', 'islands', 'many', 'island', 'beautiful', 'famous', 'island', 'mykonos', 'santorini', 'etc', 'advise', 'tourist', 'dont', 'like', 'overcrowded', 'place', 'visit', 'small', 'less', 'famous', 'island', 'perfect', 'family', 'small', 'kid', 'quite', 'safe', 'beautiful', 'beach', 'excellent', 'food', 'much', 'cheap', 'famous', 'tourist', 'destination']","['ambimix', 'noble', 'say', 'fellow', 'greek', 'grexit', 'punishment', 'failling', 'economy', 'germanys', 'destroy', 'europe']",['Greece'],[]
2020,Nf9Gtmxpe0k,"['attention', 'tourist', 'greece', 'many', 'island', 'small', 'big', 'medium', 'islands', 'many', 'island', 'beautiful', 'famous', 'island', 'mykonos', 'santorini', 'etc', 'advise', 'tourist', 'dont', 'like', 'overcrowded', 'place', 'visit', 'small', 'less', 'famous', 'island', 'perfect', 'family', 'small', 'kid', 'quite', 'safe', 'beautiful', 'beach', 'excellent', 'food', 'much', 'cheap', 'famous', 'tourist', 'destination']","['pitta', 'savvas', 'dont', 'believe', 'greek', 'thousand', 'year', 'fuck', 'u', 'completely', 'state', 'jealous', 'theyre', 'stole', 'everything', 'want', 'give', 'u', 'whole', 'fault']",['Greece'],['United States']
2020,Nf9Gtmxpe0k,"['attention', 'tourist', 'greece', 'many', 'island', 'small', 'big', 'medium', 'islands', 'many', 'island', 'beautiful', 'famous', 'island', 'mykonos', 'santorini', 'etc', 'advise', 'tourist', 'dont', 'like', 'overcrowded', 'place', 'visit', 'small', 'less', 'famous', 'island', 'perfect', 'family', 'small', 'kid', 'quite', 'safe', 'beautiful', 'beach', 'excellent', 'food', 'much', 'cheap', 'famous', 'tourist', 'destination']",[],['Greece'],[]
2020,Nf9Gtmxpe0k,"['attention', 'tourist', 'greece', 'many', 'island', 'small', 'big', 'medium', 'islands', 'many', 'island', 'beautiful', 'famous', 'island', 'mykonos', 'santorini', 'etc', 'advise', 'tourist', 'dont', 'like', 'overcrowded', 'place', 'visit', 'small', 'less', 'famous', 'island', 'perfect', 'family', 'small', 'kid', 'quite', 'safe', 'beautiful', 'beach', 'excellent', 'food', 'much', 'cheap', 'famous', 'tourist', 'destination']","['ambi', 'mix', 'probably', 'turk', 'live', 'germany']",['Greece'],['Germany']
2020,Nf9Gtmxpe0k,"['attention', 'tourist', 'greece', 'many', 'island', 'small', 'big', 'medium', 'islands', 'many', 'island', 'beautiful', 'famous', 'island', 'mykonos', 'santorini', 'etc', 'advise', 'tourist', 'dont', 'like', 'overcrowded', 'place', 'visit', 'small', 'less', 'famous', 'island', 'perfect', 'family', 'small', 'kid', 'quite', 'safe', 'beautiful', 'beach', 'excellent', 'food', 'much', 'cheap', 'famous', 'tourist', 'destination']","['ambi', 'mix', 'erasmus', 'trip', 'germany', 'love', 'german', 'meet', 'bad', 'thing', 'youre', 'ruin', 'country', 'image']",['Greece'],['Germany']
2020,Nf9Gtmxpe0k,"['attention', 'tourist', 'greece', 'many', 'island', 'small', 'big', 'medium', 'islands', 'many', 'island', 'beautiful', 'famous', 'island', 'mykonos', 'santorini', 'etc', 'advise', 'tourist', 'dont', 'like', 'overcrowded', 'place', 'visit', 'small', 'less', 'famous', 'island', 'perfect', 'family', 'small', 'kid', 'quite', 'safe', 'beautiful', 'beach', 'excellent', 'food', 'much', 'cheap', 'famous', 'tourist', 'destination']",[],['Greece'],[]
2020,Nf9Gtmxpe0k,"['attention', 'tourist', 'greece', 'many', 'island', 'small', 'big', 'medium', 'islands', 'many', 'island', 'beautiful', 'famous', 'island', 'mykonos', 'santorini', 'etc', 'advise', 'tourist', 'dont', 'like', 'overcrowded', 'place', 'visit', 'small', 'less', 'famous', 'island', 'perfect', 'family', 'small', 'kid', 'quite', 'safe', 'beautiful', 'beach', 'excellent', 'food', 'much', 'cheap', 'famous', 'tourist', 'destination']","['orestisrovakis', 'always', 'think', 'give', 'money', 'away', 'mean', 'sht', 'man', 'still', 'pay', 'loan', 'noo', 'thiefs']",['Greece'],[]
2020,Nf9Gtmxpe0k,"['attention', 'tourist', 'greece', 'many', 'island', 'small', 'big', 'medium', 'islands', 'many', 'island', 'beautiful', 'famous', 'island', 'mykonos', 'santorini', 'etc', 'advise', 'tourist', 'dont', 'like', 'overcrowded', 'place', 'visit', 'small', 'less', 'famous', 'island', 'perfect', 'family', 'small', 'kid', 'quite', 'safe', 'beautiful', 'beach', 'excellent', 'food', 'much', 'cheap', 'famous', 'tourist', 'destination']",[],['Greece'],[]
2020,Nf9Gtmxpe0k,"['one', 'thing', 'impress', 'greece', 'even', 'overtouristed', 'place', 'santorini', 'acropolis', 'athens', 'etc', 'local', 'people', 'seem', 'jaded', 'hassle', 'business', 'like', 'country', 'half', 'expect', 'hassle', 'rip', 'due', 'economic', 'crisis', 'excessive', 'tourism', 'none', 'happen', 'favourite', 'place', 'crete', 'dont', 'go', 'want']","['thank', 'choose', 'greece', 'always', 'welcome', 'come', 'back']",['Greece'],['Greece']
2020,Nf9Gtmxpe0k,"['one', 'thing', 'impress', 'greece', 'even', 'overtouristed', 'place', 'santorini', 'acropolis', 'athens', 'etc', 'local', 'people', 'seem', 'jaded', 'hassle', 'business', 'like', 'country', 'half', 'expect', 'hassle', 'rip', 'due', 'economic', 'crisis', 'excessive', 'tourism', 'none', 'happen', 'favourite', 'place', 'crete', 'dont', 'go', 'want']","['im', 'tire', 'foreigner', 'see', 'u', 'starve', 'third', 'world', 'shithole', 'like', 'hear', 'meet', 'someone', 'abroad', 'reveal', 'im', 'greek', 'life', 'much', 'good', 'supposedly', 'rich', 'country']",['Greece'],['United States']
2020,Nf9Gtmxpe0k,"['one', 'thing', 'impress', 'greece', 'even', 'overtouristed', 'place', 'santorini', 'acropolis', 'athens', 'etc', 'local', 'people', 'seem', 'jaded', 'hassle', 'business', 'like', 'country', 'half', 'expect', 'hassle', 'rip', 'due', 'economic', 'crisis', 'excessive', 'tourism', 'none', 'happen', 'favourite', 'place', 'crete', 'dont', 'go', 'want']",[],['Greece'],[]
2020,Nf9Gtmxpe0k,"['im', 'go', 'greece', 'friend', 'summer']","['fun', 'go']",['Greece'],[]
2020,Nf9Gtmxpe0k,"['im', 'go', 'greece', 'friend', 'summer']","['janssen', 'youre', 'really', 'go', 'enjoy', 'go', 'year', 'ago', 'last', 'summer', 'cause', 'love', 'muc']",['Greece'],[]
2020,Nf9Gtmxpe0k,"['im', 'go', 'greece', 'friend', 'summer']",[],['Greece'],[]
2020,Nf9Gtmxpe0k,"['im', 'go', 'greece', 'friend', 'summer']","['sofiejanssen', 'quite', 'touristy', 'hope', 'fun']",['Greece'],[]
2020,Nf9Gtmxpe0k,"['im', 'go', 'greece', 'friend', 'summer']","['dont', 'go', 'santorini', 'summer', 'barely', 'walk', 'greece', 'amaze']",['Greece'],['Greece']
2020,Nf9Gtmxpe0k,"['im', 'go', 'greece', 'friend', 'summer']","['month', 'good', 'go', 'weather', 'hot', 'cold', 'would', 'like', 'go', 'swim', 'want', 'also', 'know', 'lot', 'walk', 'dont', 'want', 'scorch', 'hot']",['Greece'],[]
2020,Nf9Gtmxpe0k,"['im', 'go', 'greece', 'friend', 'summer']","['mytubeeeee', 'early', 'may', 'late', 'september', 'dont', 'want', 'weather', 'hot']",['Greece'],[]
2020,Nf9Gtmxpe0k,"['im', 'go', 'greece', 'friend', 'summer']","['mytubeeeee', 'want', 'go', 'swim', 'may', 'dont', 'sea', 'cold', 'weather', 'fine', 'early', 'september', 'later', 'bad', 'sunny', 'proper', 'swim', 'also', 'go', 'july', 'august', 'weather', 'might', 'hot', 'bad', 'may', 'think']",['Greece'],[]
2020,Nf9Gtmxpe0k,"['im', 'go', 'greece', 'friend', 'summer']","['oh', 'really']",['Greece'],[]
2020,Nf9Gtmxpe0k,"['im', 'go', 'greece', 'friend', 'summer']","['kelly', 'well', 'exactly', 'early', 'august', 'athenian', 'go', 'holiday', 'everywhere', 'greece', 'except', 'athens', 'obsiously', 'crowd', 'tourist', 'athenian', 'year', 'ok', 'opinion', 'due', 'covid']",['Greece'],['Greece']
2020,Nf9Gtmxpe0k,"['im', 'go', 'greece', 'friend', 'summer']","['jim', 'chronakis', 'know', 'greece', 'open', 'u', 'late', 'august', 'september', 'year', 'want', 'go', 'hot', 'everything', 'close', 'hear', 'close', 'busy', 'sure', 'month']",['Greece'],"['Greece', 'United States']"
2020,Nf9Gtmxpe0k,"['im', 'go', 'greece', 'friend', 'summer']","['mytubeeeee', 'dont', 'know', 'thats', 'uss', 'problem', '1st', 'july', 'greece', 'open', 'europian', 'country', 'believe', 'late', 'august', 'u', 'open']",['Greece'],"['Greece', 'United States']"
2020,Nf9Gtmxpe0k,"['dont', 'see', 'shouldnt', 'every', 'year']","['guess', 'crisis', 'country', 'good', 'economic', 'situation']",[],[]
2020,Nf9Gtmxpe0k,"['visit', 'feel', 'greece', 'simply', 'wonder', 'god', 'best', 'time', 'create', 'beauty', 'small', 'part', 'earth', 'tourist', 'youll', 'find', 'helpful', 'almost', 'everyone', 'speak', 'english', 'feeling', 'safety', 'although', 'youre', 'away', 'home', 'priceless', 'great', 'people', 'tip', 'food', 'lover', 'travel', 'diet', 'unleash', 'beast', 'p']","['hahaha', 'greek', 'surely', 'say', 'leave', 'comment', 'much', 'love', 'hellasgreece']",['Greece'],['Greece']
2020,Nf9Gtmxpe0k,"['visit', 'feel', 'greece', 'simply', 'wonder', 'god', 'best', 'time', 'create', 'beauty', 'small', 'part', 'earth', 'tourist', 'youll', 'find', 'helpful', 'almost', 'everyone', 'speak', 'english', 'feeling', 'safety', 'although', 'youre', 'away', 'home', 'priceless', 'great', 'people', 'tip', 'food', 'lover', 'travel', 'diet', 'unleash', 'beast', 'p']","['make', 'laugh', 'quote', 'unleash', 'beastthanks', 'kind', 'word']",['Greece'],[]
2020,Nf9Gtmxpe0k,"['visit', 'feel', 'greece', 'simply', 'wonder', 'god', 'best', 'time', 'create', 'beauty', 'small', 'part', 'earth', 'tourist', 'youll', 'find', 'helpful', 'almost', 'everyone', 'speak', 'english', 'feeling', 'safety', 'although', 'youre', 'away', 'home', 'priceless', 'great', 'people', 'tip', 'food', 'lover', 'travel', 'diet', 'unleash', 'beast', 'p']",[],['Greece'],[]
2020,Nf9Gtmxpe0k,"['swear', 'god', 'hot', 'girl', 'school', 'town', 'greek']","['im', 'percent', 'greek']",[],[]
2020,Nf9Gtmxpe0k,"['swear', 'god', 'hot', 'girl', 'school', 'town', 'greek']",['usa'],[],['United States']
2020,Nf9Gtmxpe0k,"['swear', 'god', 'hot', 'girl', 'school', 'town', 'greek']",['hahaha'],[],[]
2020,Nf9Gtmxpe0k,"['swear', 'god', 'hot', 'girl', 'school', 'town', 'greek']","['guess', 'id', 'say', 'australia']",[],['Australia']
2020,Nf9Gtmxpe0k,"['swear', 'god', 'hot', 'girl', 'school', 'town', 'greek']","['ahaha', 'lol', 'really']",[],[]
2020,Nf9Gtmxpe0k,"['swear', 'god', 'hot', 'girl', 'school', 'town', 'greek']",[],[],['United States']
2020,Nf9Gtmxpe0k,"['swear', 'god', 'hot', 'girl', 'school', 'town', 'greek']","['thessaloniki', 'specifically', 'hot', 'chick']",[],[]
2020,Nf9Gtmxpe0k,"['greece', 'like', 'another', 'planet']","['yup', 'many', 'way']",['Greece'],[]
2020,Nf9Gtmxpe0k,"['greece', 'like', 'another', 'planet']","['yea', 'beatiful']",['Greece'],[]
2020,Nf9Gtmxpe0k,"['greece', 'like', 'another', 'planet']",[],['Greece'],[]
2020,Nf9Gtmxpe0k,"['greece', 'like', 'another', 'planet']","['србинж', '9н', 'serb', 'brother']",['Greece'],[]
2020,Nf9Gtmxpe0k,"['greece', 'like', 'another', 'planet']",['greece'],['Greece'],['Greece']
2020,Nf9Gtmxpe0k,"['greece', 'cradle', 'western', 'civilization']","['god', 'bless', 'beloved', 'dont', 'know', 'person', 'god', 'know', 'well', 'god', 'reveal', 'revelation', 'go', 'profile', 'observe', 'thing', 'spiritual', 'life', 'meditate', 'saw', 'divine', 'breakthrough', 'life', 'saw', 'evil', 'attack', 'enemy', 'manipulate', 'seize', 'favour', 'come', 'hand', 'work', 'confuse', 'lose', 'hope', 'life', 'pray', 'lord', 'reveal', 'instruct', 'sow', 'seed', 'life', 'baby', 'suffer', 'leukemia', 'child', 'tomorrow', 'orphanage', 'home', 'locate', 'kebbi', 'state', 'nigeria', 'end', 'tomorrow', 'let', 'know', 'join', 'prayer', 'deeply', 'want', 'manifest', 'promise', 'life', 'family', 'nobody', 'know', 'seed', 'god', 'testify', 'glory', 'god', 'believe', 'say', 'proverb', 'deu', 'contact', 'md', 'orphanage', 'foundation', 'whatsapp', 'send', 'donation', 'god', 'bless']",['Greece'],['Nigeria']
2020,Nf9Gtmxpe0k,"['yeah', 'greece', 'look', 'beautiful', 'good', 'compare', 'asian', 'country', 'come', 'philippine']","['want', 'exchange', 'week', 'philippine', 'gorgeous', 'well', 'guess', 'live', 'harder', 'see', 'know', 'major', 'poverty', 'ofcourse']","['Philippines', 'Greece']",['Philippines']
2020,Nf9Gtmxpe0k,"['yeah', 'greece', 'look', 'beautiful', 'good', 'compare', 'asian', 'country', 'come', 'philippine']",[],"['Philippines', 'Greece']",[]
2020,Nf9Gtmxpe0k,"['yeah', 'greece', 'look', 'beautiful', 'good', 'compare', 'asian', 'country', 'come', 'philippine']","['want', 'visit', 'philippine', 'bf', 'half', 'filipino']","['Philippines', 'Greece']",['Philippines']
2020,Nf9Gtmxpe0k,"['yeah', 'greece', 'look', 'beautiful', 'good', 'compare', 'asian', 'country', 'come', 'philippine']",[],"['Philippines', 'Greece']",[]
2020,Nf9Gtmxpe0k,"['yeah', 'greece', 'look', 'beautiful', 'good', 'compare', 'asian', 'country', 'come', 'philippine']","['cant', 'compare', 'country', 'totally', 'different']","['Philippines', 'Greece']",[]
2020,Nf9Gtmxpe0k,"['want', 'go', 'greece', 'bad', 'much', 'history', 'beauty', 'yet', 'broke', 'af']","['dont', 'worry', 'many', 'greek', 'cant', 'afford', 'kind', 'luxury', 'either', 'price', 'top', 'place', 'high', 'surely', 'enjoy', 'sunshine', 'free', 'homemade', 'food', 'stuff', 'buy', 'local', 'open', 'market', 'however', 'video', 'full', 'stereotype', 'think', 'try', 'stay', 'beaten', 'track', 'much', 'cheap', 'good']",['Greece'],[]
2020,Nf9Gtmxpe0k,"['want', 'go', 'greece', 'bad', 'much', 'history', 'beauty', 'yet', 'broke', 'af']","['greek', 'broke', 'af', 'thats', 'foreigner', 'low', 'budget', 'quite', 'country', 'visit', 'couch', 'surfing', 'beach', 'camping', 'great', 'solution']",['Greece'],[]
2020,Nf9Gtmxpe0k,"['want', 'go', 'greece', 'bad', 'much', 'history', 'beauty', 'yet', 'broke', 'af']","['free', 'camp', 'mainland', 'greek', 'beach', 'maybe', 'best', 'solution', 'u', 'broke', 'sea', 'sun', 'blue', 'sky', 'free', 'everyone']",['Greece'],['United States']
2020,Nf9Gtmxpe0k,"['want', 'go', 'greece', 'bad', 'much', 'history', 'beauty', 'yet', 'broke', 'af']","['year', 'ago', 'remember', 'parent', 'meet', 'american', 'kid', 'wonder', 'around', 'didnt', 'book', 'place', 'stay', 'let', 'sleep', 'house', 'night', 'come', 'camp', 'kid', 'complain', 'try', 'get', 'room', 'full', 'season', 'everything', 'book', 'point', 'start', 'journey', 'low', 'profile', 'islands', 'local', 'help', 'sure', 'ticket', 'pay']",['Greece'],[]
2020,Nf9Gtmxpe0k,"['want', 'go', 'greece', 'bad', 'much', 'history', 'beauty', 'yet', 'broke', 'af']","['υou', 'welcome']",['Greece'],[]
2020,Nf9Gtmxpe0k,"['want', 'go', 'greece', 'bad', 'much', 'history', 'beauty', 'yet', 'broke', 'af']","['dont', 'worry', 'bro', 'u', 'greeks', 'cant', 'afford', 'go', 'place', 'either']",['Greece'],['United States']
2020,Nf9Gtmxpe0k,"['nobody', 'say', 'beautiful', 'island', 'like', 'chios', 'samos']","['marie', 'bream', 'greece', 'believe', 'country', 'foul', 'beautiful', 'place', 'less', 'popular', 'others']",[],['Greece']
2020,Nf9Gtmxpe0k,"['nobody', 'say', 'beautiful', 'island', 'like', 'chios', 'samos']","['mariatsomp', 'believe', 'bored', 'hear', 'mykonos', 'time']",[],[]
2020,Nf9Gtmxpe0k,"['nobody', 'say', 'beautiful', 'island', 'like', 'chios', 'samos']","['marie', 'bream', 'actually', 'hate', 'mykonos', 'santorini', 'summer', 'foul', 'tourist', 'prefer', 'island', 'like', 'astipalea', 'kea', 'tinos', 'thasos', 'naxos', 'siros', 'andro', 'corfu', 'others']",[],['Greece']
2020,Nf9Gtmxpe0k,"['nobody', 'say', 'beautiful', 'island', 'like', 'chios', 'samos']","['mariatsomp', 'really', 'type', 'foul', 'lmao', 'full']",[],[]
2020,Nf9Gtmxpe0k,"['nobody', 'say', 'beautiful', 'island', 'like', 'chios', 'samos']",[],[],[]
2020,Nf9Gtmxpe0k,"['go', 'olympia', 'corinth', 'tolo', 'nafplio', 'delphi', 'athens', 'back', 'athens', 'would', 'love', 'go', 'back', 'explore', 'island', 'santorini', 'mykonos', 'crete', 'next', 'time']","['love', 'crete', 'santorini', 'unique', 'volcano', 'wouldnt', 'choose', 'mykonos', 'lot', 'beautiful', 'island', 'cyclades', 'kea', 'anafi', 'io', 'paros', 'capital', 'middle', 'syros', 'google', 'good', 'time', 'mykonos', 'vip', 'want', 'vip', 'celebrity', 'extremely', 'rich', 'gay']",['Greece'],['Greece']
2020,Nf9Gtmxpe0k,"['go', 'olympia', 'corinth', 'tolo', 'nafplio', 'delphi', 'athens', 'back', 'athens', 'would', 'love', 'go', 'back', 'explore', 'island', 'santorini', 'mykonos', 'crete', 'next', 'time']","['crete', 'amazing', 'trust']",['Greece'],[]
2020,Nf9Gtmxpe0k,"['go', 'olympia', 'corinth', 'tolo', 'nafplio', 'delphi', 'athens', 'back', 'athens', 'would', 'love', 'go', 'back', 'explore', 'island', 'santorini', 'mykonos', 'crete', 'next', 'time']",[],['Greece'],[]
2020,Nf9Gtmxpe0k,"['go', 'olympia', 'corinth', 'tolo', 'nafplio', 'delphi', 'athens', 'back', 'athens', 'would', 'love', 'go', 'back', 'explore', 'island', 'santorini', 'mykonos', 'crete', 'next', 'time']",[],['Greece'],[]
2020,Nf9Gtmxpe0k,"['go', 'olympia', 'corinth', 'tolo', 'nafplio', 'delphi', 'athens', 'back', 'athens', 'would', 'love', 'go', 'back', 'explore', 'island', 'santorini', 'mykonos', 'crete', 'next', 'time']",[],['Greece'],[]
2020,Nf9Gtmxpe0k,"['unfortunately', 'one', 'mention', 'even', 'beautiful', 'ionian', 'island', 'ionian', 'coast', 'western', 'greece', 'north', 'south', 'corfu', 'parga', 'paxos', 'island', 'preveza', 'lefkas', 'island', 'cefalonia', 'island', 'zakinyhos', 'island', 'ithaca', 'peloponnese', 'west', 'coast', 'google', 'place', 'true', 'gem', 'greece']","['wuerzelburg', 'best', 'zakynthos', 'voutoumi', 'beach', 'antipaxos', 'island', 'clear', 'beach', 'world']",['Greece'],[]
2020,Nf9Gtmxpe0k,"['really', 'want', 'go', 'greece', 'percy', 'jackson', 'fan', 'way']","['well', 'happy', 'tourist']",['Greece'],[]
2020,Nf9Gtmxpe0k,"['really', 'want', 'go', 'greece', 'percy', 'jackson', 'fan', 'way']","['juno', 'glory', 'greece', 'michael', 'jackson', 'fan']",['Greece'],['Greece']
2020,Nf9Gtmxpe0k,"['really', 'want', 'go', 'greece', 'percy', 'jackson', 'fan', 'way']","['greeting', 'hellas']",['Greece'],[]
2020,Nf9Gtmxpe0k,"['go', 'greece', 'time', 'word', 'awesome']",[],['Greece'],[]
2020,Nf9Gtmxpe0k,[],"['god', 'bless', 'beloved', 'dont', 'know', 'person', 'god', 'know', 'well', 'god', 'reveal', 'revelation', 'go', 'profile', 'observe', 'thing', 'spiritual', 'life', 'meditate', 'saw', 'divine', 'breakthrough', 'life', 'saw', 'evil', 'attack', 'enemy', 'manipulate', 'seize', 'favour', 'come', 'hand', 'work', 'confuse', 'lose', 'hope', 'life', 'pray', 'lord', 'reveal', 'instruct', 'sow', 'seed', 'life', 'baby', 'suffer', 'leukemia', 'child', 'tomorrow', 'orphanage', 'home', 'locate', 'kebbi', 'state', 'nigeria', 'end', 'tomorrow', 'let', 'know', 'join', 'prayer', 'deeply', 'want', 'manifest', 'promise', 'life', 'family', 'nobody', 'know', 'seed', 'god', 'testify', 'glory', 'god', 'believe', 'say', 'proverb', 'deu', 'contact', 'md', 'orphanage', 'foundation', 'whatsapp', 'send', 'donation', 'god', 'bless']",[],['Nigeria']
2020,Nf9Gtmxpe0k,"['ifwhen', 'get', 'marry', 'im', 'bar', 'massive', 'economic', 'crisisnuclear', 'apocalypseplagueinhospitable', 'environment', 'due', 'climate', 'change', 'want', 'honeymoon']","['may', 'come', 'single', 'find', 'new', 'boyfriend', 'greek', 'beach', 'never', 'know']",[],[]
2020,Nf9Gtmxpe0k,"['ifwhen', 'get', 'marry', 'im', 'bar', 'massive', 'economic', 'crisisnuclear', 'apocalypseplagueinhospitable', 'environment', 'due', 'climate', 'change', 'want', 'honeymoon']",[],[],[]
2020,Nf9Gtmxpe0k,"['time', 'visit', 'greece', 'first', 'time', 'im', 'go', 'qatar', 'cricket', 'team', 'tour', 'april', 'cant', 'wait', 'get', 'beautiful', 'beach', 'city']","['come', 'visit', 'naxos', 'amazing', 'youll', 'love']","['Qatar', 'Greece']",[]
2020,Nf9Gtmxpe0k,[],"['god', 'bless', 'beloved', 'dont', 'know', 'person', 'god', 'know', 'well', 'god', 'reveal', 'revelation', 'go', 'profile', 'observe', 'thing', 'spiritual', 'life', 'meditate', 'saw', 'divine', 'breakthrough', 'life', 'saw', 'evil', 'attack', 'enemy', 'manipulate', 'seize', 'favour', 'come', 'hand', 'work', 'confuse', 'lose', 'hope', 'life', 'pray', 'lord', 'reveal', 'instruct', 'sow', 'seed', 'life', 'baby', 'suffer', 'leukemia', 'child', 'tomorrow', 'orphanage', 'home', 'locate', 'kebbi', 'state', 'nigeria', 'end', 'tomorrow', 'let', 'know', 'join', 'prayer', 'deeply', 'want', 'manifest', 'promise', 'life', 'family', 'nobody', 'know', 'seed', 'god', 'testify', 'glory', 'god', 'believe', 'say', 'proverb', 'deu', 'contact', 'md', 'orphanage', 'foundation', 'whatsapp', 'send', 'donation', 'god', 'bless']",[],['Nigeria']
2020,Nf9Gtmxpe0k,"['one', 'kinda', 'cringe', 'pronounce', 'stuff', 'wrong', 'mean', 'gotta', 'admit', 'everyone', 'cringes', 'someone', 'pronounce', 'something', 'wrong', 'lamguage']",[],[],[]
2020,Nf9Gtmxpe0k,"['one', 'kinda', 'cringe', 'pronounce', 'stuff', 'wrong', 'mean', 'gotta', 'admit', 'everyone', 'cringes', 'someone', 'pronounce', 'something', 'wrong', 'lamguage']",[],[],[]
2020,Nf9Gtmxpe0k,"['im', 'go', 'summer']","['age', 'well']",[],[]
2020,Nf9Gtmxpe0k,[],[],[],[]
2020,Nf9Gtmxpe0k,[],[],[],[]
2020,Nf9Gtmxpe0k,[],[],[],[]
2020,Nf9Gtmxpe0k,"['look', 'forward', 'visit', 'beautiful', 'country']","['god', 'bless', 'beloved', 'dont', 'know', 'person', 'god', 'know', 'well', 'god', 'reveal', 'revelation', 'go', 'profile', 'observe', 'thing', 'spiritual', 'life', 'meditate', 'saw', 'divine', 'breakthrough', 'life', 'saw', 'evil', 'attack', 'enemy', 'manipulate', 'seize', 'favour', 'come', 'hand', 'work', 'confuse', 'lose', 'hope', 'life', 'pray', 'lord', 'reveal', 'instruct', 'sow', 'seed', 'life', 'baby', 'suffer', 'leukemia', 'child', 'tomorrow', 'orphanage', 'home', 'locate', 'kebbi', 'state', 'nigeria', 'end', 'tomorrow', 'let', 'know', 'join', 'prayer', 'deeply', 'want', 'manifest', 'promise', 'life', 'family', 'nobody', 'know', 'seed', 'god', 'testify', 'glory', 'god', 'believe', 'say', 'proverb', 'deu', 'contact', 'md', 'orphanage', 'foundation', 'whatsapp', 'send', 'donation', 'god', 'bless']",[],['Nigeria']
2020,Nf9Gtmxpe0k,"['recently', 'visit', 'athens', 'day', 'honestly', 'people', 'food', 'insanely', 'superb', 'plan', 'revisit', 'fascinating', 'history']",['welcome'],['Greece'],[]
2020,Nf9Gtmxpe0k,"['love', 'greek', 'italia', 'true', 'brother']","['love', 'italy', 'much']",[],['Italy']
2020,Nf9Gtmxpe0k,"['love', 'greek', 'italia', 'true', 'brother']","['god', 'bless', 'beloved', 'dont', 'know', 'person', 'god', 'know', 'well', 'god', 'reveal', 'revelation', 'go', 'profile', 'observe', 'thing', 'spiritual', 'life', 'meditate', 'saw', 'divine', 'breakthrough', 'life', 'saw', 'evil', 'attack', 'enemy', 'manipulate', 'seize', 'favour', 'come', 'hand', 'work', 'confuse', 'lose', 'hope', 'life', 'pray', 'lord', 'reveal', 'instruct', 'sow', 'seed', 'life', 'baby', 'suffer', 'leukemia', 'child', 'tomorrow', 'orphanage', 'home', 'locate', 'kebbi', 'state', 'nigeria', 'end', 'tomorrow', 'let', 'know', 'join', 'prayer', 'deeply', 'want', 'manifest', 'promise', 'life', 'family', 'nobody', 'know', 'seed', 'god', 'testify', 'glory', 'god', 'believe', 'say', 'proverb', 'deu', 'contact', 'md', 'orphanage', 'foundation', 'whatsapp', 'send', 'donation', 'god', 'bless']",[],['Nigeria']
2020,Nf9Gtmxpe0k,[],[],[],[]
2020,Nf9Gtmxpe0k,[],[],[],[]
2020,Nf9Gtmxpe0k,[],[],[],[]
2020,Nf9Gtmxpe0k,"['pro', 'tip', 'greek', 'dont', 'visit', 'mykonos', 'santorini', 'talk', 'greeks', 'person', 'online', 'happy', 'inform', 'tourist', 'destination', 'arent', 'mainstream', 'yet', 'worth', 'even', 'feel', 'free', 'ask']","['god', 'bless', 'beloved', 'dont', 'know', 'person', 'god', 'know', 'well', 'god', 'reveal', 'revelation', 'go', 'profile', 'observe', 'thing', 'spiritual', 'life', 'meditate', 'saw', 'divine', 'breakthrough', 'life', 'saw', 'evil', 'attack', 'enemy', 'manipulate', 'seize', 'favour', 'come', 'hand', 'work', 'confuse', 'lose', 'hope', 'life', 'pray', 'lord', 'reveal', 'instruct', 'sow', 'seed', 'life', 'baby', 'suffer', 'leukemia', 'child', 'tomorrow', 'orphanage', 'home', 'locate', 'kebbi', 'state', 'nigeria', 'end', 'tomorrow', 'let', 'know', 'join', 'prayer', 'deeply', 'want', 'manifest', 'promise', 'life', 'family', 'nobody', 'know', 'seed', 'god', 'testify', 'glory', 'god', 'believe', 'say', 'proverb', 'deu', 'contact', 'md', 'orphanage', 'foundation', 'whatsapp', 'send', 'donation', 'god', 'bless']",['Greece'],['Nigeria']
2020,Nf9Gtmxpe0k,"['pro', 'tip', 'greek', 'dont', 'visit', 'mykonos', 'santorini', 'talk', 'greeks', 'person', 'online', 'happy', 'inform', 'tourist', 'destination', 'arent', 'mainstream', 'yet', 'worth', 'even', 'feel', 'free', 'ask']","['pastormatthagee', 'lol', 'im', 'atheist', 'nice', 'try']",['Greece'],['France']
2020,Nf9Gtmxpe0k,"['greece', 'thank', 'u', 'support', 'country']","['part', 'u', 'say', 'true', 'believe', 'greek', 'economy', 'come', 'grow', 'next', 'year', 'hotel', 'greece', 'expensive', 'hotel', 'locate', 'mykonos', 'santorini', 'manly']",['Greece'],['Greece']
2020,Nf9Gtmxpe0k,"['greece', 'thank', 'u', 'support', 'country']",[],['Greece'],[]
2020,Nf9Gtmxpe0k,"['beautiful', 'place', 'earth']",[],[],[]
2020,Nf9Gtmxpe0k,"['one', 'historic', 'beautiful', 'country', 'world']","['god', 'bless', 'beloved', 'dont', 'know', 'person', 'god', 'know', 'well', 'god', 'reveal', 'revelation', 'go', 'profile', 'observe', 'thing', 'spiritual', 'life', 'meditate', 'saw', 'divine', 'breakthrough', 'life', 'saw', 'evil', 'attack', 'enemy', 'manipulate', 'seize', 'favour', 'come', 'hand', 'work', 'confuse', 'lose', 'hope', 'life', 'pray', 'lord', 'reveal', 'instruct', 'sow', 'seed', 'life', 'baby', 'suffer', 'leukemia', 'child', 'tomorrow', 'orphanage', 'home', 'locate', 'kebbi', 'state', 'nigeria', 'end', 'tomorrow', 'let', 'know', 'join', 'prayer', 'deeply', 'want', 'manifest', 'promise', 'life', 'family', 'nobody', 'know', 'seed', 'god', 'testify', 'glory', 'god', 'believe', 'say', 'proverb', 'deu', 'contact', 'md', 'orphanage', 'foundation', 'whatsapp', 'send', 'donation', 'god', 'bless']",[],['Nigeria']
2020,Nf9Gtmxpe0k,"['great', 'country', 'amaze', 'food', 'god', 'bless', 'greece']","['god', 'bless', 'beloved', 'dont', 'know', 'person', 'god', 'know', 'well', 'god', 'reveal', 'revelation', 'go', 'profile', 'observe', 'thing', 'spiritual', 'life', 'meditate', 'saw', 'divine', 'breakthrough', 'life', 'saw', 'evil', 'attack', 'enemy', 'manipulate', 'seize', 'favour', 'come', 'hand', 'work', 'confuse', 'lose', 'hope', 'life', 'pray', 'lord', 'reveal', 'instruct', 'sow', 'seed', 'life', 'baby', 'suffer', 'leukemia', 'child', 'tomorrow', 'orphanage', 'home', 'locate', 'kebbi', 'state', 'nigeria', 'end', 'tomorrow', 'let', 'know', 'join', 'prayer', 'deeply', 'want', 'manifest', 'promise', 'life', 'family', 'nobody', 'know', 'seed', 'god', 'testify', 'glory', 'god', 'believe', 'say', 'proverb', 'deu', 'contact', 'md', 'orphanage', 'foundation', 'whatsapp', 'send', 'donation', 'god', 'bless']",['Greece'],['Nigeria']
2020,Nf9Gtmxpe0k,"['greek', 'name', 'pronunciation', 'make', 'cringe', 'lol']",[],[],[]
2020,Nf9Gtmxpe0k,"['actually', 'souvlaki', 'wasnt', 'find', 'middle', 'east']","['ilias', 'play', 'obelos', 'obeliskos', 'mention', 'iliadlet', 'moron', 'believe', 'wish', 'tho']",[],[]
2020,Nf9Gtmxpe0k,"['actually', 'souvlaki', 'wasnt', 'find', 'middle', 'east']","['guy', 'fine', 'acknowledge', 'famous', 'dish', 'middle', 'east', 'hate', 'bros', 'share', 'culinary', 'culture', 'thing', 'doesnt', 'make', 'bad', 'favourite', 'food', 'come', 'elsewhere', 'american', 'pretty', 'proud', 'pizza', 'even', 'though', 'come', 'italy']",[],['Italy']
2020,Nf9Gtmxpe0k,"['actually', 'souvlaki', 'wasnt', 'find', 'middle', 'east']","['average', 'imperial', 'guard', 'tho', 'read', 'iliad', 'achilles', 'odysseus', 'eat', 'skewer', 'pork', 'meat', 'eat', 'pork', 'muslim', 'dont', 'also', 'skewer', 'grill', 'find', 'date', 'early', 'bc', 'greece', 'learn', 'history']",[],['Greece']
2020,Nf9Gtmxpe0k,"['actually', 'souvlaki', 'wasnt', 'find', 'middle', 'east']","['spartanleonidas', 'exactly', 'ahaha', 'idiot', 'bro']",[],[]
2020,Nf9Gtmxpe0k,"['actually', 'souvlaki', 'wasnt', 'find', 'middle', 'east']","['hellas', 'actually', 'meat', 'skewer', 'find', 'originate', 'middle', 'eastern', 'region', 'greece', 'look', 'mesopotamians', 'eat', 'skew', 'meat', 'go', 'ancient', 'persian']",[],['Greece']
2020,Nf9Gtmxpe0k,"['proud', 'greek', 'country', 'beautiful']","['god', 'bless', 'beloved', 'dont', 'know', 'person', 'god', 'know', 'well', 'god', 'reveal', 'revelation', 'go', 'profile', 'observe', 'thing', 'spiritual', 'life', 'meditate', 'saw', 'divine', 'breakthrough', 'life', 'saw', 'evil', 'attack', 'enemy', 'manipulate', 'seize', 'favour', 'come', 'hand', 'work', 'confuse', 'lose', 'hope', 'life', 'pray', 'lord', 'reveal', 'instruct', 'sow', 'seed', 'life', 'baby', 'suffer', 'leukemia', 'child', 'tomorrow', 'orphanage', 'home', 'locate', 'kebbi', 'state', 'nigeria', 'end', 'tomorrow', 'let', 'know', 'join', 'prayer', 'deeply', 'want', 'manifest', 'promise', 'life', 'family', 'nobody', 'know', 'seed', 'god', 'testify', 'glory', 'god', 'believe', 'say', 'proverb', 'deu', 'contact', 'md', 'orphanage', 'foundation', 'whatsapp', 'send', 'donation', 'god', 'bless']",[],['Nigeria']
2020,Nf9Gtmxpe0k,"['proud', 'greek']","['god', 'bless', 'beloved', 'dont', 'know', 'person', 'god', 'know', 'well', 'god', 'reveal', 'revelation', 'go', 'profile', 'observe', 'thing', 'spiritual', 'life', 'meditate', 'saw', 'divine', 'breakthrough', 'life', 'saw', 'evil', 'attack', 'enemy', 'manipulate', 'seize', 'favour', 'come', 'hand', 'work', 'confuse', 'lose', 'hope', 'life', 'pray', 'lord', 'reveal', 'instruct', 'sow', 'seed', 'life', 'baby', 'suffer', 'leukemia', 'child', 'tomorrow', 'orphanage', 'home', 'locate', 'kebbi', 'state', 'nigeria', 'end', 'tomorrow', 'let', 'know', 'join', 'prayer', 'deeply', 'want', 'manifest', 'promise', 'life', 'family', 'nobody', 'know', 'seed', 'god', 'testify', 'glory', 'god', 'believe', 'say', 'proverb', 'deu', 'contact', 'md', 'orphanage', 'foundation', 'whatsapp', 'send', 'donation', 'god', 'bless']",[],['Nigeria']
2020,Nf9Gtmxpe0k,"['greece', 'best', 'destination', 'covid', 'knock', 'knock']","['well', 'greece', 'still', 'one', 'safe', 'country', 'travel']",['Greece'],['Greece']
2020,Nf9Gtmxpe0k,"['greece', 'best', 'destination', 'covid', 'knock', 'knock']","['contain', 'covid', 'tho']",['Greece'],[]
2020,Nf9Gtmxpe0k,"['somehow', 'funny', 'video', 'still', 'completely', 'relevant', 'even', 'month', 'global', 'quarantine']","['god', 'bless', 'beloved', 'dont', 'know', 'person', 'god', 'know', 'well', 'god', 'reveal', 'revelation', 'go', 'profile', 'observe', 'thing', 'spiritual', 'life', 'meditate', 'saw', 'divine', 'breakthrough', 'life', 'saw', 'evil', 'attack', 'enemy', 'manipulate', 'seize', 'favour', 'come', 'hand', 'work', 'confuse', 'lose', 'hope', 'life', 'pray', 'lord', 'reveal', 'instruct', 'sow', 'seed', 'life', 'baby', 'suffer', 'leukemia', 'child', 'tomorrow', 'orphanage', 'home', 'locate', 'kebbi', 'state', 'nigeria', 'end', 'tomorrow', 'let', 'know', 'join', 'prayer', 'deeply', 'want', 'manifest', 'promise', 'life', 'family', 'nobody', 'know', 'seed', 'god', 'testify', 'glory', 'god', 'believe', 'say', 'proverb', 'deu', 'contact', 'md', 'orphanage', 'foundation', 'whatsapp', 'send', 'donation', 'god', 'bless']",[],['Nigeria']
2020,Nf9Gtmxpe0k,"['really', 'want', 'visit', 'greece', 'hope', 'next', 'new', 'year', 'atena', 'look', 'magnificent', 'greeting', 'croatia']",['welcome'],"['Greece', 'Croatia']",[]
2020,Nf9Gtmxpe0k,"['want', 'visit', 'many', 'year', 'especially', 'hydra', 'leonard', 'cohen', 'live', 'home']","['god', 'bless', 'beloved', 'dont', 'know', 'person', 'god', 'know', 'well', 'god', 'reveal', 'revelation', 'go', 'profile', 'observe', 'thing', 'spiritual', 'life', 'meditate', 'saw', 'divine', 'breakthrough', 'life', 'saw', 'evil', 'attack', 'enemy', 'manipulate', 'seize', 'favour', 'come', 'hand', 'work', 'confuse', 'lose', 'hope', 'life', 'pray', 'lord', 'reveal', 'instruct', 'sow', 'seed', 'life', 'baby', 'suffer', 'leukemia', 'child', 'tomorrow', 'orphanage', 'home', 'locate', 'kebbi', 'state', 'nigeria', 'end', 'tomorrow', 'let', 'know', 'join', 'prayer', 'deeply', 'want', 'manifest', 'promise', 'life', 'family', 'nobody', 'know', 'seed', 'god', 'testify', 'glory', 'god', 'believe', 'say', 'proverb', 'deu', 'contact', 'md', 'orphanage', 'foundation', 'whatsapp', 'send', 'donation', 'god', 'bless']",[],['Nigeria']
2020,Nf9Gtmxpe0k,"['im', 'crete', 'greece', 'say', 'soo', 'much', 'thing']",[],['Greece'],"['France', 'Greece']"
2020,Nf9Gtmxpe0k,"['kashmir', 'know', 'green', 'land', 'big', 'mountain', 'land', 'beautiful', 'temperature', 'iam', 'greece', 'love', 'greece', 'irland', 'historic', 'place', 'greece', 'people', 'greece', 'nice']","['god', 'bless', 'beloved', 'dont', 'know', 'person', 'god', 'know', 'well', 'god', 'reveal', 'revelation', 'go', 'profile', 'observe', 'thing', 'spiritual', 'life', 'meditate', 'saw', 'divine', 'breakthrough', 'life', 'saw', 'evil', 'attack', 'enemy', 'manipulate', 'seize', 'favour', 'come', 'hand', 'work', 'confuse', 'lose', 'hope', 'life', 'pray', 'lord', 'reveal', 'instruct', 'sow', 'seed', 'life', 'baby', 'suffer', 'leukemia', 'child', 'tomorrow', 'orphanage', 'home', 'locate', 'kebbi', 'state', 'nigeria', 'end', 'tomorrow', 'let', 'know', 'join', 'prayer', 'deeply', 'want', 'manifest', 'promise', 'life', 'family', 'nobody', 'know', 'seed', 'god', 'testify', 'glory', 'god', 'believe', 'say', 'proverb', 'deu', 'contact', 'md', 'orphanage', 'foundation', 'whatsapp', 'send', 'donation', 'god', 'bless']","['France', 'Greece']",['Nigeria']
2020,Nf9Gtmxpe0k,"['love', 'greece', 'much', 'lucky', 'able', 'travel', 'last', 'year', 'best', 'time', 'food', 'good', 'especially', 'tomato', 'seafood', 'cone', 'loukumades']","['audrey', 'salsabila', 'loukoumades', 'best']",['Greece'],[]
2020,Nf9Gtmxpe0k,"['ive', 'want', 'go', 'ever', 'since', 'watch', 'sisterhood', 'travel', 'pant']","['god', 'bless', 'beloved', 'dont', 'know', 'person', 'god', 'know', 'well', 'god', 'reveal', 'revelation', 'go', 'profile', 'observe', 'thing', 'spiritual', 'life', 'meditate', 'saw', 'divine', 'breakthrough', 'life', 'saw', 'evil', 'attack', 'enemy', 'manipulate', 'seize', 'favour', 'come', 'hand', 'work', 'confuse', 'lose', 'hope', 'life', 'pray', 'lord', 'reveal', 'instruct', 'sow', 'seed', 'life', 'baby', 'suffer', 'leukemia', 'child', 'tomorrow', 'orphanage', 'home', 'locate', 'kebbi', 'state', 'nigeria', 'end', 'tomorrow', 'let', 'know', 'join', 'prayer', 'deeply', 'want', 'manifest', 'promise', 'life', 'family', 'nobody', 'know', 'seed', 'god', 'testify', 'glory', 'god', 'believe', 'say', 'proverb', 'deu', 'contact', 'md', 'orphanage', 'foundation', 'whatsapp', 'send', 'donation', 'god', 'bless']",[],['Nigeria']
2020,Nf9Gtmxpe0k,[],"['god', 'bless', 'beloved', 'dont', 'know', 'person', 'god', 'know', 'well', 'god', 'reveal', 'revelation', 'go', 'profile', 'observe', 'thing', 'spiritual', 'life', 'meditate', 'saw', 'divine', 'breakthrough', 'life', 'saw', 'evil', 'attack', 'enemy', 'manipulate', 'seize', 'favour', 'come', 'hand', 'work', 'confuse', 'lose', 'hope', 'life', 'pray', 'lord', 'reveal', 'instruct', 'sow', 'seed', 'life', 'baby', 'suffer', 'leukemia', 'child', 'tomorrow', 'orphanage', 'home', 'locate', 'kebbi', 'state', 'nigeria', 'end', 'tomorrow', 'let', 'know', 'join', 'prayer', 'deeply', 'want', 'manifest', 'promise', 'life', 'family', 'nobody', 'know', 'seed', 'god', 'testify', 'glory', 'god', 'believe', 'say', 'proverb', 'deu', 'contact', 'md', 'orphanage', 'foundation', 'whatsapp', 'send', 'donation', 'god', 'bless']",[],['Nigeria']
2020,Nf9Gtmxpe0k,[],[],[],[]
2020,Nf9Gtmxpe0k,"['im', 'bear', 'minute', 'away', 'drive', 'acropolis']",[],[],[]
2020,Nf9Gtmxpe0k,"['work', 'waiter', 'greek', 'restaurant', 'see', 'recommendation', 'shit', 'go', 'brutal']","['god', 'bless', 'beloved', 'dont', 'know', 'person', 'god', 'know', 'well', 'god', 'reveal', 'revelation', 'go', 'profile', 'observe', 'thing', 'spiritual', 'life', 'meditate', 'saw', 'divine', 'breakthrough', 'life', 'saw', 'evil', 'attack', 'enemy', 'manipulate', 'seize', 'favour', 'come', 'hand', 'work', 'confuse', 'lose', 'hope', 'life', 'pray', 'lord', 'reveal', 'instruct', 'sow', 'seed', 'life', 'baby', 'suffer', 'leukemia', 'child', 'tomorrow', 'orphanage', 'home', 'locate', 'kebbi', 'state', 'nigeria', 'end', 'tomorrow', 'let', 'know', 'join', 'prayer', 'deeply', 'want', 'manifest', 'promise', 'life', 'family', 'nobody', 'know', 'seed', 'god', 'testify', 'glory', 'god', 'believe', 'say', 'proverb', 'deu', 'contact', 'md', 'orphanage', 'foundation', 'whatsapp', 'send', 'donation', 'god', 'bless']",[],['Nigeria']
2020,Nf9Gtmxpe0k,"['parga', 'glyki', 'ionian', 'island', 'must']","['god', 'bless', 'beloved', 'dont', 'know', 'person', 'god', 'know', 'well', 'god', 'reveal', 'revelation', 'go', 'profile', 'observe', 'thing', 'spiritual', 'life', 'meditate', 'saw', 'divine', 'breakthrough', 'life', 'saw', 'evil', 'attack', 'enemy', 'manipulate', 'seize', 'favour', 'come', 'hand', 'work', 'confuse', 'lose', 'hope', 'life', 'pray', 'lord', 'reveal', 'instruct', 'sow', 'seed', 'life', 'baby', 'suffer', 'leukemia', 'child', 'tomorrow', 'orphanage', 'home', 'locate', 'kebbi', 'state', 'nigeria', 'end', 'tomorrow', 'let', 'know', 'join', 'prayer', 'deeply', 'want', 'manifest', 'promise', 'life', 'family', 'nobody', 'know', 'seed', 'god', 'testify', 'glory', 'god', 'believe', 'say', 'proverb', 'deu', 'contact', 'md', 'orphanage', 'foundation', 'whatsapp', 'send', 'donation', 'god', 'bless']",[],['Nigeria']
2020,Nf9Gtmxpe0k,"['greece', 'guarantee', 'one', 'place', 'exactly', 'look', 'photo']","['god', 'bless', 'beloved', 'dont', 'know', 'person', 'god', 'know', 'well', 'god', 'reveal', 'revelation', 'go', 'profile', 'observe', 'thing', 'spiritual', 'life', 'meditate', 'saw', 'divine', 'breakthrough', 'life', 'saw', 'evil', 'attack', 'enemy', 'manipulate', 'seize', 'favour', 'come', 'hand', 'work', 'confuse', 'lose', 'hope', 'life', 'pray', 'lord', 'reveal', 'instruct', 'sow', 'seed', 'life', 'baby', 'suffer', 'leukemia', 'child', 'tomorrow', 'orphanage', 'home', 'locate', 'kebbi', 'state', 'nigeria', 'end', 'tomorrow', 'let', 'know', 'join', 'prayer', 'deeply', 'want', 'manifest', 'promise', 'life', 'family', 'nobody', 'know', 'seed', 'god', 'testify', 'glory', 'god', 'believe', 'say', 'proverb', 'deu', 'contact', 'md', 'orphanage', 'foundation', 'whatsapp', 'send', 'donation', 'god', 'bless']",['Greece'],['Nigeria']
2020,Nf9Gtmxpe0k,"['wow', 'feel', 'soo', 'honor', 'right', 'thank', 'allwe', 'wait', 'greece', 'hope', 'wonderful', 'time']","['god', 'bless', 'beloved', 'dont', 'know', 'person', 'god', 'know', 'well', 'god', 'reveal', 'revelation', 'go', 'profile', 'observe', 'thing', 'spiritual', 'life', 'meditate', 'saw', 'divine', 'breakthrough', 'life', 'saw', 'evil', 'attack', 'enemy', 'manipulate', 'seize', 'favour', 'come', 'hand', 'work', 'confuse', 'lose', 'hope', 'life', 'pray', 'lord', 'reveal', 'instruct', 'sow', 'seed', 'life', 'baby', 'suffer', 'leukemia', 'child', 'tomorrow', 'orphanage', 'home', 'locate', 'kebbi', 'state', 'nigeria', 'end', 'tomorrow', 'let', 'know', 'join', 'prayer', 'deeply', 'want', 'manifest', 'promise', 'life', 'family', 'nobody', 'know', 'seed', 'god', 'testify', 'glory', 'god', 'believe', 'say', 'proverb', 'deu', 'contact', 'md', 'orphanage', 'foundation', 'whatsapp', 'send', 'donation', 'god', 'bless']",['Greece'],['Nigeria']
2020,Nf9Gtmxpe0k,"['city', 'thessaloniki', 'also', 'worth', 'visit']",[],[],[]
2020,Nf9Gtmxpe0k,"['greece', 'love', 'milwaukee', 'buck']",[],['Greece'],[]
2020,Nf9Gtmxpe0k,[],"['god', 'bless', 'beloved', 'dont', 'know', 'person', 'god', 'know', 'well', 'god', 'reveal', 'revelation', 'go', 'profile', 'observe', 'thing', 'spiritual', 'life', 'meditate', 'saw', 'divine', 'breakthrough', 'life', 'saw', 'evil', 'attack', 'enemy', 'manipulate', 'seize', 'favour', 'come', 'hand', 'work', 'confuse', 'lose', 'hope', 'life', 'pray', 'lord', 'reveal', 'instruct', 'sow', 'seed', 'life', 'baby', 'suffer', 'leukemia', 'child', 'tomorrow', 'orphanage', 'home', 'locate', 'kebbi', 'state', 'nigeria', 'end', 'tomorrow', 'let', 'know', 'join', 'prayer', 'deeply', 'want', 'manifest', 'promise', 'life', 'family', 'nobody', 'know', 'seed', 'god', 'testify', 'glory', 'god', 'believe', 'say', 'proverb', 'deu', 'contact', 'md', 'orphanage', 'foundation', 'whatsapp', 'send', 'donation', 'god', 'bless']",[],['Nigeria']
2020,Nf9Gtmxpe0k,"['greece', 'beautiful']","['god', 'bless', 'beloved', 'dont', 'know', 'person', 'god', 'know', 'well', 'god', 'reveal', 'revelation', 'go', 'profile', 'observe', 'thing', 'spiritual', 'life', 'meditate', 'saw', 'divine', 'breakthrough', 'life', 'saw', 'evil', 'attack', 'enemy', 'manipulate', 'seize', 'favour', 'come', 'hand', 'work', 'confuse', 'lose', 'hope', 'life', 'pray', 'lord', 'reveal', 'instruct', 'sow', 'seed', 'life', 'baby', 'suffer', 'leukemia', 'child', 'tomorrow', 'orphanage', 'home', 'locate', 'kebbi', 'state', 'nigeria', 'end', 'tomorrow', 'let', 'know', 'join', 'prayer', 'deeply', 'want', 'manifest', 'promise', 'life', 'family', 'nobody', 'know', 'seed', 'god', 'testify', 'glory', 'god', 'believe', 'say', 'proverb', 'deu', 'contact', 'md', 'orphanage', 'foundation', 'whatsapp', 'send', 'donation', 'god', 'bless']",['Greece'],['Nigeria']
2020,Nf9Gtmxpe0k,"['come', 'watch', 'since', 'descendant', 'sun', 'dot', 'go', 'make', 'movie']","['god', 'bless', 'beloved', 'dont', 'know', 'person', 'god', 'know', 'well', 'god', 'reveal', 'revelation', 'go', 'profile', 'observe', 'thing', 'spiritual', 'life', 'meditate', 'saw', 'divine', 'breakthrough', 'life', 'saw', 'evil', 'attack', 'enemy', 'manipulate', 'seize', 'favour', 'come', 'hand', 'work', 'confuse', 'lose', 'hope', 'life', 'pray', 'lord', 'reveal', 'instruct', 'sow', 'seed', 'life', 'baby', 'suffer', 'leukemia', 'child', 'tomorrow', 'orphanage', 'home', 'locate', 'kebbi', 'state', 'nigeria', 'end', 'tomorrow', 'let', 'know', 'join', 'prayer', 'deeply', 'want', 'manifest', 'promise', 'life', 'family', 'nobody', 'know', 'seed', 'god', 'testify', 'glory', 'god', 'believe', 'say', 'proverb', 'deu', 'contact', 'md', 'orphanage', 'foundation', 'whatsapp', 'send', 'donation', 'god', 'bless']",[],['Nigeria']
2020,Nf9Gtmxpe0k,"['proud', 'country', 'almost', 'avoid', 'covid', 'disaster', 'first', 'greek', 'people', 'friendly', 'also', 'many', 'place', 'visit', 'except', 'santorini', 'mykonos', 'history', 'long', 'powerful', 'would', 'really', 'recommend', 'guy', 'visit', 'county', 'explore']",[],['Greece'],[]
2020,Nf9Gtmxpe0k,[],[],[],[]
2020,Nf9Gtmxpe0k,"['hop', 'family', 'would', 'able', 'travel', 'greece', 'future']",['welcome'],['Greece'],[]
2020,Nf9Gtmxpe0k,"['hop', 'family', 'would', 'able', 'travel', 'greece', 'future']",[],['Greece'],[]
2020,Nf9Gtmxpe0k,"['wish', 'people', 'appreciate', 'beauty', 'river', 'lake', 'forest', 'northern', 'greece']",[],['Greece'],[]
2020,Nf9Gtmxpe0k,"['oh', 'gosh', 'go', 'greece', 'beautiful', 'love', 'food', 'everything', 'go', 'mykonos', 'want', 'go', 'santorini', 'didnt', 'enough', 'time', 'go', 'century', 'nail', 'really', 'far']","['next', 'timeyou', 'come', 'greece', 'greece', 'need', 'go', 'frequently']",['Greece'],['Greece']
2020,Nf9Gtmxpe0k,[],"['god', 'bless', 'beloved', 'dont', 'know', 'person', 'god', 'know', 'well', 'god', 'reveal', 'revelation', 'go', 'profile', 'observe', 'thing', 'spiritual', 'life', 'meditate', 'saw', 'divine', 'breakthrough', 'life', 'saw', 'evil', 'attack', 'enemy', 'manipulate', 'seize', 'favour', 'come', 'hand', 'work', 'confuse', 'lose', 'hope', 'life', 'pray', 'lord', 'reveal', 'instruct', 'sow', 'seed', 'life', 'baby', 'suffer', 'leukemia', 'child', 'tomorrow', 'orphanage', 'home', 'locate', 'kebbi', 'state', 'nigeria', 'end', 'tomorrow', 'let', 'know', 'join', 'prayer', 'deeply', 'want', 'manifest', 'promise', 'life', 'family', 'nobody', 'know', 'seed', 'god', 'testify', 'glory', 'god', 'believe', 'say', 'proverb', 'deu', 'contact', 'md', 'orphanage', 'foundation', 'whatsapp', 'send', 'donation', 'god', 'bless']",[],['Nigeria']
2020,Nf9Gtmxpe0k,"['im', 'watching', 'video', 'cant', 'afford', 'visit', 'greece']",[],['Greece'],[]
2020,Nf9Gtmxpe0k,"['aegina', 'island', 'really', 'nice', 'alternative', 'santorini', 'ur', 'budget']",[],"['France', 'Greece']",[]
2020,Nf9Gtmxpe0k,"['want', 'go', 'back', 'greece', 'greece', 'didnt', 'thing', 'eat', 'tried', 'fried', 'squid', 'sicily', 'make', 'want', 'come', 'back', 'greece']",[],['Greece'],[]
2020,Nf9Gtmxpe0k,"['perea', 'thessaloniki', 'northern', 'greece']","['god', 'bless', 'beloved', 'dont', 'know', 'person', 'god', 'know', 'well', 'god', 'reveal', 'revelation', 'go', 'profile', 'observe', 'thing', 'spiritual', 'life', 'meditate', 'saw', 'divine', 'breakthrough', 'life', 'saw', 'evil', 'attack', 'enemy', 'manipulate', 'seize', 'favour', 'come', 'hand', 'work', 'confuse', 'lose', 'hope', 'life', 'pray', 'lord', 'reveal', 'instruct', 'sow', 'seed', 'life', 'baby', 'suffer', 'leukemia', 'child', 'tomorrow', 'orphanage', 'home', 'locate', 'kebbi', 'state', 'nigeria', 'end', 'tomorrow', 'let', 'know', 'join', 'prayer', 'deeply', 'want', 'manifest', 'promise', 'life', 'family', 'nobody', 'know', 'seed', 'god', 'testify', 'glory', 'god', 'believe', 'say', 'proverb', 'deu', 'contact', 'md', 'orphanage', 'foundation', 'whatsapp', 'send', 'donation', 'god', 'bless']",['Greece'],['Nigeria']
2020,Nf9Gtmxpe0k,"['scream', 'despair', 'mykonos', 'santorini', 'arent', 'place', 'worth', 'visitingin', 'fact', 'theres', 'many', 'good']",[],['Greece'],[]
2020,Nf9Gtmxpe0k,"['please', 'everyone', 'think', 'spend', 'summer', 'greece', 'especially', 'greek', 'island', 'really', 'careful', 'greek', 'island', 'mostly', 'inhabit', 'elderly', 'people', 'get', 'sick', 'likely', 'gonna', 'die', 'due', 'luck', 'hospital', 'doctor', 'island']",[],['Greece'],[]
2020,Nf9Gtmxpe0k,"['true', 'greek', 'really', 'friendly', 'tourist', 'love', 'talk', 'tourist', 'every', 'time', 'meet', 'fun']",[],[],[]
2020,Nf9Gtmxpe0k,"['athens', 'live', 'half', 'population', 'one', 'third']",[],['Greece'],[]
2020,Nf9Gtmxpe0k,"['proud', 'greek']",[],[],[]
2020,Nf9Gtmxpe0k,"['greek', 'allow', 'stay', 'house', 'free']",[],[],[]
2020,Nf9Gtmxpe0k,"['greece', 'country', 'state', 'eu', 'hopefully', 'greece', 'leave', 'eu', 'euro']","['know', 'greece', 'leaf', 'eu', 'euro', 'price', 'product', 'rise', 'extremely', 'much', 'high', 'danger', 'war', 'example', 'war', 'turkey', 'eu', 'longer', 'protect', 'greece']",['Greece'],"['Turkey', 'Greece']"
2020,Nf9Gtmxpe0k,"['greece', 'country', 'state', 'eu', 'hopefully', 'greece', 'leave', 'eu', 'euro']","['norgafelius', 'stay', 'eu', 'euro', 'money', 'true', 'greek', 'would', 'say', 'country', 'honestly', 'believe', 'eu', 'save', 'greece', 'war', 'name', 'one', 'country', 'eu', 'save', 'way', 'whether', 'militarily', 'economically', 'loan', 'include', 'greek', 'coward', 'history', 'fill', 'bravery', 'afraid', 'anyone', 'afraid', 'confirm', 'greek', 'also', 'believe', 'democracy', 'democracy', 'national', 'referendum', 'ask', 'people', 'want', 'join', 'eu', 'euro', 'neither', 'happen', 'believe', 'dictatorship', 'whether', 'militarily', 'politically', 'greece', 'politician', 'rule', 'ignore', 'people', 'pscyprus', 'british', 'protectorate', 'turkey', 'invade', 'british', 'come', 'aid']",['Greece'],"['Turkey', 'Greece']"
2020,Nf9Gtmxpe0k,"['greece', 'country', 'state', 'eu', 'hopefully', 'greece', 'leave', 'eu', 'euro']","['norgafelius', 'one', 'thing', 'price', 'go', 'drachma', 'proven', 'fact', 'euro', 'drachma', 'public', 'record', 'euro', 'responsible', 'price', 'go', 'astronomically', 'buy', 'power', 'drachma', 'much', 'good', 'euro', 'euro', 'salary', 'cut', 'third', 'live', 'cave', 'much', 'fact', 'accessible', 'still', 'come', 'statement', 'psplease', 'vote', 'child', 'world', 'good', 'place', 'live']",['Greece'],[]
2020,Nf9Gtmxpe0k,"['greece', 'country', 'state', 'eu', 'hopefully', 'greece', 'leave', 'eu', 'euro']","['spartanconscience', 'right', 'actually', 'one', 'greece', 'eu', 'loan', 'make', 'european', 'found', 'school', 'erasmus', 'program', 'free', 'product', 'selling', 'eu', 'country', 'greece', 'travel', 'id']",['Greece'],['Greece']
2020,Nf9Gtmxpe0k,"['greece', 'country', 'state', 'eu', 'hopefully', 'greece', 'leave', 'eu', 'euro']","['norgafelius', 'living', 'loan', 'provide', 'funding', 'social', 'program', 'infrastructure', 'correct', 'way', 'introduce', 'fair', 'tax', 'allow', 'open', 'economy', 'correct', 'way', 'politician', 'people', 'vote', 'allow', 'say', 'lot', 'voter', 'flatter', 'care', 'greece', 'past', 'majority', 'occupant', 'greece', 'deserve', 'misery', 'unworthy', 'call', 'greek', 'greece', 'history', 'fill', 'struggle', 'invader', 'stay', 'free', 'independent', 'would', 'believe', 'today', 'pathetic', 'generation', 'freely', 'give', 'away', 'greece', 'german', 'confirm', 'money', 'ever', 'see', 'lifetime', 'greece', 'loan', 'ever', 'pay', 'full', 'never', 'happen', 'always', 'get', 'bad', 'betray', 'one', 'country', 'loan', 'anathema', 'occupant', 'greece', 'commit', 'god', 'like', 'traitor', 'look', 'happen', 'judas', 'betray', 'christ', 'least', 'juda', 'regretful', 'remorseful', 'occupant', 'greece', 'respect', 'juda']",['Greece'],['Greece']
2020,Nf9Gtmxpe0k,"['greece', 'country', 'state', 'eu', 'hopefully', 'greece', 'leave', 'eu', 'euro']","['spartanconscience', 'bro', 'never', 'say', 'greece', 'pay', 'loan', 'slow', 'country', 'loan', 'wayy', 'high', 'pay', 'eu', 'erase', 'greece', 'loan', 'moreover', 'world', 'war', 'germany', 'pay', 'war', 'money', 'refund', 'european', 'country', 'instead', 'never', 'happen', 'thats', 'unfair', 'since', 'germany', 'didnt', 'pay', 'even', 'though', 'cause', 'whole', 'war', 'greece', 'pay', 'either']",['Greece'],"['Germany', 'Greece']"
2020,Nf9Gtmxpe0k,"['greece', 'country', 'state', 'eu', 'hopefully', 'greece', 'leave', 'eu', 'euro']","['norgafelius', 'see', 'obvious', 'yet', 'voter', 'continue', 'vote', 'politician', 'people', 'believe', 'greece', 'stop', 'pay', 'loan', 'claim', 'war', 'reparation', 'grant', 'loan', 'greece', 'give', 'steal', 'political', 'social', 'economic', 'elite', 'greece', 'continue', 'greece', 'doom', 'voter', 'external', 'force', 'greece', 'best', 'hope', 'leave', 'eu', 'euro', 'start', 'build', 'trade', 'economic', 'military', 'relationship', 'china', 'future', 'world', 'include', 'eu', 'lie', 'good', 'free', 'independent', 'someone', 'else']",['Greece'],"['Greece', 'China']"
2020,Nf9Gtmxpe0k,"['greece', 'country', 'state', 'eu', 'hopefully', 'greece', 'leave', 'eu', 'euro']","['spartanconscience', 'exactly', 'almost', 'loan', 'get', 'steal', 'politician', 'make', 'angry', 'hope', 'one', 'day', 'appear', 'politician', 'dont', 'care', 'personal', 'money', 'greece', 'greece', 'could', 'powerful', 'leader', 'care', 'country']",['Greece'],['Greece']
2020,Nf9Gtmxpe0k,"['greece', 'country', 'state', 'eu', 'hopefully', 'greece', 'leave', 'eu', 'euro']","['norgafelius', 'politician', 'charge', 'wealthy', 'powerful', 'elite', 'behind', 'conspire', 'steal', 'grant', 'loan', 'time', 'bill', 'occupant', 'greece', 'bill', 'smart', 'dumb', 'one', 'occupant', 'greece', 'obvious', 'go', 'continue', 'fight', 'among', 'vote', 'responsible', 'blame', 'deserve', 'sympathy', 'greek', 'overseas', 'feel', 'deserve', 'economic', 'misery', 'come', 'way']",['Greece'],['Greece']
2020,Nf9Gtmxpe0k,"['greece', 'country', 'state', 'eu', 'hopefully', 'greece', 'leave', 'eu', 'euro']","['spartanconscience', 'greek', 'fault', 'mostly', 'fault', 'elite', 'say', 'behind', 'politician', 'keep', 'tell', 'occupant', 'lie', 'try', 'gain', 'vote', 'give', 'money', 'work']",['Greece'],[]
2020,Nf9Gtmxpe0k,"['greece', 'country', 'state', 'eu', 'hopefully', 'greece', 'leave', 'eu', 'euro']","['norgafelius', 'word', 'respect', 'anyone', 'money', 'come', 'betray', 'country', 'regret', 'conscience', 'come', 'ever', 'trust', 'people']",['Greece'],[]
2020,Nf9Gtmxpe0k,"['greece', 'country', 'state', 'eu', 'hopefully', 'greece', 'leave', 'eu', 'euro']","['spartanconscience', 'exactly', 'disappointing']",['Greece'],[]
2020,Nf9Gtmxpe0k,"['greece', 'country', 'state', 'eu', 'hopefully', 'greece', 'leave', 'eu', 'euro']","['spartan', 'conscience', 'greece', 'never', 'go', 'leave', 'eu', 'stop', 'dreaming']",['Greece'],['Greece']
2020,Nf9Gtmxpe0k,"['greece', 'country', 'state', 'eu', 'hopefully', 'greece', 'leave', 'eu', 'euro']","['angelina', 'never', 'leave', 'country', 'traitor', 'unworthy', 'call', 'greek', 'greek', 'fight', 'century', 'stay', 'free', 'independent', 'today', 'generation', 'betray', 'greece', 'give', 'freely', 'away', 'german', 'join', 'eu', 'give', 'away', 'drachma', 'german', 'curse', 'traitor', 'disease', 'wipe', 'fast', 'enough', 'hopefully', 'major', 'war', 'come', 'along', 'wipe', 'rest', 'psthis', 'site', 'greek', 'patriot', 'traitor', 'go', 'away']",['Greece'],['Greece']
2020,Nf9Gtmxpe0k,"['greece', 'really', 'bad', 'rude', 'people', 'thing', 'overprice', 'dangerous', 'gotta', 'say', 'visit', 'place', 'least', 'favorite', 'greece', 'spain', 'favorite']","['sorry', 'hear', 'experience', 'sadly', 'rude', 'people', 'exist', 'everywhere', 'hope', 'run', 'nice', 'people', 'ever', 'decide', 'go', 'would', 'suggest', 'avoid', 'tourist', 'trap', 'thing', 'almost', 'always', 'overprice']","['Spain', 'Greece']",['France']
2020,Nf9Gtmxpe0k,"['greece', 'really', 'bad', 'rude', 'people', 'thing', 'overprice', 'dangerous', 'gotta', 'say', 'visit', 'place', 'least', 'favorite', 'greece', 'spain', 'favorite']","['spain', 'favorite', 'waste', 'year', 'life', 'rude', 'people', 'ever', 'meet', 'pack', 'everything', 'back', 'athens']","['Spain', 'Greece']","['Spain', 'Greece']"
2020,Nf9Gtmxpe0k,"['greece', 'really', 'bad', 'rude', 'people', 'thing', 'overprice', 'dangerous', 'gotta', 'say', 'visit', 'place', 'least', 'favorite', 'greece', 'spain', 'favorite']","['motocount', 'compare', 'spain', 'greece', 'lol', 'omg']","['Spain', 'Greece']","['Spain', 'Greece']"
2020,Nf9Gtmxpe0k,"['greece', 'really', 'bad', 'rude', 'people', 'thing', 'overprice', 'dangerous', 'gotta', 'say', 'visit', 'place', 'least', 'favorite', 'greece', 'spain', 'favorite']","['motocount', 'rude', 'people', 'exist', 'everywhere', 'man', 'think', 'spanish', 'portuguese', 'people', 'pretty', 'nice', 'especially', 'portugal', 'amaze', 'hospitality']","['Spain', 'Greece']","['France', 'Portugal']"
2020,Nf9Gtmxpe0k,"['greece', 'really', 'bad', 'rude', 'people', 'thing', 'overprice', 'dangerous', 'gotta', 'say', 'visit', 'place', 'least', 'favorite', 'greece', 'spain', 'favorite']","['sirgeorge', 'totally', 'agree', 'portuguese', 'people', 'spanish', 'rude', 'opinion']","['Spain', 'Greece']",[]
2020,Nf9Gtmxpe0k,"['greece', 'really', 'bad', 'rude', 'people', 'thing', 'overprice', 'dangerous', 'gotta', 'say', 'visit', 'place', 'least', 'favorite', 'greece', 'spain', 'favorite']","['jessicawinslet', 'beginning', 'think', 'discuss', 'colleague', 'british', 'french', 'dutch', 'etc', 'realize', 'share', 'opinion', 'dont', 'forget', 'different', 'tourist']","['Spain', 'Greece']",[]
2020,Nf9Gtmxpe0k,"['greece', 'really', 'bad', 'rude', 'people', 'thing', 'overprice', 'dangerous', 'gotta', 'say', 'visit', 'place', 'least', 'favorite', 'greece', 'spain', 'favorite']","['jessica', 'winslet', 'u', 'greece', 'one', 'safe', 'country', 'stay', 'outside', 'whole', 'night', 'teenager', 'sorry', 'people', 'spain', 'definitely', 'rude', 'greece', 'rude', 'people', 'every', 'country', 'hotel', 'etc', 'overprice', 'yes', 'everywhere', 'greece', 'greece', 'one', 'prettiest', 'country', 'ever']","['Spain', 'Greece']","['Spain', 'Greece']"
2020,Nf9Gtmxpe0k,"['greece', 'even', 'take', 'list', 'travel', 'land', 'beautiful', 'fake', 'people', 'bad', 'rude', 'evil']","['assume', 'north', 'macedonia', 'turkey']",['Greece'],['Turkey']
2020,Nf9Gtmxpe0k,"['greece', 'even', 'take', 'list', 'travel', 'land', 'beautiful', 'fake', 'people', 'bad', 'rude', 'evil']","['people', 'like', 'exist', 'planet']",['Greece'],[]
2020,Nf9Gtmxpe0k,"['greece', 'even', 'take', 'list', 'travel', 'land', 'beautiful', 'fake', 'people', 'bad', 'rude', 'evil']","['prespa', 'greece', 'one', 'friendly', 'people', 'ever']",['Greece'],['Greece']
2020,Nf9Gtmxpe0k,"['greek', 'dont', 'like', 'foreigner', 'especially', 'time', 'tourist', 'business', 'rbnb', 'raid', 'area', 'like', 'koykaki', 'near', 'acropolis', 'athens', 'area', 'drive', 'people', 'outside', 'home', 'cause', 'rent', 'get', 'high', 'current', 'government', 'employ', 'even', 'police', 'enters', 'people', 'home', 'uninvited', 'order', 'instill', 'fear', 'anarchist', 'occupy', 'building', 'koykaki', 'try', 'resist', 'rbnb', 'raid', 'also', 'rent', 'get', 'higher', 'athens', 'like', 'euro', 'cm', 'area', 'people', 'struggle', 'rent', 'home', 'average', 'salary', 'greece', 'right', 'something', 'euro', 'u', 'lucky', 'job', 'work', 'tourist', 'industry', 'work', 'summer', 'summer', 'month', 'minimal', 'work', 'right', 'get', 'pay', 'less', 'less', 'student', 'tourist', 'industry', 'exploit', 'even', 'work', 'euro', 'month', 'exploit', 'take', 'account', 'huge', 'profit', 'employee', 'work', 'right', 'condition', 'go', 'trip', 'along', 'implementation', 'imf', 'austerity', 'policy', 'people', 'offer', 'drink', 'walk', 'bare', 'foot', 'sand', 'myconos', 'sleep', 'room', 'pool', 'horror', 'story', 'far', 'athens', 'concerned', 'one', 'see', 'policy', 'move', 'people', 'center', 'athens', 'since', 'institution', 'like', 'national', 'library', 'cultural', 'center', 'move', 'towards', 'beachsouth', 'government', 'want', 'sell', 'old', 'airport', 'order', 'make', 'asian', 'style', 'casino', 'google', 'atrocious', 'designif', 'gdp', 'get', 'high', 'cause', 'tourism', 'one', 'see', 'unemployment', 'rate', 'welcome', 'banana', 'republic', 'europe', 'overtourism', 'destroy', 'everything', 'along', 'austerity', 'policy', 'bet', 'people', 'dont', 'care', 'lazy', 'scum', 'greek', 'want', 'enjoy', 'sun']","['housing', 'thing', 'happen', 'many', 'place', 'greece', 'look', 'whats', 'happen', 'ireland', 'right']",['Greece'],"['Greece', 'Ireland']"
2020,Nf9Gtmxpe0k,"['greek', 'dont', 'like', 'foreigner', 'especially', 'time', 'tourist', 'business', 'rbnb', 'raid', 'area', 'like', 'koykaki', 'near', 'acropolis', 'athens', 'area', 'drive', 'people', 'outside', 'home', 'cause', 'rent', 'get', 'high', 'current', 'government', 'employ', 'even', 'police', 'enters', 'people', 'home', 'uninvited', 'order', 'instill', 'fear', 'anarchist', 'occupy', 'building', 'koykaki', 'try', 'resist', 'rbnb', 'raid', 'also', 'rent', 'get', 'higher', 'athens', 'like', 'euro', 'cm', 'area', 'people', 'struggle', 'rent', 'home', 'average', 'salary', 'greece', 'right', 'something', 'euro', 'u', 'lucky', 'job', 'work', 'tourist', 'industry', 'work', 'summer', 'summer', 'month', 'minimal', 'work', 'right', 'get', 'pay', 'less', 'less', 'student', 'tourist', 'industry', 'exploit', 'even', 'work', 'euro', 'month', 'exploit', 'take', 'account', 'huge', 'profit', 'employee', 'work', 'right', 'condition', 'go', 'trip', 'along', 'implementation', 'imf', 'austerity', 'policy', 'people', 'offer', 'drink', 'walk', 'bare', 'foot', 'sand', 'myconos', 'sleep', 'room', 'pool', 'horror', 'story', 'far', 'athens', 'concerned', 'one', 'see', 'policy', 'move', 'people', 'center', 'athens', 'since', 'institution', 'like', 'national', 'library', 'cultural', 'center', 'move', 'towards', 'beachsouth', 'government', 'want', 'sell', 'old', 'airport', 'order', 'make', 'asian', 'style', 'casino', 'google', 'atrocious', 'designif', 'gdp', 'get', 'high', 'cause', 'tourism', 'one', 'see', 'unemployment', 'rate', 'welcome', 'banana', 'republic', 'europe', 'overtourism', 'destroy', 'everything', 'along', 'austerity', 'policy', 'bet', 'people', 'dont', 'care', 'lazy', 'scum', 'greek', 'want', 'enjoy', 'sun']","['sirgeorge', 'agree', 'exception', 'greece', 'demolish', 'work', 'right', 'wage', 'worsen', 'situation', 'greek', 'work', 'class', 'greek', 'middle', 'well']",['Greece'],['Greece']
2020,Nf9Gtmxpe0k,"['greek', 'dont', 'like', 'foreigner', 'especially', 'time', 'tourist', 'business', 'rbnb', 'raid', 'area', 'like', 'koykaki', 'near', 'acropolis', 'athens', 'area', 'drive', 'people', 'outside', 'home', 'cause', 'rent', 'get', 'high', 'current', 'government', 'employ', 'even', 'police', 'enters', 'people', 'home', 'uninvited', 'order', 'instill', 'fear', 'anarchist', 'occupy', 'building', 'koykaki', 'try', 'resist', 'rbnb', 'raid', 'also', 'rent', 'get', 'higher', 'athens', 'like', 'euro', 'cm', 'area', 'people', 'struggle', 'rent', 'home', 'average', 'salary', 'greece', 'right', 'something', 'euro', 'u', 'lucky', 'job', 'work', 'tourist', 'industry', 'work', 'summer', 'summer', 'month', 'minimal', 'work', 'right', 'get', 'pay', 'less', 'less', 'student', 'tourist', 'industry', 'exploit', 'even', 'work', 'euro', 'month', 'exploit', 'take', 'account', 'huge', 'profit', 'employee', 'work', 'right', 'condition', 'go', 'trip', 'along', 'implementation', 'imf', 'austerity', 'policy', 'people', 'offer', 'drink', 'walk', 'bare', 'foot', 'sand', 'myconos', 'sleep', 'room', 'pool', 'horror', 'story', 'far', 'athens', 'concerned', 'one', 'see', 'policy', 'move', 'people', 'center', 'athens', 'since', 'institution', 'like', 'national', 'library', 'cultural', 'center', 'move', 'towards', 'beachsouth', 'government', 'want', 'sell', 'old', 'airport', 'order', 'make', 'asian', 'style', 'casino', 'google', 'atrocious', 'designif', 'gdp', 'get', 'high', 'cause', 'tourism', 'one', 'see', 'unemployment', 'rate', 'welcome', 'banana', 'republic', 'europe', 'overtourism', 'destroy', 'everything', 'along', 'austerity', 'policy', 'bet', 'people', 'dont', 'care', 'lazy', 'scum', 'greek', 'want', 'enjoy', 'sun']","['marianed', 'true']",['Greece'],[]
2020,Nf9Gtmxpe0k,[],[],[],[]
2020,Nf9Gtmxpe0k,[],[],[],[]
2020,Nf9Gtmxpe0k,[],['eat'],[],[]
2020,Nf9Gtmxpe0k,"['turkey', 'beautiful']","['country', 'beautiful', 'competition']",['Turkey'],[]
2020,Nf9Gtmxpe0k,"['turkey', 'beautiful']",['yafes'],['Turkey'],[]
2020,Nf9Gtmxpe0k,"['turkey', 'beautiful']","['greece', 'island', 'greece', 'double', 'coastline', 'turkey']",['Turkey'],"['Turkey', 'Greece']"
2020,Nf9Gtmxpe0k,"['guy', 'dont', 'come', 'u', 'corona']",[],['United States'],[]
2020,Nf9Gtmxpe0k,"['guy', 'dont', 'come', 'u', 'corona']",[],['United States'],[]
2020,Nf9Gtmxpe0k,"['dont', 'go', 'greece', 'holiday', 'still', 'believe', 'greece', 'economic', 'success', 'thanks', 'corrupt', 'political', 'leader', 'tourism', 'since', 'join', 'eu', 'euro', 'actually', 'go', 'backwards', 'forward', 'economically', 'socially', 'politically', 'dont', 'go', 'greece', 'holiday']","['spartan', 'conscience', 'talk', 'greece', 'best', 'holiday', 'vacation', 'know', 'economy', 'bad', 'get', 'well', 'slowly']",['Greece'],['Greece']
2020,Nf9Gtmxpe0k,"['dont', 'go', 'greece', 'holiday', 'still', 'believe', 'greece', 'economic', 'success', 'thanks', 'corrupt', 'political', 'leader', 'tourism', 'since', 'join', 'eu', 'euro', 'actually', 'go', 'backwards', 'forward', 'economically', 'socially', 'politically', 'dont', 'go', 'greece', 'holiday']","['angelina', 'greece', 'economy', 'never', 'get', 'good', 'illusion', 'greece', 'population', 'slowly', 'decrease', 'age', 'country', 'debt', 'never', 'pay', 'population', 'never', 'able', 'sustain', 'massive', 'debt', 'close', 'billion', 'euro', 'comment', 'alone', 'concept', 'economics']",['Greece'],[]
2020,Nf9Gtmxpe0k,"['greece', 'country', 'animal', 'abuser']","['really', 'dog', 'love', 'every', 'one']",['Greece'],[]
2020,Nf9Gtmxpe0k,"['greece', 'country', 'animal', 'abuser']","['would', 'u', 'say', 'first', 'animal', 'abuser', 'exist', 'everywhere']",['Greece'],[]
2020,Nf9Gtmxpe0k,"['im', 'actually', 'greece', 'countrys', 'language', 'greek', 'accent', 'though', 'call', 'dolmas', 'koupepia', 'youre', 'wonder', 'im', 'im']","['kat', 'lavender', 'love', 'koupepia', 'greece', 'greek', 'course']",['Greece'],['Greece']
2020,Nf9Gtmxpe0k,"['im', 'actually', 'greece', 'countrys', 'language', 'greek', 'accent', 'though', 'call', 'dolmas', 'koupepia', 'youre', 'wonder', 'im', 'im']",[],['Greece'],[]
2020,Nf9Gtmxpe0k,"['go', 'visit', 'athens', 'meteora', 'santorini', 'ios', 'though', 'love', 'santorini', 'wasnt', 'favourite', 'part', 'io', 'incredible', 'quiet', 'day', 'time', 'beautiful', 'beach', 'insane', 'nightlife', 'meteora', 'north', 'athens', 'take', 'hour', 'train', 'ride', 'natural', 'rock', 'formation', 'monastery', 'top', 'tour', 'really', 'cool', 'athens', 'vibe', 'culture', 'energy', 'something', 'experience', 'love', 'greece']","['ive', 'use', 'see', 'meteora', 'every', 'day', 'cause', 'ive', 'go', 'private', 'high', 'school', 'thats', 'outside', 'main', 'town', 'areaalmost', 'resident', '15km', 'away', 'meteora', 'blast', 'able', 'see', 'every', 'day']",['Greece'],[]
2020,Nf9Gtmxpe0k,"['anyone', 'watch', 'quarantine']","['meme', 'comment']",[],[]
2020,Nf9Gtmxpe0k,"['doubt', 'especially', 'refugee']","['think', 'coronavirus', 'big', 'threat']",[],[]
2020,Nf9Gtmxpe0k,"['great', 'video', 'pronunciation', 'kill', 'zahkeenthos', 'delphee']",['hahaha'],[],[]
2021,Nf9Gtmxpe0k,"['omg', 'im', 'love', 'greece']",[],['Greece'],[]
2020,Nf9Gtmxpe0k,"['omg', 'everything', 'language', 'mispronounce', 'lmao']",[],[],[]
2020,Nf9Gtmxpe0k,[],[],[],[]
2020,Nf9Gtmxpe0k,"['greek', 'food', 'best', 'remember', 'bottle', 'water', 'cost', 'know', 'get', 'gyro', 'souvlakia', 'fast', 'food', 'time', 'well', 'time', 'cheap', 'around', 'corner', 'u', 'know', 'go', 'eat', 'tourist', 'spot', 'p', 'also', 'greece', 'mykonos', 'santorine', 'alsoe', 'plzzzz', 'ur', 'sick', 'stay', 'home', 'p', 'get', 'low', 'covin', 'case', 'greece', 'would', 'like', 'stay', 'way', 'p']",[],['Greece'],[]
2020,Nf9Gtmxpe0k,"['no1', 'country', 'visit', 'country', 'visit', 'post', 'coronavirus']",[],[],[]
2020,Nf9Gtmxpe0k,"['hello', 'guy', 'today', 'im', 'teach', 'important', 'greek', 'word', 'hi', 'γειά', 'πώς', 'είσαι', 'τι', 'κάνεις', 'watch', 'name', 'πώς', 'σε', 'λένε', 'shit', 'σκατά', 'asshle', 'μαλκας', 'btch', 'σκύλα', 'bye', 'αντίο', 'gyro', 'γύροςπιτογυρο', 'wi', 'fi', 'exactly', 'word', 'greece', 'water', 'νερό', 'want', 'ask', 'word', 'leave', 'comment']",[],['Greece'],[]
2020,Nf9Gtmxpe0k,['gayreece'],[],[],[]
2020,Nf9Gtmxpe0k,"['even', 'though', 'tourist', 'number', 'huge', 'income', 'tourism', 'big', 'foreign', 'people', 'must', 'understant', 'lot', 'tourism', 'business', 'greece', 'nasty', 'lot', 'time', 'avoid', 'pay', 'tax', 'dont', 'give', 'receipt', 'underpay', 'overwork', 'employes', 'bad', 'living', 'working', 'condition', 'imagine', 'salt', 'baes', 'restaurant', 'mykonos', 'get', 'bust', 'avoid', 'pay', 'tax', 'point', 'try', 'make', 'lot', 'money', 'come', 'tourism', 'doesnt', 'flow', 'economical', 'system']",[],['Greece'],[]
2020,Nf9Gtmxpe0k,"['dont', 'ride', 'donkey', 'please', 'get', 'abuse', 'people']",[],[],[]
2019,yNZ9HjM_9m4,"['omg', 'im', 'love', 'costarica']",[],[],[]
2018,Smh8I18DKLQ,[],[],['Sri Lanka'],[]
2018,Smh8I18DKLQ,[],[],['Sri Lanka'],[]
2018,Smh8I18DKLQ,[],[],['Sri Lanka'],[]
2018,Smh8I18DKLQ,[],[],['Sri Lanka'],[]
2018,Smh8I18DKLQ,"['sri', 'lanka', 'land', 'like']",[],['Sri Lanka'],[]
2018,Smh8I18DKLQ,[],[],[],[]
2019,Smh8I18DKLQ,[],[],['Sri Lanka'],[]
2018,Smh8I18DKLQ,"['thank', 'lonely', 'planet']",[],[],[]
2018,Smh8I18DKLQ,[],"['dont', 'mean', 'learn', 'appreciate']",['Sri Lanka'],[]
2018,Smh8I18DKLQ,[],"['asofernando', 'whats', 'mean', 'im', 'actually', 'happy', 'suprised']",['Sri Lanka'],[]
2018,Smh8I18DKLQ,[],"['tplstaden', 'think', 'didnt', 'get', 'damn', 'mean', 'anyway', 'congrats', 'sri', 'lanka']",['Sri Lanka'],['Sri Lanka']
2018,Smh8I18DKLQ,[],"['squishynuggit', 'haha', 'figure', 'thank', 'im', 'sri', 'lankan', 'btw']",['Sri Lanka'],['Sri Lanka']
2018,Smh8I18DKLQ,"['sri', 'lanka', 'rat', 'country']","['ya', 'dont', 'know', 'thanks', 'youtubers', 'rise']",['Sri Lanka'],[]
2019,Smh8I18DKLQ,[],[],['Sri Lanka'],[]
2018,Smh8I18DKLQ,"['wow', 'jordan']",[],['Jordan'],[]
2018,Smh8I18DKLQ,[],[],['Sri Lanka'],[]
2018,Smh8I18DKLQ,"['woooowmy', 'country', 'sri', 'lankaand', 'proud', 'sri', 'lankan']",[],['Sri Lanka'],[]
2018,Smh8I18DKLQ,[],[],['Sri Lanka'],[]
2019,Smh8I18DKLQ,"['sri', 'lanka', 'best', 'place', 'visit', 'earth']",[],['Sri Lanka'],[]
2018,Smh8I18DKLQ,[],[],['Sri Lanka'],[]
2018,Smh8I18DKLQ,"['italy', 'replace', 'germany']",[],"['Germany', 'Italy']",[]
2018,Smh8I18DKLQ,[],[],['Sri Lanka'],[]
2018,Smh8I18DKLQ,"['yes', 'yes', 'yes', 'one', 'best']",[],[],[]
2018,Smh8I18DKLQ,[],[],['Spain'],[]
2018,Smh8I18DKLQ,[],"['certainly', 'number', 'sri', 'lanka', 'beautiful', 'country', 'paradise', 'traveller']",['Sri Lanka'],['Sri Lanka']
2020,Smh8I18DKLQ,"['sri', 'lankawonder', 'asia']",[],['Sri Lanka'],[]
2019,Smh8I18DKLQ,[],[],['Sri Lanka'],[]
2018,Smh8I18DKLQ,[],[],['Sri Lanka'],[]
2018,Smh8I18DKLQ,[],[],['Sri Lanka'],[]
2018,Smh8I18DKLQ,[],[],['Sri Lanka'],[]
2018,Smh8I18DKLQ,[],[],['Sri Lanka'],[]
2019,Smh8I18DKLQ,"['im', 'sri', 'lankan', 'thank', 'god', 'war', 'end', 'year', 'ago', 'ever', 'since', 'war', 'end', 'sri', 'lanka', 'improve', 'year', 'year', 'im', 'thankful', 'happy', 'see', 'sri', 'lanka', 'number', 'list', 'welcome', 'everyone', 'love', 'travel', 'beautiful', 'nation', 'sri', 'lanka', 'aka', 'ceylon', 'serendib', 'taprobane', 'tambapanni', 'pearl', 'indian', 'ocean', 'love', 'lanka']",[],['Sri Lanka'],[]
2019,Smh8I18DKLQ,"['im', 'sri', 'lankan', 'thank', 'god', 'war', 'end', 'year', 'ago', 'ever', 'since', 'war', 'end', 'sri', 'lanka', 'improve', 'year', 'year', 'im', 'thankful', 'happy', 'see', 'sri', 'lanka', 'number', 'list', 'welcome', 'everyone', 'love', 'travel', 'beautiful', 'nation', 'sri', 'lanka', 'aka', 'ceylon', 'serendib', 'taprobane', 'tambapanni', 'pearl', 'indian', 'ocean', 'love', 'lanka']",[],['Sri Lanka'],[]
2019,Smh8I18DKLQ,"['really', 'srilanka', 'nabour', 'go', 'europe']",[],[],[]
2019,Smh8I18DKLQ,"['thanks', 'know', 'country', 'avoid', 'year']",[],[],[]
2019,Smh8I18DKLQ,[],[],['Sri Lanka'],[]
2019,Smh8I18DKLQ,"['pakistan', 'one', 'beautiful', 'safe', 'country', 'tourist', 'amazing', 'culture', 'food', 'hospitable', 'people', 'world', 'shortly', 'say', 'pakistan', 'heaven', 'earth']",[],['Pakistan'],[]
2019,Smh8I18DKLQ,"['pakistan', 'one', 'beautiful', 'safe', 'country', 'tourist', 'amazing', 'culture', 'food', 'hospitable', 'people', 'world', 'shortly', 'say', 'pakistan', 'heaven', 'earth']",[],['Pakistan'],[]
2018,Smh8I18DKLQ,"['think', 'no1', 'diverse', 'beautiful', 'cheap', 'country', 'world', 'vietnam', 'reason', 'vietnam', 'small', 'country', 'many', 'record', 'big', 'cave', 'world', 'hang', 'son', 'doong', 'beautiful', 'waterfall', 'asia', 'ban', 'gioc', 'waterfall', 'deep', 'cave', 'sea', 'hang', 'cống', 'nước', 'deep', 'gorge', 'sea', 'hẻm', 'tu', 'sản', 'long', 'lava', 'tube', 'cave', 'sea', 'hang', 'c7', 'beautiful', 'bay', 'world', 'ha', 'long', 'bay', 'steep', 'natural', 'waterslide', 'probably', 'world', 'tà', 'ngào', 'waterslide', 'large', 'sand', 'dune', 'sea', 'mũi', 'né', 'beautiful', 'volcanic', 'island', 'mainland', 'sea', 'lý', 'sơn', 'island', 'despite', 'country', 'tropical', 'region', 'vietnam', 'snowfall', 'every', 'year', 'winter', 'sapa']","['sorry', 'sri', 'lanka', 'lot']",['Vietnam'],['Sri Lanka']
2020,Smh8I18DKLQ,[],[],['Sri Lanka'],[]
2019,Smh8I18DKLQ,"['ever', 'happen', 'mother', 'land', 'place', 'like', 'sri', 'lanka', 'guy', 'dont', 'afraid', 'visit', 'sri', 'lanka', 'youll', 'never', 'find', 'beauty', 'like', 'sri', 'lanka', 'else']",[],['Sri Lanka'],[]
2019,Smh8I18DKLQ,[],[],['Kyrgyzstan'],[]
2019,Smh8I18DKLQ,[],[],['Kyrgyzstan'],[]
2019,Smh8I18DKLQ,"['mother', 'land', 'sri', 'lanka']",[],['Sri Lanka'],[]
2019,Smh8I18DKLQ,[],[],['Sri Lanka'],[]
2018,Smh8I18DKLQ,"['sri', 'lanka', 'amaze', 'beach', 'wild', 'life', 'ancient', 'buddhist', 'civilization', 'unesco', 'world', 'heritagedifferent', 'climates', 'asia', 'sceneric', 'train', 'journey', 'unlimited', 'waterfall', 'world', 'class', 'apartment', 'hotel', 'island', 'wide', 'highwaysyummy', 'seafood', 'surf', 'dive', 'hiking', 'open', 'democracy', 'friendly', 'ppl']",[],['Sri Lanka'],[]
2019,Smh8I18DKLQ,[],"['dont', 'sad', 'love', 'philipines']",['Philippines'],[]
2018,Smh8I18DKLQ,"['germany', 'always', 'good', 'idea', 'want', 'pick', 'visit', 'every', 'year', 'please']","['punkrockgirlpa', 'believe', 'boring', 'live']",['Germany'],[]
2020,Smh8I18DKLQ,"['guy', 'arent', 'cheer', 'others']",[],[],[]
2019,Smh8I18DKLQ,"['really', 'nice', 'amazing']",[],['France'],[]
2019,Smh8I18DKLQ,[],[],['United States'],[]
2019,Smh8I18DKLQ,[],[],['Kyrgyzstan'],[]
2019,Smh8I18DKLQ,[],[],[],[]
2019,Smh8I18DKLQ,[],[],[],[]
2019,Smh8I18DKLQ,[],[],[],[]
2019,Smh8I18DKLQ,[],[],['Sri Lanka'],[]
2019,Smh8I18DKLQ,"['hi', 'im', 'pakistani', 'loveeee', 'country']",[],[],[]
2019,Smh8I18DKLQ,[],[],"['Belize', 'Jordan', 'Oman', 'Uzbekistan', 'Guatemala', 'Vietnam', 'Hungary', 'Thailand', 'Cambodia']",[]
2019,Smh8I18DKLQ,[],[],['Sri Lanka'],[]
2019,Smh8I18DKLQ,[],[],['Sri Lanka'],[]
2019,Smh8I18DKLQ,[],[],"['Jordan', 'Indonesia', 'Sri Lanka']",[]
2018,Smh8I18DKLQ,[],[],['Sri Lanka'],[]
2018,Smh8I18DKLQ,"['watch', 'beauty', 'top', 'country', 'video']",[],[],[]
2018,Smh8I18DKLQ,[],[],['Indonesia'],[]
2018,Smh8I18DKLQ,"['jordan', 'zimbabwe', 'head', 'germany', 'next', 'week']",[],"['Zimbabwe', 'Germany', 'Jordan']",[]
2018,Smh8I18DKLQ,"['really', 'germany', 'germany', 'ugly', 'fuck', 'shut', 'mouth']",[],['Germany'],[]
2018,Smh8I18DKLQ,[],[],[],[]
2018,Smh8I18DKLQ,"['ok', 'sri', 'lankan', 'warmly', 'welcome', 'tourist', 'like', 'see', 'pearl', 'indian', 'ocean']",[],['Sri Lanka'],[]
2018,Smh8I18DKLQ,[],[],['Jordan'],[]
2018,Smh8I18DKLQ,"['type', 'content', 'like', 'great']",[],[],[]
2018,Smh8I18DKLQ,[],[],['Kyrgyzstan'],[]
2018,Smh8I18DKLQ,[],[],[],[]
2020,-HZhyogDxWo,"['oh', 'favorite', 'country', 'list']",[],[],[]
2020,-HZhyogDxWo,[],[],['United States'],[]
2020,-HZhyogDxWo,"['channel', 'like', 'google', 'everything', 'need', 'specially', 'travel', 'visit', 'channel', 'watch', 'video']",[],[],[]
2020,-HZhyogDxWo,"['beat', 'video', 'far', 'best', 'country', 'visit', 'rank', 'detail', 'factual', 'thanks', 'video']",[],[],[]
2020,-HZhyogDxWo,"['keep', 'come', 'back', 'channel', 'always', 'check', 'new', 'uploads', 'receive', 'informative', 'video', 'like', 'travel', 'good', 'job']",[],[],[]
2020,-HZhyogDxWo,"['love', 'channel', 'bunch', 'surprise', 'yet', 'informative', 'please', 'upload', 'video', 'like', 'million', 'people', 'around', 'globe', 'learn', 'many', 'thing', 'like', 'travel']",[],[],[]
2020,-HZhyogDxWo,[],[],['France'],[]
2020,-HZhyogDxWo,[],[],[],[]
2020,-HZhyogDxWo,"['amaze', 'video', 'bro', 'thanks', 'share']",[],[],[]
2020,-HZhyogDxWo,"['im', 'number', 'subscriber', 'appreciate', 'vlogs', 'gain', 'knowledge', 'like', 'thank']",[],[],[]
2020,-HZhyogDxWo,"['love', 'video']",[],[],[]
2020,-HZhyogDxWo,"['congratulation', 'channel', 'creator', 'perfect', 'channel', 'able', 'help', 'others', 'gain', 'knowledge', 'instead', 'thing', 'sense', 'recommend', 'channel', 'family', 'friend', 'sure', 'channel', 'grow', 'video', 'useful', 'time', 'keep']",[],[],[]
2020,-HZhyogDxWo,"['love', 'vlogs', 'original', 'content', 'plus', 'informative', 'worth', 'watch', 'share', 'others']",[],[],[]
2020,-HZhyogDxWo,"['wish', 'visit', 'one', 'country', 'mention', 'video', 'would', 'love', 'visit', 'america', 'europe', 'everyone', 'aim', 'reach', 'place']",[],['United States'],[]
2020,-HZhyogDxWo,"['visit', 'country', 'list', 'traveling', 'fulfil']",[],[],[]
2019,opD8Uq62v5I,"['finns', 'sure', 'love', 'watch', 'video', 'foreign', 'people', 'talk', 'finland']",[],['Finland'],[]
2019,opD8Uq62v5I,"['finns', 'sure', 'love', 'watch', 'video', 'foreign', 'people', 'talk', 'finland']",[],['Finland'],[]
2019,opD8Uq62v5I,"['finns', 'sure', 'love', 'watch', 'video', 'foreign', 'people', 'talk', 'finland']",['indian'],['Finland'],[]
2019,opD8Uq62v5I,"['finns', 'sure', 'love', 'watch', 'video', 'foreign', 'people', 'talk', 'finland']",[],['Finland'],[]
2019,opD8Uq62v5I,"['finns', 'sure', 'love', 'watch', 'video', 'foreign', 'people', 'talk', 'finland']",[],['Finland'],[]
2019,opD8Uq62v5I,"['finns', 'sure', 'love', 'watch', 'video', 'foreign', 'people', 'talk', 'finland']",[],['Finland'],[]
2019,opD8Uq62v5I,"['finns', 'sure', 'love', 'watch', 'video', 'foreign', 'people', 'talk', 'finland']","['american', 'prefer', 'foreigner', 'explain', 'america', 'sound', 'smarter']",['Finland'],['United States']
2019,opD8Uq62v5I,"['forget', 'high', 'suicide', 'rate', 'depress', 'weather', 'alcoholism']","['nicholas', 'rilasmaa', 'basically', 'every', 'country', 'depress', 'weather']",[],[]
2019,opD8Uq62v5I,"['forget', 'high', 'suicide', 'rate', 'depress', 'weather', 'alcoholism']","['amma', 'add', 'bucket', 'list']",[],[]
2019,opD8Uq62v5I,"['forget', 'high', 'suicide', 'rate', 'depress', 'weather', 'alcoholism']","['canweget', '1subwithoutvideos754', 'every', 'country', 'hour', 'sunlight', 'winter']",[],[]
2019,opD8Uq62v5I,"['forget', 'high', 'suicide', 'rate', 'depress', 'weather', 'alcoholism']","['nicholas', 'rilasmaa', 'sound', 'like', 'milwaukee', 'wisconsin', 'usa', 'mark', 'milwaukee']",[],['United States']
2019,opD8Uq62v5I,"['forget', 'high', 'suicide', 'rate', 'depress', 'weather', 'alcoholism']","['actually', 'suicide', 'rate', 'finland', 'low', 'ppl', 'think', '24th', 'place', 'thepoll', 'anyhow', 'one', 'sucide', 'many']",[],['Finland']
2019,opD8Uq62v5I,"['forget', 'high', 'suicide', 'rate', 'depress', 'weather', 'alcoholism']",[],[],[]
2019,opD8Uq62v5I,"['forget', 'high', 'suicide', 'rate', 'depress', 'weather', 'alcoholism']","['high', 'quality', 'life', 'index']",[],[]
2019,opD8Uq62v5I,"['forget', 'high', 'suicide', 'rate', 'depress', 'weather', 'alcoholism']","['would', 'mention', 'something', 'like', 'video', 'finland', 'nowhere', 'near', 'top', 'country', 'people', 'commit', 'suicide', 'old', 'b', 'people', 'keep', 'repeat', 'misinform', 'others']",[],['Finland']
2019,opD8Uq62v5I,"['forget', 'high', 'suicide', 'rate', 'depress', 'weather', 'alcoholism']","['watch', 'video', 'make', 'month', 'ago', 'suicide', 'rate', 'worldcountry', 'suicide', 'rate', 'comparison', 'high', 'suicide', 'rate', 'country', 'finland', 'even', 'mention', 'suicide', 'rate', '1st', 'lithuania', '2nd', 'russia', '3rd', 'south', 'korea', 'alcoholconsumption', 'go', 'drasticly', 'europe', '1st', 'place', 'moldova', '2nd', 'russia', 'belarus', 'forinstance', 'uk', 'belgium', 'ireland', 'germany', 'france', 'hungary', 'etc', 'far', 'ahead', 'finland', 'europe', 'finland', 'likely', 'middle', 'watch', 'video', 'country', 'alcoholconsumption', 'comparison']",[],"['United Kingdom', 'Ireland', 'Finland', 'Belgium', 'Lithuania', 'Russian Federation', 'Hungary', 'France', 'Germany', 'Belarus']"
2020,opD8Uq62v5I,"['informative', 'video', 'friend', 'video', 'best', 'price', 'bitcoin', 'currently', 'stable', 'many', 'prognosis', 'inspection', 'around', 'form', 'fright', 'panic', 'bitcoin', 'investor', 'trader', 'state', 'due', 'corona', 'virus', 'predict', 'bitcoin', 'price', 'fluctuate', 'preparation', 'pump', 'lot', 'trader', 'investor', 'make', 'huge', 'loss', 'dump', 'rise', 'bitcoin', 'start', 'market', 'probably', 'wrong', 'time', 'probably', 'guide', 'good', 'professional', 'trade', 'master', 'make', 'loss', 'lack', 'proper', 'analysis', 'trading', 'dont', 'know', 'buy', 'sell', 'hodl', 'main', 'stress', 'meet', 'josephine', 'mile', 'everything', 'turn', 'around', 'josephine', 'trading', 'pattern', 'make', 'profit', 'ever', 'dream', 'even', 'bitcoin', 'xrp', 'ethereum', 'experience', 'recent', 'dump', 'fear', 'always', 'trade', 'josephines', 'signal', 'pattern', 'make', 'lot', 'loss', 'dump', 'bitcoin', 'josephine', 'mile', 'help', 'get', 'back', 'loss', 'even', 'gain', 'total', 'amount', 'signal', 'mrsjosephine', 'telegramwhatsapp', '1 970 517 2123', 'josephinemiles', '3696gmailcom']","['guaranteed', 'way', 'make', 'profit', 'trading', 'help', 'expert', 'thats', 'fact']",[],[]
2020,opD8Uq62v5I,"['informative', 'video', 'friend', 'video', 'best', 'price', 'bitcoin', 'currently', 'stable', 'many', 'prognosis', 'inspection', 'around', 'form', 'fright', 'panic', 'bitcoin', 'investor', 'trader', 'state', 'due', 'corona', 'virus', 'predict', 'bitcoin', 'price', 'fluctuate', 'preparation', 'pump', 'lot', 'trader', 'investor', 'make', 'huge', 'loss', 'dump', 'rise', 'bitcoin', 'start', 'market', 'probably', 'wrong', 'time', 'probably', 'guide', 'good', 'professional', 'trade', 'master', 'make', 'loss', 'lack', 'proper', 'analysis', 'trading', 'dont', 'know', 'buy', 'sell', 'hodl', 'main', 'stress', 'meet', 'josephine', 'mile', 'everything', 'turn', 'around', 'josephine', 'trading', 'pattern', 'make', 'profit', 'ever', 'dream', 'even', 'bitcoin', 'xrp', 'ethereum', 'experience', 'recent', 'dump', 'fear', 'always', 'trade', 'josephines', 'signal', 'pattern', 'make', 'lot', 'loss', 'dump', 'bitcoin', 'josephine', 'mile', 'help', 'get', 'back', 'loss', 'even', 'gain', 'total', 'amount', 'signal', 'mrsjosephine', 'telegramwhatsapp', '1 970 517 2123', 'josephinemiles', '3696gmailcom']","['make', 'x3', 'worth', 'portfolio', 'weekly', 'since', 'adopt', 'josephines', 'strategy', 'buy', 'first', 'house', 'soon', 'proof', 'working']",[],[]
2020,opD8Uq62v5I,"['informative', 'video', 'friend', 'video', 'best', 'price', 'bitcoin', 'currently', 'stable', 'many', 'prognosis', 'inspection', 'around', 'form', 'fright', 'panic', 'bitcoin', 'investor', 'trader', 'state', 'due', 'corona', 'virus', 'predict', 'bitcoin', 'price', 'fluctuate', 'preparation', 'pump', 'lot', 'trader', 'investor', 'make', 'huge', 'loss', 'dump', 'rise', 'bitcoin', 'start', 'market', 'probably', 'wrong', 'time', 'probably', 'guide', 'good', 'professional', 'trade', 'master', 'make', 'loss', 'lack', 'proper', 'analysis', 'trading', 'dont', 'know', 'buy', 'sell', 'hodl', 'main', 'stress', 'meet', 'josephine', 'mile', 'everything', 'turn', 'around', 'josephine', 'trading', 'pattern', 'make', 'profit', 'ever', 'dream', 'even', 'bitcoin', 'xrp', 'ethereum', 'experience', 'recent', 'dump', 'fear', 'always', 'trade', 'josephines', 'signal', 'pattern', 'make', 'lot', 'loss', 'dump', 'bitcoin', 'josephine', 'mile', 'help', 'get', 'back', 'loss', 'even', 'gain', 'total', 'amount', 'signal', 'mrsjosephine', 'telegramwhatsapp', '1 970 517 2123', 'josephinemiles', '3696gmailcom']","['bring', 'peace', 'mind', 'see', 'portfolio', 'grow', 'progressively', 'never', 'believe', 'would', 'easy', 'josephine', 'make', 'possible', 'share', 'strategy', 'insight', 'trading']",[],[]
2020,opD8Uq62v5I,"['insider', 'finland', 'best', 'country', 'travel', 'every', 'finn', 'face', 'internet', 'apparently', 'n', 'e', 'r', 'e', 'n', 'g']",[],['Finland'],[]
2019,opD8Uq62v5I,"['go', 'finland', 'last', 'year', 'absolutely', 'gorgeous', 'go', 'helsinki', 'cathedral', 'rock', 'church', 'place', 'glass', 'hotel', 'didnt', 'stay', 'hike', 'magnificent', 'reindeer', 'super', 'cute']",[],['Finland'],[]
2019,opD8Uq62v5I,[],[],[],[]
2019,opD8Uq62v5I,[],[],[],[]
2020,opD8Uq62v5I,"['cool', 'im', 'look', 'forward', 'go', 'live', 'finland', 'pandemic', 'pass', 'look', 'soo', 'sick']",[],['Finland'],[]
2020,opD8Uq62v5I,"['cool', 'im', 'look', 'forward', 'go', 'live', 'finland', 'pandemic', 'pass', 'look', 'soo', 'sick']","['btw', 'show', 'clip', 'lapland', 'much', 'finland', 'helsinki', 'lapland', 'two', 'alone', 'cannot', 'give', 'true', 'experience', '_finland_', 'get', 'overused', 'path', 'go', 'city', 'drive', 'village', 'try', 'learn', 'u']",['Finland'],"['Finland', 'United States']"
2019,opD8Uq62v5I,"['ey', 'finland', 'get', 'finally', 'notice', 'im', 'lithuania']",[],"['Finland', 'Lithuania']",[]
2019,opD8Uq62v5I,"['ey', 'finland', 'get', 'finally', 'notice', 'im', 'lithuania']","['finland', 'unknown', 'anymore', 'world', 'economic', 'forum', 'conference', 'switzerland', 'davos', 'rank', 'finland', 'best', 'country', 'world', 'happines', 'index', 'report', 'un', 'rank', 'finland', 'happy', 'country', 'reason', 'approximately', 'finland', 'top', 'almost', 'every', 'aspect']","['Finland', 'Lithuania']","['Finland', 'Switzerland']"
2019,opD8Uq62v5I,"['dont', 'travel', 'live']",[],[],[]
2019,opD8Uq62v5I,"['go', 'tour', 'finland', 'next', 'month', 'anyone', 'recommendation', 'thing']",[],['Finland'],[]
2019,opD8Uq62v5I,"['go', 'tour', 'finland', 'next', 'month', 'anyone', 'recommendation', 'thing']","['get', 'drunk', 'local', 'people']",['Finland'],[]
2019,opD8Uq62v5I,"['nice', 'story', 'one', 'time', 'friend', 'suddenly', 'deer', 'start', 'poop', 'yeah', 'beautiful', 'view', 'else', 'finland']",[],"['France', 'Finland']",[]
2019,opD8Uq62v5I,"['nice', 'story', 'one', 'time', 'friend', 'suddenly', 'deer', 'start', 'poop', 'yeah', 'beautiful', 'view', 'else', 'finland']","['animal', 'human', 'get', 'poop']","['France', 'Finland']",[]
2019,opD8Uq62v5I,"['ive', 'live', 'year', 'finland', 'beautiful', 'country', 'friendly', 'polite', 'people', 'summer', 'really', 'amazing', 'winter', 'also', 'nice', 'first', 'time', 'beautiful', 'lake', 'scenery', 'berry', 'field', 'sauna', 'culture', 'food', 'advantage', 'finn', 'low', 'population', 'make', 'country', 'look', 'quite', 'boring', 'especially', 'winter', 'almost', 'activity', 'best', 'go', 'late', 'spring', 'middle', 'fall', 'finland', 'could', 'bit', 'expensive', 'many', 'ppl', 'high', 'like', 'norway', 'overall', 'nice', 'country', 'visit', 'dont', 'expect', 'much', 'theyre', 'famous', 'tourism']","['best', 'time', 'visit', 'see', 'aurora', 'borealis']","['Finland', 'Norway', 'France']",[]
2019,opD8Uq62v5I,"['finland', 'one', 'time', 'rain', 'day', 'kind', 'get', 'lose']",[],['Finland'],[]
2019,opD8Uq62v5I,"['uhh', 'mean', 'lapland', 'best', 'place', 'visit']","['good', 'place']",[],[]
2019,opD8Uq62v5I,"['uhh', 'mean', 'lapland', 'best', 'place', 'visit']","['chefmonami', 'see', 'high', 'rock', 'east', 'central', 'finland', 'lake', 'ohh', 'e', 'lake']",[],['Finland']
2020,opD8Uq62v5I,"['haha', 'travel', 'remember']",[],[],[]
2019,opD8Uq62v5I,"['woow', 'beautiffull', 'salute', 'serbia']",[],['Serbia'],[]
2019,opD8Uq62v5I,"['im', 'go', 'finland', 'summer', 'south', 'part', 'anyways', 'cant', 'wait', 'greeting', 'poland']",[],"['Finland', 'Poland']",[]
2020,opD8Uq62v5I,[],[],['Nepal'],[]
2019,opD8Uq62v5I,"['hope', 'visit', 'beautiful', 'country', 'one', 'day', 'god', 'bless', 'finland', 'australia']","['god', 'bless', 'love', 'aussie']","['Finland', 'Australia']",['Australia']
2019,opD8Uq62v5I,"['im', 'syrian', 'iv', 'wached', 'documentery', 'finland', 'history', 'decide', 'dig', 'beautiful']",[],[],[]
2019,opD8Uq62v5I,"['im', 'glad', 'people', 'like', 'country', 'probably', 'people', 'watch', 'finnish']","['lol', 'get', 'im']",[],[]
2020,opD8Uq62v5I,"['meanwhile', 'finland']",[],['Finland'],[]
2020,opD8Uq62v5I,"['add', 'cart']",[],[],[]
2020,opD8Uq62v5I,[],[],[],[]
2020,opD8Uq62v5I,"['omg', 'u', 'make', 'shithole', 'look', 'awesome']",[],[],[]
2019,opD8Uq62v5I,"['nice', 'beautiful', 'experience', 'friendly', 'people']",[],['France'],[]
2019,opD8Uq62v5I,[],[],['Finland'],[]
2019,opD8Uq62v5I,[],[],[],[]
2019,opD8Uq62v5I,"['want', 'go', 'findland', 'like', 'really', 'want', 'go']",[],[],[]
2019,opD8Uq62v5I,"['finland', 'happy', 'place', 'world', 'say']","['title', 'finland', 'get', 'title', 'happy', 'country', 'world', 'finland', 'doesnt', 'problem', 'country', 'fight', 'argue', 'finn', 'sauna', 'chilling']",['Finland'],['Finland']
2019,opD8Uq62v5I,"['finland', 'happy', 'place', 'world', 'say']","['sciaticaisthereason', 'okey', 'yeah', 'finland', 'also', 'really', 'closeminded', 'country', 'alcoholism', 'typical', 'problem', 'little', 'promblems', 'war', 'fight', 'example']",['Finland'],['Finland']
2019,opD8Uq62v5I,"['finland', 'happy', 'place', 'world', 'say']","['morkemii', 'yeah', 'know', 'finns', 'drink', 'quite', 'lot', 'doesnt', 'much', 'bad', 'shit', 'thats', 'go', 'country', 'finland', 'stuff', 'place', 'theyre', 'good', 'country']",['Finland'],[]
2019,opD8Uq62v5I,"['finland', 'happy', 'place', 'world', 'say']","['sciaticaisthereason', 'right']",['Finland'],[]
2019,opD8Uq62v5I,"['finland', 'happy', 'place', 'world', 'say']","['un', 'world', 'happines', 'index', 'report', 'rank', 'finland', 'happy', 'country', 'finland', 'alcoholconsumption', 'go', 'drasticly', '31st', 'place', 'watch', 'video', 'country', 'alcoholconsumption', 'comparison', 'europe', 'moldova', '1st', 'place', 'nd', 'lithuaniathe', '3rd', 'chechia', '4th', 'germany', 'finland', 'likely', 'middle', 'forinstance', 'belgium', 'hungary', 'uk', 'ireland', 'france', 'uk', 'france', 'hungary', 'latvia', 'luxemburg', 'poland', 'belarus', 'estonia', 'etc', 'far', 'ahead', 'finland']",['Finland'],"['United Kingdom', 'Ireland', 'Finland', 'Belgium', 'Lithuania', 'Hungary', 'France', 'Latvia', 'Poland', 'Estonia', 'Germany', 'Belarus']"
2020,opD8Uq62v5I,"['thing', 'point', 'finland', 'scandinavian', 'country', 'nordic', 'freedom', 'roam', 'policy', 'doesnt', 'mean', 'cant', 'sleep', 'pick', 'berry', 'ever', 'like', 'place', 'far', 'meter', 'private', 'plot', 'finland', 'isnt', 'lapland', 'winter', 'forest', 'northern', 'light', 'etc', 'trust', 'theres', 'see']",['finnish'],['Finland'],[]
2020,opD8Uq62v5I,"['thing', 'point', 'finland', 'scandinavian', 'country', 'nordic', 'freedom', 'roam', 'policy', 'doesnt', 'mean', 'cant', 'sleep', 'pick', 'berry', 'ever', 'like', 'place', 'far', 'meter', 'private', 'plot', 'finland', 'isnt', 'lapland', 'winter', 'forest', 'northern', 'light', 'etc', 'trust', 'theres', 'see']",[],['Finland'],[]
2020,opD8Uq62v5I,"['thing', 'point', 'finland', 'scandinavian', 'country', 'nordic', 'freedom', 'roam', 'policy', 'doesnt', 'mean', 'cant', 'sleep', 'pick', 'berry', 'ever', 'like', 'place', 'far', 'meter', 'private', 'plot', 'finland', 'isnt', 'lapland', 'winter', 'forest', 'northern', 'light', 'etc', 'trust', 'theres', 'see']","['trains_thru_the_lens', 'guy', 'think', 'white', 'death']",['Finland'],[]
2020,opD8Uq62v5I,"['thing', 'point', 'finland', 'scandinavian', 'country', 'nordic', 'freedom', 'roam', 'policy', 'doesnt', 'mean', 'cant', 'sleep', 'pick', 'berry', 'ever', 'like', 'place', 'far', 'meter', 'private', 'plot', 'finland', 'isnt', 'lapland', 'winter', 'forest', 'northern', 'light', 'etc', 'trust', 'theres', 'see']","['similar', 'scandinavia', 'difference', 'finland', 'get', 'blue', 'eye', 'blond', 'haired', 'ppl']",['Finland'],['Finland']
2020,opD8Uq62v5I,"['bullshit', 'happy']",[],[],[]
2020,opD8Uq62v5I,"['bullshit', 'happy']","['quadded', 'live', 'finland']",[],['Finland']
2020,opD8Uq62v5I,"['bullshit', 'happy']","['guess', 'thats', 'proof', 'theres', 'study', 'stuff', 'look', 'kinda', 'cool']",[],[]
2019,opD8Uq62v5I,"['finland', 'country', 'friendly', 'peapole', 'enpä', 'ny', 'iha', 'tosta', 'tiiä']",[],['Finland'],[]
2019,opD8Uq62v5I,"['finland', 'country', 'friendly', 'peapole', 'enpä', 'ny', 'iha', 'tosta', 'tiiä']",[],['Finland'],[]
2019,opD8Uq62v5I,"['finland', 'country', 'friendly', 'peapole', 'enpä', 'ny', 'iha', 'tosta', 'tiiä']","['ppl', 'friendly']",['Finland'],[]
2020,opD8Uq62v5I,"['information', 'crypto', 'investment', 'trade', 'make', 'profit', 'daily', 'weekly', 'ill', 'advice', 'contact', 'u', 'whatsapp', 'assistance', 'go', 'thank']",[],['United States'],[]
2020,opD8Uq62v5I,"['information', 'crypto', 'investment', 'trade', 'make', 'profit', 'daily', 'weekly', 'ill', 'advice', 'contact', 'u', 'whatsapp', 'assistance', 'go', 'thank']",[],['United States'],[]
2019,opD8Uq62v5I,"['first', 'time', 'heard', 'finn', 'people', 'friendly']",['hello'],[],[]
2019,opD8Uq62v5I,"['first', 'time', 'heard', 'finn', 'people', 'friendly']","['hear', 'many', 'time']",[],[]
2019,opD8Uq62v5I,"['swedish', 'also', 'language', 'finland', 'finland', 'speak', 'swedish']",[],['Finland'],[]
2019,opD8Uq62v5I,"['swedish', 'also', 'language', 'finland', 'finland', 'speak', 'swedish']",[],['Finland'],[]
2019,opD8Uq62v5I,"['con', 'u', 'finns', 'personal', 'space', '4m', 'apart', 'near', 'person', 'basically', 'guy', 'forget', 'easter', 'food', 'mämmi', 'translate', 'name']","['mämmi', 'word']",['United States'],[]
2019,opD8Uq62v5I,"['con', 'u', 'finns', 'personal', 'space', '4m', 'apart', 'near', 'person', 'basically', 'guy', 'forget', 'easter', 'food', 'mämmi', 'translate', 'name']","['alexsyld', 'sound', 'ridiculous', 'try', 'listen', 'google', 'translete']",['United States'],[]
2019,opD8Uq62v5I,"['dream', 'go', 'live', 'cant']",[],[],[]
2019,opD8Uq62v5I,"['dream', 'go', 'live', 'cant']",[],[],[]
2022,opD8Uq62v5I,"['seem', 'like', 'rather', 'boring', 'country', 'wanna', 'see', 'snow', 'lake', 'id', 'go', 'canada', 'instead', 'finland']","['like', 'thief', 'attack', 'molest', 'kill', 'unsafety', 'finland', 'bore', 'much', 'stuff']","['Finland', 'Canada']",['Finland']
2021,opD8Uq62v5I,"['finland', 'ideal', 'destination', 'visit', 'upcoming', 'year', 'upcoming', 'year']",[],['Finland'],[]
2020,opD8Uq62v5I,[],[],[],[]
2020,opD8Uq62v5I,"['think', 'arab', 'know']","['arab', 'much', 'much', 'known', 'finn', 'meet', 'lot', 'australia', 'nice', 'ppl']",[],"['France', 'Australia']"
2020,opD8Uq62v5I,"['finland', 'best', 'country', 'anyway', 'finn', 'best', 'peoplei', 'live', 'knowterve', 'greek']",[],['Finland'],[]
2019,opD8Uq62v5I,"['muslims', 'one', 'else']","['think', 'mix', 'sweden', 'finland', 'finland', 'get', 'little', 'number', 'muslim']",[],"['Finland', 'Sweden']"
2019,opD8Uq62v5I,"['finland', 'beautiful', 'magical', 'need', 'go', 'definitely', 'bucket', 'list', 'love', 'scotland']","['aww', 'thank', 'youre', 'welcome']","['Finland', 'United Kingdom']",[]
2019,opD8Uq62v5I,"['travel', 'need', 'visa', 'entry', 'finland']",[],['Finland'],[]
2019,opD8Uq62v5I,[],[],['Finland'],[]
2019,opD8Uq62v5I,"['cold', 'dark', 'winter', 'nature', 'beauty', 'flat', 'country', 'many', 'tree', 'many', 'mosquito', 'majority', 'people', 'depress', 'friendly', 'old', 'people', 'grumpy', 'language', 'shity', 'one', 'expensive', 'country', 'world', 'way', 'fun', 'go', 'bar', 'drink', 'like', 'mother', 'fucker', 'culture', 'beer', 'cider', 'traditional', 'food', 'frozen', 'food']",[],[],[]
2019,opD8Uq62v5I,"['seem', 'pretty', 'bore']","['like', 'robbery', 'steel', 'attacking', 'finland', 'bore', 'thing', 'use', 'finland']",[],['Finland']
2019,opD8Uq62v5I,"['thank', 'give', 'u', 'finns', 'attention']","['apparently', 'finnish', 'people', 'attention', 'whore', 'internet']",['United States'],[]
2019,opD8Uq62v5I,"['dont', 'think', 'country', 'happy']","['well', 'waayyy', 'happy', 'compare', 'country', 'seriously', 'country', '2nd', 'top', 'suicide', 'rate']",[],[]
2019,opD8Uq62v5I,"['many', 'people', 'want', 'visit', 'video', 'viaited', 'verryyy', 'good']","['swear', 'ul', 'never', 'find', 'tohe', 'think', 'live', 'finlad', 'would', 'love', 'see', 'kinda', 'think']",[],[]
2022,opD8Uq62v5I,"['american', 'id', 'love', 'visit', 'finland', 'sauna', 'culture', 'look', 'fun']",[],['Finland'],[]
2022,opD8Uq62v5I,"['gotta', 'thank', 'finland', 'metalrock', 'background']",[],['Finland'],[]
2021,opD8Uq62v5I,['always'],[],[],[]
2021,opD8Uq62v5I,"['fun', 'fact', 'people', 'watch', 'probably', 'finns']",[],[],[]
2021,opD8Uq62v5I,"['notice', 'video', 'post', 'day', 'birthday']",[],[],[]
2021,opD8Uq62v5I,"['freak', 'love', 'country']",[],[],[]
2021,opD8Uq62v5I,"['adorable', 'scandinavian', 'girl', 'like', 'goddess', 'plan', 'summer', 'fall', 'love', 'northern', 'europe']",[],[],[]
2021,opD8Uq62v5I,"['finland', 'perfect']",[],['Finland'],[]
2020,opD8Uq62v5I,[],[],[],[]
2020,opD8Uq62v5I,[],[],[],[]
2020,opD8Uq62v5I,[],[],[],[]
2020,opD8Uq62v5I,"['visit', 'upcoming', 'year']",[],[],[]
2020,opD8Uq62v5I,"['wowwhat', 'beautiful', 'country', 'love', 'india']",[],['India'],[]
2020,opD8Uq62v5I,[],[],['Finland'],[]
2020,opD8Uq62v5I,[],[],[],[]
2020,opD8Uq62v5I,"['dream', 'visit', 'finland', 'watch', 'pakistan']",[],"['Finland', 'Pakistan']",[]
2020,opD8Uq62v5I,"['love', 'say', 'alot', 'positive', 'thing', 'country', 'im', 'finland', 'isnt', 'snow', 'place', 'jyväs', 'kylä', 'tampere', 'isnt', 'cold', 'area']",[],['Finland'],[]
2020,opD8Uq62v5I,[],[],[],[]
2020,opD8Uq62v5I,"['even', 'watch', 'lockdown']",[],[],[]
2020,opD8Uq62v5I,[],[],[],[]
2020,opD8Uq62v5I,"['father', 'work', 'finland', 'wanna', 'travel', 'finland', 'one', 'mu', 'big', 'dream', 'visa', 'reject', 'twice', 'last', 'year', 'something', 'big', 'life', 'become', 'difficult', 'reject']",[],['Finland'],[]
2020,opD8Uq62v5I,"['u', 'cant', 'fish', 'anywhere', 'want']",[],[],[]
2020,opD8Uq62v5I,"['im', 'form', 'bangladesh', 'hope', 'one', 'day', 'visit', 'lapland']",[],['Bangladesh'],[]
2020,opD8Uq62v5I,"['time', 'start', 'finland', 'saga']",[],['Finland'],[]
2020,opD8Uq62v5I,[],[],['Finland'],[]
2020,opD8Uq62v5I,"['welp', 'late']",[],[],[]
2020,opD8Uq62v5I,"['nice', 'boat', 'trip', 'away', 'shit', 'expensive', 'tho']",[],['France'],[]
2020,opD8Uq62v5I,"['want', 'travel']",[],[],[]
2019,opD8Uq62v5I,[],[],[],[]
2019,opD8Uq62v5I,"['like', 'finlanddue', 'nokia', 'companylove', 'india']",[],"['Finland', 'India']",[]
2019,opD8Uq62v5I,"['cool', 'finland']",[],['Finland'],[]
2019,opD8Uq62v5I,"['finland', 'really', 'magical', 'place', 'especially', 'time', 'year', 'like', 'love', 'finland', 'well']",[],['Finland'],[]
2019,opD8Uq62v5I,[],[],[],[]
2019,opD8Uq62v5I,[],[],['Finland'],[]
2019,opD8Uq62v5I,"['get', 'cold', 'watch']",[],[],[]
2019,opD8Uq62v5I,"['wowww', 'finland', 'best', 'scandinavia']",[],['Finland'],[]
2019,opD8Uq62v5I,[],[],[],[]
2019,opD8Uq62v5I,"['humble', 'request', 'never', 'ever', 'allow', 'islamic', 'refugee', 'shelter', 'beautiful', 'happy', 'peaceful', 'country']",[],[],[]
2019,opD8Uq62v5I,[],[],[],[]
2019,opD8Uq62v5I,"['planning', 'go', 'finland', 'professional', 'well', 'little', 'travel']",[],['Finland'],[]
2019,opD8Uq62v5I,"['dare', 'go', 'place', 'live']",[],[],[]
2019,opD8Uq62v5I,"['pastry', 'call', 'pirakkas', 'ik', 'cuz', 'im', 'finland']",[],['Finland'],[]
2019,opD8Uq62v5I,[],[],[],[]
2019,opD8Uq62v5I,"['remember', 'finnish', 'summer', 'best', 'weekend', 'year']",[],[],[]
2019,opD8Uq62v5I,[],[],[],[]
2019,opD8Uq62v5I,[],[],[],[]
2019,opD8Uq62v5I,[],[],[],[]
2019,opD8Uq62v5I,"['jees', 'theer', 'also', 'fukink', 'greit', 'esport', 'tiim', 'kalled', 'en']",[],[],[]
2019,x2lIFMz1I9k,[],[],[],[]
2018,-iL1Vf1pQHc,[],[],[],[]
2018,-iL1Vf1pQHc,[],[],[],[]
2018,-iL1Vf1pQHc,[],[],['Sri Lanka'],[]
2025,TdBBJGIO4bk,[],[],[],[]
2021,q6Mk_QAXwkQ,[],[],[],[]
2018,mLnODGT2J2Q,"['im', 'chile']",[],['Chile'],[]
2017,mLnODGT2J2Q,[],[],[],[]
2017,mLnODGT2J2Q,[],[],['France'],[]
2018,5FYoLNJoIJs,[],[],['France'],[]
2017,VsRV8UKuO9M,"['pick', 'finland', 'namibia', 'list']",[],"['Finland', 'Namibia']",[]
2017,VsRV8UKuO9M,"['pick', 'finland', 'namibia', 'list']","['dutch', 'nomad', 'couple', 'tony', 'fduyfsbvsfdbdgfsjbsgfsg']","['Finland', 'Namibia']",[]
2018,VsRV8UKuO9M,"['taiwan', 'country']",[],['Taiwan'],[]
2017,VsRV8UKuO9M,[],[],['Morocco'],[]
2017,VsRV8UKuO9M,"['hello', 'rough', 'guide', 'great', 'video', 'best', 'destination', 'put', 'travel', 'list']",[],[],[]
2016,KZEh0_KP4nc,"['granada', 'favorite', 'spain', 'well', 'cool', 'place', 'thanks', 'top', 'ill', 'add', 'list', 'al', 'love', 'say', 'dont', 'believe', 'medium', 'mexico', 'great', 'place', 'visit', 'ash']","['gracias', 'mi', 'amiga', 'hope', 'enjoy', 'awesome', 'new', 'logo', 'pic', 'way', 'notice']","['Spain', 'Mexico']",[]
2016,KZEh0_KP4nc,"['im', 'go', 'malta', 'couple', 'week', 'camera', 'come']","['cant', 'think', 'good', 'place', 'film']",['Malta'],[]
2016,KZEh0_KP4nc,"['im', 'go', 'malta', 'couple', 'week', 'camera', 'come']","['love', 'malta', 'vid']",['Malta'],['Malta']
2016,KZEh0_KP4nc,"['im', 'go', 'malta', 'couple', 'week', 'camera', 'come']",[],['Malta'],[]
2016,KZEh0_KP4nc,"['well', 'must', 'check', 'japan', 'philippinesget', 'acquaint', 'blogger', 'like', 'daniel', 'marsh', 'halffilipinohalfirish', 'wil', 'dasovichhalffilipinohalfamerican', 'check', 'vlogs', 'channel']","['ive', 'see', 'wils', 'stuff', 'past', 'character', 'haha', 'would', 'love', 'visit', 'country']","['Philippines', 'Japan']",[]
2016,KZEh0_KP4nc,"['know', 'mexico', 'would', 'make', 'listloved', 'vlogs', 'sanluis', 'potosi']","['thanks', 'friend']",['Mexico'],[]
2016,KZEh0_KP4nc,"['great', 'list', 'miss', 'peru', 'want', 'go']","['yes', 'make', 'two', 'u']",['Peru'],['United States']
2017,KZEh0_KP4nc,['iraq'],[],['Iraq'],[]
2016,KZEh0_KP4nc,"['sure', 'tell', 'favorite', 'country', 'leave', 'list', 'definitley', 'dont', 'afraid', 'hit', 'like', 'subscribe']",[],[],[]
2016,KZEh0_KP4nc,"['dude', 'didnt', 'mention', 'granadabut', 'still', 'show', 'pic', 'ti', 'p', 'say']","['hahaha', 'didnt', 'forget', 'granada', 'highlight', 'spain', 'general']",[],['Spain']
2016,KZEh0_KP4nc,"['dude', 'didnt', 'mention', 'granadabut', 'still', 'show', 'pic', 'ti', 'p', 'say']",[],[],[]
2016,KZEh0_KP4nc,"['great', 'list', 'definitely', 'need', 'hit', 'one', 'havent', 'list', 'country', 'visit']","['thanks', 'dont', 'list', 'head', 'hahaa']",[],[]
2016,KZEh0_KP4nc,"['great', 'list', 'definitely', 'need', 'hit', 'one', 'havent', 'list', 'country', 'visit']","['maybe', 'list', 'head', 'deserve', 'video', 'lol']",[],[]
2016,KZEh0_KP4nc,"['many', 'bucket', 'list', 'reason', 'ive', 'thailand', 'great', 'place', 'get', 'heavily', 'crowd', 'island', 'traveller', 'aware', 'good', 'collection', 'nice', 'place', 'antti', 'lanttimatkat']","['thailand', 'place', 'list', 'havent', 'last', 'year', 'little', 'worried', 'get', 'popular', 'thanks', 'stopping']","['France', 'Thailand']",['Thailand']
2016,KZEh0_KP4nc,"['many', 'bucket', 'list', 'reason', 'ive', 'thailand', 'great', 'place', 'get', 'heavily', 'crowd', 'island', 'traveller', 'aware', 'good', 'collection', 'nice', 'place', 'antti', 'lanttimatkat']","['well', 'load', 'amazing', 'place', 'thailand', 'still', 'dont', 'freak', 'anttilanttimatkat']","['France', 'Thailand']",['Thailand']
2017,KZEh0_KP4nc,"['philippine', 'everything', 'palawan', 'philippine', 'look', 'like', 'thailand', 'ko', 'phi', 'phi', 'pyong', 'yang', 'want', 'touch', 'spain', 'go', 'vigan', 'intramuros', 'want', 'mexican', 'food', 'philippine', 'also', 'version', 'country', 'mexico', 'philippine', 'invade', 'spain', 'example', 'food', 'empanada', 'pan', 'de', 'sal', 'pandesal', 'philippine', 'etc']","['yes', 'visit', 'philippine', 'one', 'day']","['Philippines', 'Spain', 'Mexico']",['Philippines']
2016,KZEh0_KP4nc,"['havent', 'philippines', 'yet', 'check', 'vlog', 'fun', 'philippine', 'p', 'forget', 'drug', 'campaign', 'president', 'avoid', 'youre', 'high', 'cuz', 'never', 'get']",['thanks'],['Philippines'],[]
2016,KZEh0_KP4nc,[],"['go', 'remember']",['Philippines'],[]
2016,KZEh0_KP4nc,"['thailand', 'right', 'true', 'everything', 'head', 'spain', 'next', 'year', 'good', 'hear', 'quite', 'affordable']","['thailand', 'rock']","['Spain', 'Thailand']",['Thailand']
2016,KZEh0_KP4nc,"['really', 'interesting', 'list', 'weve', 'though', 'think', 'peru', 'u', 'along', 'thailand', 'place', 'weve', 'yet', 'visit']","['cant', 'wait', 'see', 'guy', 'vlog']","['Thailand', 'Peru', 'United States']",[]
2016,KZEh0_KP4nc,"['peru', 'mexico', 'travel', 'list', 'hopefully', 'cover', 'least', 'one']","['yes', 'awesome']","['Peru', 'Mexico']",[]
2016,KZEh0_KP4nc,"['italy', 'favorite', 'many', 'amaze', 'city', 'visit', 'wine', 'pizza', 'gelato', 'wine', 'whats', 'love']","['italy', 'definitley', 'top']",['Italy'],['Italy']
2016,KZEh0_KP4nc,"['think', 'im', 'go', 'rent', 'place', 'thailand', 'month', 'maybe', 'bali', 'south', 'africa', 'lima', 'great', 'food']","['awesome', 'idea']","['Indonesia', 'Thailand']",[]
2016,KZEh0_KP4nc,"['favourite', 'country', 'ive', 'visit', 'far', 'new', 'zealand', 'home', 'bias', 'im', 'originally', 'people', 'friendly', 'ive', 'many', 'good', 'time', 'friend', 'stranger', 'people', 'want', 'help', 'south', 'korea', 'convenient', 'everything', 'cheap', 'technology', 'awesome', 'food', 'awesome', 'japan', 'culture', 'amazing', 'ive', 'learnt', 'japan', 'less', 'us500', 'week']","['id', 'like', 'visit', 'actually', 'japan', 'probably']","['Japan', 'United States']",['Japan']
2016,KZEh0_KP4nc,"['honestly', 'never', 'consider', 'malta', 'place', 'live', 'even', 'though', 'ive', 'see', 'lot', 'great', 'vlogs', 'always', 'think', 'place', 'potential', 'european', 'digital', 'nomad', 'home', 'im', 'go', 'look', 'malta', 'bit', 'agree', 'thailand', 'almost', 'idiot', 'proof', 'easy', 'get', 'around', 'even', 'non', 'touristy', 'part', 'country', 'people', 'look', 'well']","['yes', 'consider', 'malta', 'sure', 'know', 'one', 'day', 'im', 'look', 'long', 'term', 'spot']","['Thailand', 'Malta']",['Malta']
2016,KZEh0_KP4nc,"['great', 'video', 'agree', 'thailand', 'philippine', 'next', 'list', 'havent', 'malta', 'might', 'book', 'winter', 'trip', 'next', 'year', 'climate', 'always', 'warm', 'look', 'incredible']","['yes', 'could', 'make', 'awesome', 'video', 'malta']","['Malta', 'Philippines', 'Thailand']",['Malta']
2016,KZEh0_KP4nc,"['call', 'girl', 'friend', 'watch', 'one', 'great', 'video', 'jon', 'really', 'enjoyable', 'mexico', 'list', 'next', 'year', 'large', 'part', 'vlog', 'mexico', 'city', 'make', 'look', 'awesome']","['im', 'happy', 'might', 'even', 'catch', 'early']",['Mexico'],[]
2016,KZEh0_KP4nc,"['yesss', 'food', 'lima', 'amaze', 'lima', 'foodie', 'video', 'popular', 'video', 'ever', 'make', 'year', 'food', 'good', 'love', 'list', 'totally', 'agree', 'peru', 'top', 'well', 'wish', 'could', 'explore', 'like', 'thailand', 'dream', 'im', 'go', 'write', 'hope', 'come', 'true', 'im', 'go', 'thailand', 'im', 'go', 'thailand', 'im', 'go', 'thailand']","['hahha', 'hope', 'thailand', 'make', 'list']","['Peru', 'Thailand']",['Thailand']
2016,KZEh0_KP4nc,"['yay', 'confirms', 'decision', 'visit', 'peru', 'couple', 'week', 'month', 'colombia', 'look', 'forward', 'machu', 'picchu', 'see', 'rainbow', 'mountain', 'malta', 'officially', 'radar', 'thank']","['welcome', 'yes', 'enjoy', 'peru']","['Peru', 'Colombia', 'Malta']",['Peru']
2016,KZEh0_KP4nc,"['ive', 'thailand', 'spain', 'mexico', 'need', 'visit']","['well', 'tony', 'think', 'trip', 'malta', 'kid', 'work', 'theyd', 'love']","['Spain', 'Thailand', 'Mexico']",['Malta']
2016,KZEh0_KP4nc,"['haha', 'also', 'popular', 'among', 'digital', 'nomad', 'low', 'tax', 'rate', 'love', 'thailand', 'food', 'climate', 'awesome', 'dont', 'remember', 'youve', 'make', 'valencia', 'sooo', 'beautiful', 'miss']","['thanks', 'guy', 'never', 'quite', 'make', 'valencia', 'consider', 'far', 'granada', 'freetime', 'yes', 'malta', 'lot', 'perk']",['Thailand'],['Malta']
2016,KZEh0_KP4nc,"['wow', 'super', 'video', 'subscrib', 'thrumb']",['thanks'],[],[]
2016,KZEh0_KP4nc,"['nice', 'one', 'jon', 'wed', 'love', 'go', 'malta', 'one', 'time', 'little', 'bit', 'stuck', 'asia', 'one', 'day']","['didnt', 'give', 'asia', 'enough', 'love', 'video', 'hahaha', 'thailand', 'though']","['France', 'Malta']",['Thailand']
2016,KZEh0_KP4nc,"['great', 'list', 'vietnam', 'definitely', 'mine']","['thanks', 'vietnam', 'definitely', 'list', 'visit']",['Vietnam'],['Vietnam']
2016,KZEh0_KP4nc,"['thanks', 'mate', 'head', 'italy', 'maybe', 'ill', 'hope', 'malta', 'probably', 'pretty', 'cheap', 'flightsboats']","['im', 'sure', 'boat', 'flight', 'wont', 'cost', 'much', 'thats', 'sure', 'take', 'ferry', 'sicily', 'though']","['Malta', 'Italy']",[]
2017,KZEh0_KP4nc,"['thailand', 'croatia', 'top', 'im', 'go', 'mexico', 'city', 'labor', 'day', 'weekend', 'portugalspainturkey', 'later', 'fall', 'might', 'new', 'favorite', 'soon']",[],"['Spain', 'Mexico', 'Thailand', 'Turkey', 'Portugal', 'Croatia']",[]
2017,KZEh0_KP4nc,"['great', 'top', 'add', 'belize']",[],['Belize'],[]
2017,KZEh0_KP4nc,"['visit', 'nepal', 'next', 'time', 'see', 'high', 'mountain', 'word', 'lumbuni', 'birthplace', 'loard', 'gautham', 'buddha', 'u', 'think', 'bro']",[],['Nepal'],[]
2017,Cn4K1N58O0w,"['would', 'love', 'go', 'greece', 'summer', 'picture', 'beautiful']","['greece', 'lovely', 'place', 'im', 'sure', 'enjoy', 'thank']",['Greece'],['Greece']
2017,Cn4K1N58O0w,"['would', 'love', 'go', 'greece', 'summer', 'picture', 'beautiful']",[],['Greece'],[]
2017,Cn4K1N58O0w,"['would', 'love', 'go', 'greece', 'summer', 'picture', 'beautiful']","['enjoy', 'country']",['Greece'],[]
2017,Cn4K1N58O0w,"['glad', 'see', 'india', 'greece', 'one', 'place', 'definitely', 'want', 'see', 'year', 'lovely', 'compilation']","['thank', 'greece', 'amazing', 'indeed', 'try', 'visit', 'end', 'season', 'crowd', 'unbearable', 'india', 'great']","['Greece', 'India']","['Greece', 'India']"
2017,Cn4K1N58O0w,"['hear', 'racism', 'big', 'issue', 'russia', 'im', 'go', 'skip', 'one', 'others', 'awesome']","['hear', 'also', 'hear', 'albania', 'shthole', 'fill', 'mafia', 'gang', 'never', 'go', 'mind', 'go', 'ukraine', 'central', 'asia', 'kazakhstan', 'turkmenistan', 'georgia', 'armenia', 'find', 'moscow', 'felt', 'way', 'safer', 'paris', 'london', 'albania', 'turn', 'paradise', 'white', 'sand', 'beach', 'nice', 'local', 'ever', 'central', 'asia', 'absolutely', 'breathtaking', 'georgia', 'armenia', 'besides', 'amazing', 'food', 'could', 'explore', 'remains', 'great', 'forgotten', 'ancient', 'empires', 'invented', 'wine', 'write', 'system', 'way', 'roman', 'dont', 'listen', 'stereotype', 'bullsht', 'medium', 'go', 'explore', 'learn', 'travel']",['Russian Federation'],"['Kazakhstan', 'United Kingdom', 'Turkmenistan', 'Russian Federation', 'France', 'Albania', 'Georgia', 'Ukraine', 'Armenia']"
2017,Cn4K1N58O0w,"['friend', 'actually', 'go', 'sochi', 'olympics', 'look', 'absolutely', 'stunning', 'love', 'go', 'place', 'people', 'dont', 'go', 'plan', 'go', 'get', 'overrun', 'tourist', 'day', 'norway', 'top', 'list']","['oh', 'norway', 'great', 'miss', 'lofoten', 'island', 'paradise', 'white', 'sand', 'beach', 'something', 'youd', 'expect', 'polar', 'circle']",['Norway'],['Norway']
2017,Cn4K1N58O0w,"['nepal', 'beyond', 'perfectone', 'must', 'visit', 'nepal', 'die']",[],['Nepal'],['Nepal']
2017,Cn4K1N58O0w,"['greece', '15th', 'list', 'visited', 'country', 'united', 'nation', 'world', 'tuorism', 'organisain', 'false', 'list']",[],['Greece'],[]
2017,Cn4K1N58O0w,"['morocco', 'russia', 'tempts', 'glad', 'include', 'india']","['yes', 'india', 'amazing', 'adventure', 'eyeopening', 'destination', 'glad', 'like']","['Morocco', 'Russian Federation', 'India']",['India']
2017,Cn4K1N58O0w,"['morocco', 'russia', 'tempts', 'glad', 'include', 'india']","['yesindia', 'diversity', 'countryindia', 'desertsnowfalling', 'placeswaterfallsbeautiful', 'beachesactive', 'volconoforestsislandsmany', 'religionslanguagesveriety', 'foodsculturesdressesethnicities']","['Morocco', 'Russian Federation', 'India']",[]
2017,Cn4K1N58O0w,"['fake', 'information', 'list', 'ha', 'ha', 'look', 'world', 'tourist', 'organisation', 'list']","['frend', 'kpc', 'shut']",[],[]
2017,Cn4K1N58O0w,"['mum', 'watch', 'travel', 'documentary', 'russia', 'super', 'obsess', 'visit', 'moscow', 'st', 'petersburg', 'look', 'beautiful', 'photograph', 'amazing', 'love', 'fact', 'youve', 'leave', 'great', 'video']","['thank', 'russia', 'amazing', 'much', 'moscow', 'st', 'petersburg', 'try', 'siberia', 'lake', 'baikal', 'altai', 'mountains', 'next', 'destination', 'russia']",['Russian Federation'],['Russian Federation']
2017,Cn4K1N58O0w,"['love', 'video', 'music']","['thanks', 'youtube', 'audio', 'library', 'call', 'beat', 'competition']",[],[]
2017,Cn4K1N58O0w,"['good', 'different', 'list', 'look', 'forward', 'travel', 'year', 'video', 'give', 'good', 'idea', 'thanks', 'share']",[],[],[]
2017,Cn4K1N58O0w,"['fake', 'list']","['frend', 'kpc', 'shut']",[],[]
2019,Cn4K1N58O0w,[],[],"['France', 'Spain', 'United States']",[]
2018,Cn4K1N58O0w,[],[],[],[]
2018,Cn4K1N58O0w,"['vatican', 'florence', 'offano', 'others']",[],[],[]
2018,Cn4K1N58O0w,[],[],['Egypt'],[]
2018,Cn4K1N58O0w,[],[],[],[]
2018,Cn4K1N58O0w,[],[],[],[]
2018,Cn4K1N58O0w,[],[],['Pakistan'],[]
2017,Cn4K1N58O0w,"['france', 'usa', 'spain', 'chine', 'italy', 'turkey', 'germany', 'uk', 'tailand', 'true', 'list', 'friend']",[],"['Spain', 'United Kingdom', 'Italy', 'France', 'United States', 'Turkey', 'Germany']",[]
2017,Cn4K1N58O0w,"['cough', 'leave', 'mexico', 'yucatan', 'peninsula', 'cough']",[],['Mexico'],[]
2017,Cn4K1N58O0w,['croatia'],[],['Croatia'],[]
2017,Cn4K1N58O0w,"['would', 'love', 'vist', 'stpetersburg', 'hear', 'also', 'know', 'northern', 'venice']",[],[],[]
2017,Cn4K1N58O0w,[],[],['Mexico'],[]
2017,Cn4K1N58O0w,"['one', 'favourite']",[],[],[]
2017,Cn4K1N58O0w,"['beautiful', 'destination', 'list', 'definitely', 'worth', 'visit']",[],[],[]
2017,Cn4K1N58O0w,"['great', 'video', 'definitely', 'add', 'destination', 'list', 'place', 'visit', 'year']",[],[],[]
2016,d1ojTfHsNio,"['proud', 'canadian']",[],[],[]
2016,d1ojTfHsNio,"['proud', 'canadian']",[],[],[]
2016,d1ojTfHsNio,"['proud', 'canadian']","['username', 'check']",[],[]
2016,d1ojTfHsNio,"['proud', 'canadian']","['canadian', 'rider', 'hell', 'yeah']",[],[]
2016,d1ojTfHsNio,"['proud', 'canadian']",[],[],[]
2016,d1ojTfHsNio,"['proud', 'canadian']","['canadian', 'rider', 'yeah', 'thankfully', 'dont', 'trump']",[],[]
2016,d1ojTfHsNio,"['proud', 'canadian']","['canadian', 'rider']",[],[]
2016,d1ojTfHsNio,"['proud', 'canadian']","['need', 'go']",[],[]
2016,d1ojTfHsNio,"['proud', 'canadian']","['wouldnt', 'proud', 'part', 'people', 'kill', 'native', 'american', 'proud', 'anything', 'else']",[],[]
2016,d1ojTfHsNio,"['proud', 'canadian']",['yes'],[],[]
2016,d1ojTfHsNio,"['proud', 'canadian']","['someday', 'today', 'love', 'brazil', 'one', 'day']",[],['Brazil']
2016,d1ojTfHsNio,"['would', 'nice', 'airline', 'train', 'would', 'make', 'cheap', 'canadian', 'explore', 'beautiful', 'country', 'time', 'cheaper', 'go', 'europe', 'asia', 'caribbean', 'island']","['travel', 'quite', 'expensive', 'everything', 'fact', 'expensive', 'relative', 'u']",['France'],['United States']
2016,d1ojTfHsNio,"['would', 'nice', 'airline', 'train', 'would', 'make', 'cheap', 'canadian', 'explore', 'beautiful', 'country', 'time', 'cheaper', 'go', 'europe', 'asia', 'caribbean', 'island']","['travel', 'canada', 'speaking', 'general', 'term', 'expensive', 'low', 'population', 'density', 'whole', 'country', 'big', 'demand', 'travel', 'doesnt', 'meet', 'distance', '3x', 'number', 'people', 'inhabit', 'sprawl', 'countryside', 'might', 'drive', 'price', 'usa', '10x', 'population', 'europe', 'much', 'densely', 'pack', 'entire', 'uk', 'would', 'fit', 'inside', 'province', 'alberta', '3x', '15x', 'population', 'mean', 'something', 'like', '4050x', 'population', 'density']",['France'],"['Canada', 'United States']"
2016,d1ojTfHsNio,"['would', 'nice', 'airline', 'train', 'would', 'make', 'cheap', 'canadian', 'explore', 'beautiful', 'country', 'time', 'cheaper', 'go', 'europe', 'asia', 'caribbean', 'island']","['airport', 'fee', 'high', 'world', 'shouldnt', 'cost', 'less', 'fly', 'hour', 'hawaii', 'fly', 'toronto', 'hour']",['France'],['Canada']
2016,d1ojTfHsNio,"['would', 'nice', 'airline', 'train', 'would', 'make', 'cheap', 'canadian', 'explore', 'beautiful', 'country', 'time', 'cheaper', 'go', 'europe', 'asia', 'caribbean', 'island']","['hear', 'friend', 'ive', 'live', 'europe', 'year', 'half', 'though', 'train', 'cheap', 'anymore', 'either', 'im', 'happy', 'save', 'support', 'country', 'live', 'resolution', 'come', 'back', 'march', 'im', 'go', 'dig', 'world', 'class', 'thing', 'small', 'large', 'doorstep']",['France'],[]
2016,d1ojTfHsNio,"['home', 'native', 'land', 'thank', 'lonely', 'planet', 'amazing', 'review', 'canada', 'live', 'surround', 'mountain', 'water', 'orchard', 'waterfall', 'run', 'freely', 'beautiful', 'awe', 'inspire', 'canadamy', 'home', 'native', 'land']","['pandora', 'morgan', 'canadian', 'second']",['Canada'],[]
2016,d1ojTfHsNio,"['home', 'native', 'land', 'thank', 'lonely', 'planet', 'amazing', 'review', 'canada', 'live', 'surround', 'mountain', 'water', 'orchard', 'waterfall', 'run', 'freely', 'beautiful', 'awe', 'inspire', 'canadamy', 'home', 'native', 'land']","['let', 'sugar', 'coat', 'songit', 'go', 'home', 'native', 'land', 'best', 'place', 'give', 'global', 'climate', 'certainly', 'picture', 'perfect', 'far', 'first', 'nation', 'relation', 'go']",['Canada'],[]
2016,d1ojTfHsNio,"['home', 'native', 'land', 'thank', 'lonely', 'planet', 'amazing', 'review', 'canada', 'live', 'surround', 'mountain', 'water', 'orchard', 'waterfall', 'run', 'freely', 'beautiful', 'awe', 'inspire', 'canadamy', 'home', 'native', 'land']","['pandora', 'morgan', 'great', 'paragraph', 'structure']",['Canada'],[]
2016,d1ojTfHsNio,"['home', 'native', 'land', 'thank', 'lonely', 'planet', 'amazing', 'review', 'canada', 'live', 'surround', 'mountain', 'water', 'orchard', 'waterfall', 'run', 'freely', 'beautiful', 'awe', 'inspire', 'canadamy', 'home', 'native', 'land']","['home', 'native', 'canadian', 'absolutely', 'deserve', 'treat', 'place', 'honor', 'respect', 'room', 'u']",['Canada'],['United States']
2016,d1ojTfHsNio,"['home', 'native', 'land', 'thank', 'lonely', 'planet', 'amazing', 'review', 'canada', 'live', 'surround', 'mountain', 'water', 'orchard', 'waterfall', 'run', 'freely', 'beautiful', 'awe', 'inspire', 'canadamy', 'home', 'native', 'land']",[],['Canada'],[]
2016,d1ojTfHsNio,"['home', 'native', 'land', 'thank', 'lonely', 'planet', 'amazing', 'review', 'canada', 'live', 'surround', 'mountain', 'water', 'orchard', 'waterfall', 'run', 'freely', 'beautiful', 'awe', 'inspire', 'canadamy', 'home', 'native', 'land']","['iran', 'beautiful', 'year', 'lot', 'rainfall', 'even', 'many', 'luxury', 'mall', 'open', 'recently', 'big', 'city', 'love', 'amaze', 'mountain', 'rare', 'animal', 'try', 'travel', 'iran', 'already', 'many', 'place', 'iran', 'india', 'nepal', 'andaman', 'island', 'paradise', 'earth']",['Canada'],"['Nepal', 'India']"
2016,d1ojTfHsNio,"['favorite', 'country']",[],[],[]
2016,d1ojTfHsNio,"['favorite', 'country']","['nobody', 'speak', 'wild', 'life']",[],[]
2016,d1ojTfHsNio,"['course', 'use', 'british', 'columbia', 'picture']","['well', 'hes', 'gonna', 'use', 'saskatchewan']",[],[]
2016,d1ojTfHsNio,"['course', 'use', 'british', 'columbia', 'picture']","['saskatchewan', 'pretty', 'way', 'nice', 'prairie', 'feel', 'im', 'originally', 'alberta', 'prairie', 'quaint', 'look', 'drumheller', 'badlands', 'actually', 'nice', 'picturesque', 'find', 'canadian', 'shield', 'area', 'look', 'generally', 'stretching', 'manitoba', 'new', 'brunswick', 'nova', 'scotia', 'beautiful', 'coast', 'gotta', 'love', 'peggies', 'cove']",[],['France']
2016,d1ojTfHsNio,"['course', 'use', 'british', 'columbia', 'picture']","['lol', 'even', 'bad', 'edmonton']",[],[]
2016,d1ojTfHsNio,"['course', 'use', 'british', 'columbia', 'picture']","['lot', 'nova', 'scotia', 'shot']",[],[]
2016,d1ojTfHsNio,[],"['tushar', 'gosain', 'shes', 'lie', 'say', 'montreal', 'night', 'life', 'downtown', 'nightlife', 'alive', 'like', 'city', 'canada']",['Canada'],['Canada']
2016,d1ojTfHsNio,"['gotcha', 'visit', 'montreal', 'canada']","['add', 'list']",['Canada'],[]
2016,d1ojTfHsNio,"['im', 'canadian', 'sadden', 'still', 'havent', 'experience', 'canada', 'outside', 'province']","['happen', 'time', 'bro', 'u', 'still', 'time', 'explore', 'land']",['Canada'],[]
2016,d1ojTfHsNio,"['yay', 'im', 'canada', 'quebec']",[],['Canada'],[]
2016,d1ojTfHsNio,"['ya', 'way', 'adventurous', 'go', 'toronto', 'montreal', 'vancouver', 'bitch', 'doesnt', 'know', 'shes', 'talk']","['likethepear', 'dont', 'think', 'specifically', 'talk', 'adventurous', 'point', 'talk', 'major', 'city']",['Canada'],[]
2016,d1ojTfHsNio,"['ya', 'way', 'adventurous', 'go', 'toronto', 'montreal', 'vancouver', 'bitch', 'doesnt', 'know', 'shes', 'talk']","['youve', 'get', 'ad', 'hominem', 'response', 'attempted', 'argument', 'fallacy', 'go', 'big', 'city', 'still', 'adventure', 'theres', 'museum', 'festival', 'restaurant', 'concert', 'sport', 'centre', 'beach', 'historical', 'site', 'monument', 'zoos', 'aquarium', 'art', 'gallery', 'garden', 'park', 'library', 'plenty', 'others', 'attraction', 'explore', 'local', 'music', 'try', 'new', 'food', 'learn', 'regionspecific', 'history', 'observe', 'different', 'urban', 'culture', 'adventurous']",['Canada'],[]
2016,d1ojTfHsNio,"['proud', 'canadian', 'love', 'land']",[],[],[]
2016,d1ojTfHsNio,"['glance', 'noose', 'today', 'friend']",[],[],[]
2016,d1ojTfHsNio,"['one', 'else', 'notice', 'speak', 'anything', 'east', 'toronto', 'rich', 'incredible', 'place', 'canada', 'visit', 'east', 'seafood', 'far', 'best', 'canada']","['amy', 'tucker', 'seafood', 'refer', 'obviously', 'east', 'geography', 'show', 'video', 'clearly', 'maritimes']",['Canada'],[]
2016,d1ojTfHsNio,"['one', 'else', 'notice', 'speak', 'anything', 'east', 'toronto', 'rich', 'incredible', 'place', 'canada', 'visit', 'east', 'seafood', 'far', 'best', 'canada']","['indeed', 'subtitle', 'would', 'helpful', 'quick', 'minute', 'video', 'second', 'large', 'country', 'world', 'much', 'diversity', 'anyone', 'look', 'actually', 'come', 'canada', 'would', 'see', 'introduction', 'point', 'reference']",['Canada'],['Canada']
2016,d1ojTfHsNio,"['one', 'else', 'notice', 'speak', 'anything', 'east', 'toronto', 'rich', 'incredible', 'place', 'canada', 'visit', 'east', 'seafood', 'far', 'best', 'canada']","['amy', 'tucker', 'nothing', 'beat', 'bay', 'fundy', 'seafood']",['Canada'],[]
2016,d1ojTfHsNio,"['one', 'else', 'notice', 'speak', 'anything', 'east', 'toronto', 'rich', 'incredible', 'place', 'canada', 'visit', 'east', 'seafood', 'far', 'best', 'canada']","['yeah', 'bit', 'surprised', 'consider', 'east', 'coast', 'absolutely', 'stun', 'come', 'ontarian']",['Canada'],[]
2016,d1ojTfHsNio,"['ive', 'coast', 'coast', 'across', 'canada', 'beautiful', 'visit', 'great', 'actually', 'live', 'deal', 'hyper', 'inflation', 'foreign', 'investment', 'incompetent', 'corrupt', 'government']","['atomiclegion', 'know', 'foreign', 'investment', 'work', 'canada', 'would', 'say', 'compare', 'first', 'world', 'country', 'pretty', 'decent', 'government']",['Canada'],['Canada']
2016,d1ojTfHsNio,"['ive', 'coast', 'coast', 'across', 'canada', 'beautiful', 'visit', 'great', 'actually', 'live', 'deal', 'hyper', 'inflation', 'foreign', 'investment', 'incompetent', 'corrupt', 'government']","['daignalexander', 'treadu', 'notley', 'waynne', 'horrible', 'leader', 'live', 'take', 'notice', 'awful', 'leadership']",['Canada'],[]
2016,d1ojTfHsNio,"['ive', 'coast', 'coast', 'across', 'canada', 'beautiful', 'visit', 'great', 'actually', 'live', 'deal', 'hyper', 'inflation', 'foreign', 'investment', 'incompetent', 'corrupt', 'government']",[],['Canada'],[]
2016,d1ojTfHsNio,"['ive', 'coast', 'coast', 'across', 'canada', 'beautiful', 'visit', 'great', 'actually', 'live', 'deal', 'hyper', 'inflation', 'foreign', 'investment', 'incompetent', 'corrupt', 'government']","['live', 'alberta', 'actually']",['Canada'],[]
2016,d1ojTfHsNio,"['ive', 'coast', 'coast', 'across', 'canada', 'beautiful', 'visit', 'great', 'actually', 'live', 'deal', 'hyper', 'inflation', 'foreign', 'investment', 'incompetent', 'corrupt', 'government']","['wasnt', 'start', 'argument', 'disagree', 'btw', 'look', 'gather', 'opinion']",['Canada'],[]
2016,d1ojTfHsNio,"['ive', 'coast', 'coast', 'across', 'canada', 'beautiful', 'visit', 'great', 'actually', 'live', 'deal', 'hyper', 'inflation', 'foreign', 'investment', 'incompetent', 'corrupt', 'government']","['atomiclegion', 'ikrthats', 'huge', 'problem', 'people', 'try', 'live', 'vancouvertoronto', 'etc']",['Canada'],['Canada']
2016,d1ojTfHsNio,"['ive', 'coast', 'coast', 'across', 'canada', 'beautiful', 'visit', 'great', 'actually', 'live', 'deal', 'hyper', 'inflation', 'foreign', 'investment', 'incompetent', 'corrupt', 'government']","['well', 'real', 'problem', 'credit', 'worthiness', 'assess', 'im', 'go', 'similar', 'thing', 'business', 'side', 'discover', 'though', 'need', 'find', 'support', 'within', 'system', 'knock', 'one', 'door', 'preliminary', 'meeting', 'dont', 'hit', 'credit', 'report', 'deal', 'ready', 'go', 'btw', 'tighten', 'rule', 'foreign', 'buyer', 'prove', 'money', 'come', 'could', 'go', 'far', 'require', 'forensic', 'audit', 'would', 'theory', 'continue', 'push', 'market', 'less', 'corruption', 'money', 'enter', 'country']",['Canada'],[]
2016,d1ojTfHsNio,"['ive', 'coast', 'coast', 'across', 'canada', 'beautiful', 'visit', 'great', 'actually', 'live', 'deal', 'hyper', 'inflation', 'foreign', 'investment', 'incompetent', 'corrupt', 'government']","['also', 'know', 'edmonton', 'specifically', 'foreign', 'buyer', 'pay', 'triple', 'land']",['Canada'],[]
2016,d1ojTfHsNio,"['ive', 'coast', 'coast', 'across', 'canada', 'beautiful', 'visit', 'great', 'actually', 'live', 'deal', 'hyper', 'inflation', 'foreign', 'investment', 'incompetent', 'corrupt', 'government']","['dave', 'mcgrath', 'love', 'montreal', 'live', 'year', 'one', 'favourite', 'place', 'im', 'much', 'fan', 'cold', 'anymore', 'old', 'get', 'less', 'like', 'cold', 'montreal', 'shortage', 'winter', 'main', 'downside', 'montreal', 'dont', 'speak', 'french', 'leave', 'province', 'height', 'pq', 'party', 'whatsherface', 'elect', 'basically', 'huge', 'wave', 'antienglish', 'across', 'province']",['Canada'],['Canada']
2016,d1ojTfHsNio,"['ive', 'coast', 'coast', 'across', 'canada', 'beautiful', 'visit', 'great', 'actually', 'live', 'deal', 'hyper', 'inflation', 'foreign', 'investment', 'incompetent', 'corrupt', 'government']","['atomiclegion', 'say', 'canadas', 'government', 'corrupt', 'source', 'anecdotal', 'fallacy']",['Canada'],[]
2016,d1ojTfHsNio,"['ive', 'coast', 'coast', 'across', 'canada', 'beautiful', 'visit', 'great', 'actually', 'live', 'deal', 'hyper', 'inflation', 'foreign', 'investment', 'incompetent', 'corrupt', 'government']","['enrzhy', 'want', 'proof', 'corruption', 'phoenix', 'payroll', 'want', 'something', 'specific', 'woman', 'charge', 'phoenix', 'payroll', 'cause', 'whole', 'issue', 'head', 'new', 'finance', 'program']",['Canada'],[]
2016,d1ojTfHsNio,"['ive', 'coast', 'coast', 'across', 'canada', 'beautiful', 'visit', 'great', 'actually', 'live', 'deal', 'hyper', 'inflation', 'foreign', 'investment', 'incompetent', 'corrupt', 'government']","['always', 'level', 'corruption', 'government', 'especially', 'nepotism', 'cronyism', 'know', 'friend', 'get', 'job', 'federal', 'government', 'crown', 'corp', 'parent', 'highranking', 'position', 'suppose', 'happen', 'sure', 'easy', 'hide', 'privacy', 'law']",['Canada'],[]
2016,d1ojTfHsNio,"['ive', 'coast', 'coast', 'across', 'canada', 'beautiful', 'visit', 'great', 'actually', 'live', 'deal', 'hyper', 'inflation', 'foreign', 'investment', 'incompetent', 'corrupt', 'government']","['source', 'simple', 'websearch', 'pheonix', 'payrole', 'bring', 'company', 'name', 'well', 'economical', 'service', 'phoenix', 'arizona']",['Canada'],[]
2016,d1ojTfHsNio,"['ive', 'coast', 'coast', 'across', 'canada', 'beautiful', 'visit', 'great', 'actually', 'live', 'deal', 'hyper', 'inflation', 'foreign', 'investment', 'incompetent', 'corrupt', 'government']","['enrzhy', 'enough', 'proof', 'cbc', 'liberal', 'agenda', 'cant', 'hide', 'problem', 'problem']",['Canada'],[]
2016,d1ojTfHsNio,"['ive', 'coast', 'coast', 'across', 'canada', 'beautiful', 'visit', 'great', 'actually', 'live', 'deal', 'hyper', 'inflation', 'foreign', 'investment', 'incompetent', 'corrupt', 'government']","['blair', 'james', 'though', 'anecdotal', 'fallacy', 'fallacy', 'division', 'consider', 'child', 'government', 'official', 'get', 'government', 'job', 'aspire', 'similar', 'parent', 'common', 'child', 'parent', 'many', 'different', 'area', 'employment']",['Canada'],[]
2016,d1ojTfHsNio,"['ive', 'coast', 'coast', 'across', 'canada', 'beautiful', 'visit', 'great', 'actually', 'live', 'deal', 'hyper', 'inflation', 'foreign', 'investment', 'incompetent', 'corrupt', 'government']","['atomiclegion', 'see', 'source', 'raise', 'question', 'argument', 'article', 'appear', 'nothing', 'chronology', 'havent', 'raise', 'argument', 'regard', 'represent', 'corruption', 'also', 'appeal', 'motive', 'toss', 'end', 'statement', 'bad', 'form']",['Canada'],[]
2016,d1ojTfHsNio,"['ive', 'coast', 'coast', 'across', 'canada', 'beautiful', 'visit', 'great', 'actually', 'live', 'deal', 'hyper', 'inflation', 'foreign', 'investment', 'incompetent', 'corrupt', 'government']","['enrzhy', 'corruption', 'simple', 'lady', 'charge', 'phoenix', 'payroll', 'subsequently', 'hold', 'responsible', 'disaster', 'instead', 'give', 'new', 'position', 'management', 'new', 'payroll', 'system', 'raise', 'issue', 'corruption', 'someone', 'charge', 'issue', 'start', 'move', 'new', 'job', 'government', 'let']",['Canada'],[]
2016,d1ojTfHsNio,"['ive', 'coast', 'coast', 'across', 'canada', 'beautiful', 'visit', 'great', 'actually', 'live', 'deal', 'hyper', 'inflation', 'foreign', 'investment', 'incompetent', 'corrupt', 'government']","['atomiclegion', 'appear', 'raise', 'issue', 'regard', 'corruption', 'appeal', 'probability', 'issue', 'examine', 'side', 'youre', 'claim', 'concept', 'true', 'without', 'propose', 'formal', 'rebuttal', 'argument', 'attempt', 'prove', 'wrong', 'exhibit', 'exhibit', 'b']",['Canada'],[]
2016,d1ojTfHsNio,"['ive', 'coast', 'coast', 'across', 'canada', 'beautiful', 'visit', 'great', 'actually', 'live', 'deal', 'hyper', 'inflation', 'foreign', 'investment', 'incompetent', 'corrupt', 'government']","['atomiclegion', 'would', 'like', 'raise', 'similar', 'situation', 'price', 'oil', 'fell', 'early', 'plenty', 'people', 'lose', 'job', 'citizen', 'alberta', 'blame', 'new', 'ndp', 'government', 'however', 'true', 'culprit', 'oil', 'crisis', 'saudi', 'arabia', 'uae', 'drop', 'price', 'oil', 'country', 'would', 'purchase', 'oil', 'middle', 'east', 'instead', 'canada', 'time', 'expensive', 'fact', 'people', 'predict', 'crisis', 'happen', 'ndp', 'govern', 'alberta']",['Canada'],"['United Arab Emirates', 'Canada']"
2016,d1ojTfHsNio,"['ive', 'coast', 'coast', 'across', 'canada', 'beautiful', 'visit', 'great', 'actually', 'live', 'deal', 'hyper', 'inflation', 'foreign', 'investment', 'incompetent', 'corrupt', 'government']","['wild', 'life', 'nobody', 'speak', 'savage', 'cat', 'black', 'bear']",['Canada'],[]
2016,d1ojTfHsNio,"['canada', 'beautiful', 'would', 'love', 'visit', 'one', 'day']","['hope', 'make', 'jamie', 'whenever', 'may']",['Canada'],[]
2016,d1ojTfHsNio,"['fall', 'love', 'every', 'time']",[],[],[]
2016,d1ojTfHsNio,"['stand', 'guard', 'thee', 'proudtobecanadian']",[],[],[]
2016,d1ojTfHsNio,"['van', 'city']",[],[],[]
2016,d1ojTfHsNio,[],"['missassippi', 'ottawa', 'garbage', 'city', 'canada']",[],['Canada']
2016,d1ojTfHsNio,[],"['edgar', 'quillion', 'ottawa', 'perennially', 'best', 'cleanest', 'safe', 'city', 'canada', 'world', 'year', 'dont', 'take', 'word', 'check', 'forbes', 'money', 'sense', 'etc', 'city', 'btw']",[],['Canada']
2016,d1ojTfHsNio,[],"['missassippi', 'toronto', 'canada', 'ottawa', 'suffers', 'bike', 'gang', 'clean', 'population', 'non', 'existent', 'even', 'cleanest', 'subway', 'proper', 'public', 'transit', 'system', 'go', 'park', 'ottawa', 'see', 'numerous', 'want', 'warn', 'sign', 'rapist', 'murderer', 'city', 'canada', 'would', 'say', 'top', 'three', 'montreal', 'calgary', 'newfoundland', 'ottawa', 'bad', 'imho']",[],['Canada']
2016,d1ojTfHsNio,[],"['edgar', 'quillion', 'ive', 'every', 'major', 'canadian', 'world', 'city', 'obviously', 'haventt', 'ottawa', 'new', 'subway', 'opening', 'toronto', 'ha', 'best', 'view', 'rear', 'view', 'mirror', 'foxtrotoscar']",[],['Canada']
2016,d1ojTfHsNio,[],"['love', 'ottawa', 'ton', 'dwarf', 'let', 'poke', 'stick']",[],[]
2016,d1ojTfHsNio,[],"['never', 'say', 'toronto', 'good', 'come', 'thing', 'one', 'quality', 'food', 'thing', 'would', 'choose', 'toronto', 'opinion', 'would', 'take', 'warzone', 'ottawa', 'since', 'probably', 'would', 'safe', 'would', 'thing', 'literally', 'anything', 'good', 'ottawa']",[],['Canada']
2016,d1ojTfHsNio,[],"['edgar', 'quillion', 'wow', 'ottawa', 'maybe', 'go', 'war', 'zone', 'make', 'stupid', 'comment']",[],[]
2016,d1ojTfHsNio,[],"['kyle', 'saw', 'war', 'zone', 'third', 'world', 'country', 'call', 'canadian', 'piss', 'like', 'tomorrow', 'capital', 'city', 'see', 'ottawa', 'shithole']",[],[]
2016,d1ojTfHsNio,"['great', 'video', 'however', 'mention', 'east', 'coast', 'province', 'like', 'nova', 'scotia']","['stuartaftanas', 'true', 'prince', 'edward', 'island', 'manitoba', 'nice', 'place']",[],['France']
2016,d1ojTfHsNio,"['honestly', 'cant', 'wait', 'see', 'canada']",[],['Canada'],[]
2016,d1ojTfHsNio,"['canada', 'beautiful', 'amazing', 'show', 'province', 'territory', 'lot', 'beauty', 'throughout', 'whole', 'country']",[],['Canada'],[]
2016,d1ojTfHsNio,"['could', 'tell', 'thumbnail', 'canada', 'home', 'native', 'land']",[],['Canada'],[]
2016,d1ojTfHsNio,"['nothing', 'visit', 'winnipeg', 'dont', 'waste', 'money', 'lol']",[],[],[]
2016,d1ojTfHsNio,"['halifax', 'peggys', 'cove', 'rockies', 'beautiful']",[],[],[]
2016,d1ojTfHsNio,"['avoid', 'montreal', 'travel', 'pet']","['type', 'pet', 'pitbull', 'aspect', 'highly', 'publicize', 'bylaw', 'apply', 'dog', 'type', 'domestic', 'pet', 'include', 'cat']",['Canada'],[]
2016,d1ojTfHsNio,"['avoid', 'montreal', 'travel', 'pet']","['go', 'montreal', 'squirrel', 'problem']",['Canada'],['Canada']
2016,d1ojTfHsNio,"['avoid', 'montreal', 'travel', 'pet']","['since', 'sept', '26th']",['Canada'],[]
2016,d1ojTfHsNio,['judge'],"['info', 'process']",[],[]
2017,d1ojTfHsNio,"['canada', 'beautiful', 'country', 'think', 'manicure', 'food', 'great', 'please', 'go', 'mexico', 'want', 'culture', 'food', 'interesting', 'thing']",[],"['Canada', 'Mexico']",[]
2017,d1ojTfHsNio,"['love', 'list', 'wanna', 'go', 'country', 'yayyyy']",[],[],[]
2017,d1ojTfHsNio,[],[],['Canada'],[]
2016,d1ojTfHsNio,"['canadian', 'agree']",[],[],[]
2016,d1ojTfHsNio,"['canada', 'home', 'heart']",[],['Canada'],[]
2016,d1ojTfHsNio,[],[],[],[]
2016,d1ojTfHsNio,"['place', 'want', 'canada', 'vancouver']",[],['Canada'],[]
2016,d1ojTfHsNio,"['voice', 'sound', 'muffle', 'need', 'well', 'audio']",['summer'],[],[]
2016,d1ojTfHsNio,"['voice', 'sound', 'muffle', 'need', 'well', 'audio']","['hey', 'summer', 'sorry', 'experience', 'issue', 'sound', 'test', 'work', 'fine', 'u', 'perhaps', 'try', 'use', 'different', 'headphone', 'speaker']",[],['United States']
2016,d1ojTfHsNio,"['voice', 'sound', 'muffle', 'need', 'well', 'audio']","['lonely', 'planet', 'im', 'use', 'really', 'good', 'headphone', 'maybe', 'voice']",[],[]
2016,d1ojTfHsNio,"['voice', 'sound', 'muffle', 'need', 'well', 'audio']","['nullfield', 'ahh', 'thanks', 'good', 'know', 'im', 'crazy']",[],[]
2016,d1ojTfHsNio,"['live', 'canada', 'boring', 'hell']",[],['Canada'],[]
2016,d1ojTfHsNio,"['live', 'canada', 'boring', 'hell']","['please', 'come', 'india']",['Canada'],['India']
2017,d1ojTfHsNio,"['watch', 'video', 'bit', 'late', 'verdict']",[],[],[]
2017,d1ojTfHsNio,"['like', 'wide', 'open', 'space', 'summer', 'time', 'always', 'spend', 'time', 'cottage', 'completely', 'wilderness', 'love', 'nature', 'air', 'fresh', 'pure', 'grateful', 'surround', 'abundance', 'nature', 'fresh', 'water', 'lake']",[],[],[]
2017,d1ojTfHsNio,"['look', 'channel', 'make', 'video', 'like']",[],[],[]
2017,d1ojTfHsNio,"['never', 'think', 'travel', 'canada', 'till', 'watch', 'video']",[],['Canada'],[]
2016,d1ojTfHsNio,"['canada', 'someday', 'ill', 'work', 'hard']",[],['Canada'],[]
2016,d1ojTfHsNio,"['interest', 'travel', 'weve', 'country', 'europe', 'weve', 'hit', 'tip', 'canada', 'montreal', 'subscribe', 'look', 'forward', 'video', 'would', 'love', 'feedback', 'travel', 'channel', 'bitlyexpatsnips']",[],['Canada'],[]
2016,d1ojTfHsNio,"['like', 'good', 'portion', 'people', 'watch', 'canadian']",[],[],[]
2016,d1ojTfHsNio,[],[],['Canada'],[]
2016,d1ojTfHsNio,"['feel', 'great', 'live', 'canada', 'ive', 'love', 'life', 'always', 'never', 'get', 'tire', 'travel', 'within', 'country', 'picture', 'may', 'look', 'beautiful', 'screen', 'look', 'even', 'stunning', 'real', 'life']",[],['Canada'],[]
2016,d1ojTfHsNio,"['fun', 'time', 'maritimes']",[],[],[]
2016,d1ojTfHsNio,"['proud', 'country']",[],[],[]
2016,d1ojTfHsNio,"['lonely', 'planet', 'happy', '150th', 'come', 'july']",[],[],[]
2016,d1ojTfHsNio,[],[],[],[]
2016,d1ojTfHsNio,"['somebody', 'tell', 'location', 'thanks']","['patrick', 'warrior', 'look', 'like', 'could', 'capilano', 'outside', 'vancouver', 'guess', 'though']",[],['Canada']
2016,d1ojTfHsNio,"['somebody', 'tell', 'location', 'thanks']","['well', 'find', 'video', 'team', 'loop', 'back']",[],[]
2016,d1ojTfHsNio,"['somebody', 'tell', 'location', 'thanks']","['hey', 'patrick', 'capilano', 'suspension', 'bridge', 'minute', 'outside', 'city', 'vancouver', 'well', 'guess', 'allybean']",[],['Canada']
2016,d1ojTfHsNio,"['somebody', 'tell', 'location', 'thanks']",[],[],[]
2016,d1ojTfHsNio,"['somebody', 'tell', 'location', 'thanks']","['lonely', 'planet', 'google', 'image', 'search', 'win']",[],[]
2016,d1ojTfHsNio,"['hillary', 'vote', 'welcome', 'american']","['cap', 'well', 'didily', 'darn', 'may', 'ask', 'god', 'name', 'give', 'right']",[],[]
2016,d1ojTfHsNio,"['hillary', 'vote', 'welcome', 'american']","['nope', 'last', 'thing', 'canada', 'need', 'want', 'whiny', 'liberal']",[],['Canada']
2016,d1ojTfHsNio,"['canadian', 'generally', 'nice', 'welcome', 'nova', 'scotia', 'nice', 'canadian', 'experience', 'spring', 'summer', 'fall', 'amaze', 'eastern', 'province', 'vancouver', 'best', 'nightlife', 'dont', 'know', 'french', 'part', 'stay', 'day']","['faisal', 'quebec', 'la', 'belle', 'provincemontreal', 'quebec', 'city', 'gaspesie', 'peninsula', 'beautiful', 'village', 'along', 'stlaurent', 'riverand', 'attraction']","['France', 'Canada']",['Canada']
2016,d1ojTfHsNio,"['canadian', 'generally', 'nice', 'welcome', 'nova', 'scotia', 'nice', 'canadian', 'experience', 'spring', 'summer', 'fall', 'amaze', 'eastern', 'province', 'vancouver', 'best', 'nightlife', 'dont', 'know', 'french', 'part', 'stay', 'day']","['nova', 'scotian', 'say', 'thank', 'nice', 'see', 'little', 'province', 'get', 'recognition', 'hear', 'nice', 'thing', 'say', 'someone', 'enjoy', 'experience']","['France', 'Canada']",['France']
2016,d1ojTfHsNio,"['canada', 'expensive', 'country', 'middle', 'class', 'people', 'dont', 'like', 'travel', 'please', 'travel', 'cheap', 'country', 'like', 'iran', 'iran', 'pretty', 'clean', 'country', 'amazing', 'mountain', 'even', 'find', 'many', 'tasty', 'food']","['make', 'travel', 'iran', 'video', 'one', 'canada', 'thanks', 'consider', 'dollar', 'cent', 'usd', 'actually', 'ideal', 'time', 'come', 'enjoy', 'conversion', 'rate']",['Canada'],['Canada']
2016,d1ojTfHsNio,"['canada', 'expensive', 'country', 'middle', 'class', 'people', 'dont', 'like', 'travel', 'please', 'travel', 'cheap', 'country', 'like', 'iran', 'iran', 'pretty', 'clean', 'country', 'amazing', 'mountain', 'even', 'find', 'many', 'tasty', 'food']",[],['Canada'],[]
2017,d1ojTfHsNio,"['canadian', 'try', 'best', 'get', 'hand', 'pocket', 'fail', 'skin', 'deep', 'humbleness', 'friendliness', 'disappears']",[],[],[]
2017,d1ojTfHsNio,"['guy', 'already', 'live']",[],[],[]
2016,d1ojTfHsNio,"['omg', 'move', 'photo']",[],[],[]
2016,d1ojTfHsNio,"['basically', 'canada', 'consists', 'quebec', 'bc']","['miss', 'ontario', 'populated', 'province', 'talk', 'significantly', 'video', 'also', 'plenty', 'photograph', 'description', 'prairie', 'maritimes', 'however', 'disappointed', 'lack', 'depth', 'regard', 'northern', 'territory']",['Canada'],[]
2021,d1ojTfHsNio,"['east', 'coast', 'influenced', 'french', 'culture', 'west', 'coast', 'vancouver']",[],['Canada'],[]
2020,d1ojTfHsNio,[],[],[],[]
2018,d1ojTfHsNio,"['canadian', 'queen', 'stan']",[],[],[]
2018,d1ojTfHsNio,"['great', 'country', 'earth']",[],[],[]
2018,d1ojTfHsNio,['nunavut'],[],[],[]
2018,d1ojTfHsNio,[],[],[],[]
2018,d1ojTfHsNio,"['cant', 'understand', 'no1', 'destination', 'nepal', 'canadar', 'confuse', 'uslonely', 'planet']",[],"['Canada', 'Nepal', 'United States']",[]
2018,d1ojTfHsNio,"['really', 'enjoy', 'keep', 'cominggg']",[],[],[]
2018,d1ojTfHsNio,"['make', 'wanna', 'move', 'canada', 'smerica', 'doesnt', 'deserve', 'charm']",[],['Canada'],[]
2017,d1ojTfHsNio,"['say', 'bent', 'im', 'ask', 'science']",[],[],[]
2017,d1ojTfHsNio,[],[],[],[]
2017,d1ojTfHsNio,"['hey', 'traveler', 'weve', 'build', 'something', 'youll', 'love', 'free', 'mobile', 'app', 'see', 'allow', 'user', 'experience', 'world', 'beyond', 'social', 'network', 'discover', 'share', 'event', 'across', 'world', 'matter', 'photo', 'video', 'currently', 'available', 'canada', 'download', 'today']",[],['Canada'],[]
2017,d1ojTfHsNio,"['hi', 'really', 'nice', 'movie', 'lot', 'thanks', 'also', 'check', 'movie', 'find', 'amaizing', 'travel', 'guide', 'panorama', 'route', 'kruger', 'national', 'park']",[],['France'],[]
2017,d1ojTfHsNio,"['nice', 'video', 'realy', 'wonderful', 'land', 'please', 'help', 'reach', '10k']",[],['France'],[]
2017,d1ojTfHsNio,[],[],[],[]
2017,d1ojTfHsNio,"['really', 'beautiful', 'country']",[],[],[]
2017,d1ojTfHsNio,"['yeah', 'canadian', 'pretty', 'friendly']",[],[],[]
2017,d1ojTfHsNio,"['glad', 'find']",[],[],[]
2017,d1ojTfHsNio,"['trip', 'everest', 'base', 'camp', 'nepal']",[],['Nepal'],[]
2017,d1ojTfHsNio,"['gotta', 'visit', 'lake', 'morraine', 'someday', 'greeting', 'philippine']",[],['Philippines'],[]
2017,d1ojTfHsNio,"['ive', 'visit', 'canada', 'time', 'love', 'everything', 'remote', 'though', 'hard', 'get', 'around', 'place', 'stop', 'destination', 'even', 'find', 'food', 'gas', 'hard']",[],['Canada'],[]
2017,d1ojTfHsNio,[],[],['France'],[]
2017,d1ojTfHsNio,['awesome'],[],[],[]
2017,d1ojTfHsNio,"['many', 'question', 'drive', 'california', 'license']",[],['United States'],[]
2017,d1ojTfHsNio,[],[],[],[]
2017,d1ojTfHsNio,[],[],['Canada'],[]
2017,d1ojTfHsNio,"['ottawa', 'cap', 'city', 'gosensgo', 'rnation']",[],[],[]
2017,d1ojTfHsNio,"['canada', 'weekend', 'get', 'see', 'toronto', 'niagra', 'fallsbut', 'love', 'anyway', 'clean', 'people', 'friendlyi', 'love', 'go', 'back', 'one', 'day', 'see', 'amazing', 'national', 'parksregards', 'louisa']",[],['Canada'],[]
2017,d1ojTfHsNio,[],[],[],[]
2017,d1ojTfHsNio,"['sound', 'nice', 'youve', 'forgot', 'mention', 'tar', 'sand', 'also', 'know', 'world', 'single', 'pollute', 'site']",[],['France'],[]
2017,d1ojTfHsNio,['iceland'],[],['Iceland'],[]
2017,d1ojTfHsNio,"['canada', 'new', 'america', 'say', 'american']",[],"['Canada', 'United States']",[]
2017,d1ojTfHsNio,"['live', 'minnesota', 'year', 'yet', 'ive', 'never', 'canada', 'lol']",[],['Canada'],[]
2017,d1ojTfHsNio,['jabroni'],[],[],[]
2017,d1ojTfHsNio,[],[],['Canada'],[]
2017,d1ojTfHsNio,"['happen', 'newfoundland', 'ad', 'film', 'join', 'canada', 'april', 'fool', 'day']",[],['Canada'],[]
2017,d1ojTfHsNio,"['love', 'ten', 'country', 'want', 'travel', 'country', 'dont', 'money']",[],[],[]
2017,d1ojTfHsNio,[],[],[],[]
2017,d1ojTfHsNio,"['toronto', 'subhumans', 'multicultural', 'rude', 'unfriendly', 'rest', 'canada', 'agree']",[],['Canada'],[]
2017,d1ojTfHsNio,"['canadian', 'proud']",[],[],[]
2017,d1ojTfHsNio,"['two', 'word', 'new', 'zealand']",[],[],[]
2017,d1ojTfHsNio,"['im', 'montreal', 'id', 'like', 'visit', 'whole', 'country', 'impossible', 'see', 'everything', 'lifetime', 'big', 'travel', 'within', 'canada', 'expensive']",[],['Canada'],[]
2017,d1ojTfHsNio,"['ah', 'canada', 'neighbour', 'beast', 'many', 'time', 'love', 'place']",[],['Canada'],[]
2017,d1ojTfHsNio,"['thanks', 'fr', 'india']",[],['India'],[]
2017,XeciqboaJj0,"['vietnam', 'definitely', 'recommend']",[],['Vietnam'],[]
2017,XeciqboaJj0,"['spend', 'two', 'month', 'medellin', 'last', 'summer', 'omg', 'best', 'time', 'life']",[],[],[]
2019,XeciqboaJj0,"['could', 'physically', 'type', 'list', 'country', 'list', 'also', 'ladera', 'video', 'husband', 'stayed', 'almost', 'exact', 'room', 'think', 'stair', 'spiral', 'staircase', 'pool', 'amaze', 'island']",[],[],[]
2017,sUIUxYA64Qc,"['sub', 'sub', 'back', 'please']",[],[],[]
2017,sUIUxYA64Qc,"['subscribe', 'subscribe', 'back']",[],[],[]
2017,gOsg8RxHxto,[],[],[],[]
2017,gOsg8RxHxto,['thanx'],[],[],[]
2017,gOsg8RxHxto,[],[],['France'],[]
2017,fYp3H6EngpI,['portugal'],[],['Portugal'],[]
2016,HGG-eRgEB_0,"['thanks', 'share', 'botswana', 'mother', 'land', 'love', 'right', 'across', 'house', 'crazy']","['homeland', 'truly', 'fascinating', 'wale']",['Botswana'],[]
2016,HGG-eRgEB_0,"['thanks', 'share', 'botswana', 'mother', 'land', 'love', 'right', 'across', 'house', 'crazy']","['yo', 'country', 'beautiful']",['Botswana'],[]
2015,HGG-eRgEB_0,"['absolutely', 'beautiful', 'thank', 'lonely', 'planet', 'perfectly', 'capture', 'essence', 'country']","['sethunya', 'botshabelo', 'youre', 'welcome', 'seth', 'thank', 'expertly', 'help', 'crew', 'navigate', 'everything', 'appreciative', 'youre', 'ontheground', 'support']",[],[]
2015,HGG-eRgEB_0,"['botswana', 'early', 'november', 'stay', 'gaborone', 'day', 'find', 'everyone', 'friendly', 'accommodate', 'im', 'ever', 'back', 'botswana', 'definitely', 'venture', 'part', 'chobe', 'okavango']",[],['Botswana'],['Botswana']
2015,HGG-eRgEB_0,"['one', 'country', 'want', 'visit', 'one', 'daaay']",[],[],[]
2016,HGG-eRgEB_0,"['beautifuli', 'love', 'country', 'botswana']",[],['Botswana'],[]
2015,HGG-eRgEB_0,"['lonelyplanet', 'wow', 'botswana', 'wasnt', 'even', 'radar', 'wait', 'antarctica', 'one', 'life', 'one', 'search', 'peace', 'shane']",[],"['Botswana', 'Antarctica']",['Botswana']
2017,HGG-eRgEB_0,"['africa', 'like', 'botswana']",[],['Botswana'],[]
2015,HGG-eRgEB_0,"['wooownot', 'forget', 'peace', 'n', 'stability']",[],[],[]
2015,HGG-eRgEB_0,"['interesting', 'people', 'outside', 'botswana', 'see', 'appreciate', 'beauty', 'country', 'u', 'local', 'botswana', 'beautiful', 'beautiful', 'think']",[],"['Botswana', 'United States']",[]
2015,HGG-eRgEB_0,[],[],['Botswana'],[]
2017,HGG-eRgEB_0,"['havent', 'botswana', 'yet', 'pack', 'bag', 'go']",[],['Botswana'],[]
2015,HGG-eRgEB_0,"['woooh', 'beauty', 'best', 'botswana']",[],['Botswana'],[]
2016,HGG-eRgEB_0,"['love', 'grateful', 'able', 'introduce', 'many', 'life', 'wonder', 'botswana', 'ntabaafricacom']",[],['Botswana'],[]
2016,HGG-eRgEB_0,"['past', 'september', 'truly', 'amazing', 'place']","['incredibly', 'unique', 'rell', 'glad', 'good', 'adventure', 'hope', 'get', 'see', 'hippo', 'particular', 'okavango']",[],[]
2016,HGG-eRgEB_0,"['past', 'september', 'truly', 'amazing', 'place']",[],[],[]
2016,HGG-eRgEB_0,"['past', 'september', 'truly', 'amazing', 'place']","['love', 'much', 'well', 'rell']",[],[]
2016,HGG-eRgEB_0,[],[],['Botswana'],[]
2016,HGG-eRgEB_0,"['cant', 'wait', 'go']",[],[],[]
2016,HGG-eRgEB_0,"['lovely', 'music', 'amaze', 'find']","['band', 'call', 'patternist', 'song', 'call', 'dizzy', 'wwwsoundcloudcompatternistmusic']",[],[]
2017,HGG-eRgEB_0,[],[],['France'],[]
2016,HGG-eRgEB_0,"['oh', 'god', 'dont', 'know', 'africa', 'somewhere', 'africa', 'list', 'thanks', 'amazing', 'video']","['travagsta', 'botswana', 'plenty', 'reason', 'go', 'see', 'video', 'info', 'inspiration']",[],['Botswana']
2019,HGG-eRgEB_0,"['truly', 'enjoy']",[],[],[]
2018,HGG-eRgEB_0,[],[],[],[]
2017,HGG-eRgEB_0,"['love', 'country', 'botswana']",[],['Botswana'],[]
2017,HGG-eRgEB_0,[],[],[],[]
2016,HGG-eRgEB_0,"['excited', 'explore', 'beautiful', 'country', 'anyone', 'interested', 'check', 'channel', 'travelbackpacking', 'video', 'botswana', 'one', 'many', 'come', 'include', 'cost', 'break', 'stay', 'get', 'around']",[],['Botswana'],[]
2016,j1S_shITwm4,"['name', 'scandinavian', 'country', 'didnt', 'put', 'effort', 'nz', 'top', 'get', 'right']","['andrew', 'wilson', 'indeed']",[],[]
2017,j1S_shITwm4,"['switzerland', 'good', 'moutens', 'gothard']",[],['Switzerland'],[]
2016,j1S_shITwm4,"['iceland', 'faroe', 'island']",[],['Iceland'],[]
2017,j1S_shITwm4,"['funk', 'usa', 'country', 'criminal']",[],['United States'],[]
2017,j1S_shITwm4,"['yes', 'life', 'switzerland']",[],['Switzerland'],[]
2017,j1S_shITwm4,"['base', 'wich', 'rank', 'portugal', '5th', '3th', 'publish', 'fact', 'choice', 'global', 'peace', 'index', 'gpi']",[],['Portugal'],[]
2017,j1S_shITwm4,['philpines'],[],[],[]
2017,j1S_shITwm4,"['wooooo', 'north', 'country', 'rock']",[],[],[]
2016,j1S_shITwm4,[],[],['Philippines'],[]
2016,j1S_shITwm4,[],[],[],[]
2016,j1S_shITwm4,[],[],['Finland'],[]
2019,BptBX1IiwuI,[],[],['Portugal'],[]
2015,mgts8_L2xlk,[],"['dilidjent', 'absolutely', 'love', 'georgia', 'people', 'food', 'nature', 'landscape', 'history', 'everything', 'full', 'package']",[],['Georgia']
2015,mgts8_L2xlk,[],"['adventurous', 'travel', 'hey', 'glad', 'appreciate']",[],[]
2015,mgts8_L2xlk,[],"['dilidjent', 'ireland', 'welcome', 'visit', 'show', 'around']",[],['Ireland']
2015,mgts8_L2xlk,"['hope', 'one', 'day', 'philippine', 'list']",[],['Philippines'],[]
2015,mgts8_L2xlk,"['italyspainportugalgreece', 'brazilargentinachilejapanthailandchinaaustraliatanzania', 'usacanada', 'czech', 'republic', 'top', 'world', 'visit']","['raffaele', 'colucci', 'yes', 'country', 'keep', 'appear', 'list', 'country', 'visit', 'make', 'attempt', 'create', 'different', 'list', 'place', 'never', 'show', 'medium', 'way', 'less', 'attractive', 'popular', 'one']","['Australia', 'Spain', 'Italy', 'Brazil', 'Argentina', 'Czech Republic', 'Japan', 'Thailand', 'Chile', 'United States', 'Canada', 'Portugal', 'Greece', 'China']",[]
2015,mgts8_L2xlk,"['italyspainportugalgreece', 'brazilargentinachilejapanthailandchinaaustraliatanzania', 'usacanada', 'czech', 'republic', 'top', 'world', 'visit']",[],"['Australia', 'Spain', 'Italy', 'Brazil', 'Argentina', 'Czech Republic', 'Japan', 'Thailand', 'Chile', 'United States', 'Canada', 'Portugal', 'Greece', 'China']",['Malaysia']
2015,mgts8_L2xlk,"['italyspainportugalgreece', 'brazilargentinachilejapanthailandchinaaustraliatanzania', 'usacanada', 'czech', 'republic', 'top', 'world', 'visit']","['captain_greek', 'im', 'sure']","['Australia', 'Spain', 'Italy', 'Brazil', 'Argentina', 'Czech Republic', 'Japan', 'Thailand', 'Chile', 'United States', 'Canada', 'Portugal', 'Greece', 'China']",[]
2015,mgts8_L2xlk,"['italyspainportugalgreece', 'brazilargentinachilejapanthailandchinaaustraliatanzania', 'usacanada', 'czech', 'republic', 'top', 'world', 'visit']","['raffaele', 'colucci', 'tanzania', 'bad', 'usa']","['Australia', 'Spain', 'Italy', 'Brazil', 'Argentina', 'Czech Republic', 'Japan', 'Thailand', 'Chile', 'United States', 'Canada', 'Portugal', 'Greece', 'China']",['United States']
2015,mgts8_L2xlk,"['italyspainportugalgreece', 'brazilargentinachilejapanthailandchinaaustraliatanzania', 'usacanada', 'czech', 'republic', 'top', 'world', 'visit']","['captain_greek', 'albania', 'favourite', 'country', 'world', 'zero', 'tourists', 'natural', 'beauty', 'well', 'amazing', 'cozy', 'town']","['Australia', 'Spain', 'Italy', 'Brazil', 'Argentina', 'Czech Republic', 'Japan', 'Thailand', 'Chile', 'United States', 'Canada', 'Portugal', 'Greece', 'China']",['Albania']
2015,mgts8_L2xlk,"['italyspainportugalgreece', 'brazilargentinachilejapanthailandchinaaustraliatanzania', 'usacanada', 'czech', 'republic', 'top', 'world', 'visit']","['erma', 'foo', 'malaysia', 'popular', 'video', 'include', 'unpopular', 'place']","['Australia', 'Spain', 'Italy', 'Brazil', 'Argentina', 'Czech Republic', 'Japan', 'Thailand', 'Chile', 'United States', 'Canada', 'Portugal', 'Greece', 'China']",['Malaysia']
2015,mgts8_L2xlk,"['italyspainportugalgreece', 'brazilargentinachilejapanthailandchinaaustraliatanzania', 'usacanada', 'czech', 'republic', 'top', 'world', 'visit']",[],"['Australia', 'Spain', 'Italy', 'Brazil', 'Argentina', 'Czech Republic', 'Japan', 'Thailand', 'Chile', 'United States', 'Canada', 'Portugal', 'Greece', 'China']",[]
2015,mgts8_L2xlk,"['italyspainportugalgreece', 'brazilargentinachilejapanthailandchinaaustraliatanzania', 'usacanada', 'czech', 'republic', 'top', 'world', 'visit']","['adventurous', 'travel', 'tanzania', 'boring', 'way', 'worst']","['Australia', 'Spain', 'Italy', 'Brazil', 'Argentina', 'Czech Republic', 'Japan', 'Thailand', 'Chile', 'United States', 'Canada', 'Portugal', 'Greece', 'China']",[]
2015,mgts8_L2xlk,"['italyspainportugalgreece', 'brazilargentinachilejapanthailandchinaaustraliatanzania', 'usacanada', 'czech', 'republic', 'top', 'world', 'visit']",[],"['Australia', 'Spain', 'Italy', 'Brazil', 'Argentina', 'Czech Republic', 'Japan', 'Thailand', 'Chile', 'United States', 'Canada', 'Portugal', 'Greece', 'China']",['Turkey']
2016,mgts8_L2xlk,"['nepal', 'also', 'one']","['subik', 'pantha', 'agree', 'thats', 'include', 'nepal', 'list', 'country', 'visit', 'amazing', 'experience', 'nepal', 'take', 'beautiful', 'photo', 'look']",['Nepal'],['Nepal']
2016,mgts8_L2xlk,"['nepal', 'also', 'one']","['adventurous', 'travel', 'yeah', 'awesome', 'collection']",['Nepal'],[]
2016,mgts8_L2xlk,"['guatemala', 'sri', 'lanka', 'vietnam', 'mongolia', 'luxembourg', 'iceland', 'south', 'korea', 'czech', 'republic', 'cuba', 'bhutan']","['miami', 'baby', 'list', 'nice', 'id', 'love', 'see', 'mongolia', 'guatemala', 'cuba', 'bhutan', 'id', 'also', 'add', 'bolivia', 'chile', 'argentina', 'greenland']","['Bhutan', 'Guatemala', 'Iceland', 'Vietnam', 'Cuba', 'Luxembourg', 'Sri Lanka', 'Czech Republic', 'Mongolia']","['Bhutan', 'Greenland', 'Guatemala', 'Cuba', 'France', 'Argentina', 'Chile', 'Mongolia']"
2015,mgts8_L2xlk,['slovenia'],"['ивран', 'сребрна', 'visit', 'slovenia', 'year', 'paradise', 'earth', 'include', 'triglav', 'national', 'park', 'video', 'unknown', 'natural', 'wonder', 'look', 'also', 'make', 'another', 'video', 'unknown', 'european', 'town', 'put', 'piran', 'slovenia', 'definitely', 'one', 'beautiful', 'peaceful', 'diverse', 'clean', 'country', 'ive', 'travel', 'mediterranean', 'coast', 'crystal', 'clear', 'mountainous', 'lake', 'within', 'hour', 'drive', 'love']",['Slovenia'],['Slovenia']
2015,mgts8_L2xlk,['slovenia'],"['yes', 'thats', 'awesome', 'thank', 'piran', 'definitely', 'deserve', 'place', 'list', 'yes', 'well', 'one', 'german', 'town', 'cant', 'think', 'name', 'right', 'ill', 'definitely', 'let', 'know', 'itll', 'decide', 'whether', 'deserve', 'spot', 'list']",['Slovenia'],[]
2015,mgts8_L2xlk,['slovenia'],"['ивран', 'сребрна', 'thank', 'recommendation', 'town', 'look', 'great', 'also', 'hear', 'german', 'town', 'rothenburg', 'also', 'look', 'great', 'town', 'mention', 'definitely', 'deserve', 'place', 'list', 'include', 'place', 'visit', 'take', 'photo', 'im', 'try', 'keep', 'honest', 'compose', 'photo', 'anyway', 'im', 'plan', 'visit', 'germany', 'next', 'year', 'ill', 'make', 'another', 'list']",['Slovenia'],['Germany']
2015,mgts8_L2xlk,['slovenia'],"['adventurous', 'travel', 'rothenburg', 'certainly', 'look', 'like', 'something', 'fairy', 'tale', 'thats', 'amaze', 'though', 'hope', 'lot', 'fun', 'travel', 'keep', 'good', 'work']",['Slovenia'],[]
2015,mgts8_L2xlk,['slovenia'],"['ивран', 'сребрна', 'thank', 'lot', 'slovenia']",['Slovenia'],['Slovenia']
2015,mgts8_L2xlk,['slovenia'],"['yes', 'slovene', 'blood', 'im', 'currently', 'live', 'netherlands', 'though']",['Slovenia'],['Netherlands']
2015,mgts8_L2xlk,['slovenia'],"['ивран', 'сребрна', 'thats', 'nice', 'slovenia', 'small', 'diverse', 'one', 'favorite', 'country']",['Slovenia'],"['France', 'Slovenia']"
2015,mgts8_L2xlk,['slovenia'],"['adventurous', 'travel', 'really', 'love', 'well']",['Slovenia'],[]
2015,mgts8_L2xlk,[],"['onise', 'oniani', 'georgia', 'amazing', 'country', 'one', 'favourite']",['Georgia'],['Georgia']
2015,mgts8_L2xlk,[],"['adventurous', 'travel', 'yes', 'georgia', 'whereever', 'georgia', 'beautiful']",['Georgia'],['Georgia']
2015,mgts8_L2xlk,[],"['onise', 'oniani', 'thats', 'nice', 'lucky']",['Georgia'],['France']
2015,mgts8_L2xlk,[],['thanks'],['Georgia'],[]
2015,mgts8_L2xlk,[],"['yes', 'albania', 'stop', 'watch', 'tv', 'hollywood', 'movie', 'actually', 'go', 'see', 'world', 'youll', 'see', 'almost', 'every', 'country', 'europe', 'nowhere', 'else', 'see', 'crystal', 'clear', 'water', 'wild', 'virginal', 'beach', 'friendly', 'people', 'meet', 'also', 'albania', 'get', 'invite', 'free', 'drink', 'bar', 'local', 'food', 'nature', 'town', 'indescribable', 'mention', 'guesthouse', 'amazing', 'view', 'ionian', 'sea', 'eur', 'per', 'person', 'let', 'compare', 'albania', 'overrated', 'destination', 'thailand', 'thailand', 'recently', 'disappointing', 'country', 'ever', 'yes', 'havent', 'bee', 'anywhere', 'else', 'touristy', 'place', 'might', 'love', 'thailand', 'however', 'havent', 'country', 'would', 'meet', 'many', 'rude', 'people', 'would', 'scammed', 'give', 'wrong', 'information', 'everywhere', 'even', 'official', 'tour', 'agency', 'one', 'point', 'even', 'threaten', 'murder', 'bad', 'experience', 'life', 'beach', 'thailand', 'difficult', 'enjoy', 'western', 'tourist', 'surprisingly', 'local', 'fun', 'beach', 'local', 'sell', 'scamming', 'rich', 'white', 'tourist', 'dislike', 'division', 'full', 'moon', 'party', 'sea', 'literally', 'turn', 'urine', 'mention', 'even', 'famous', 'edible', 'insect', 'show', 'tourist', 'pay', 'take', 'photo', 'simply', 'lack', 'authenticity', 'like', 'pure', 'real', 'raw', 'place', 'four', 'mass', 'tourism', 'albania', 'ukraine', 'georgia', 'armenia', 'turkmenistan', 'bosnia', 'peru', 'iceland', 'many', 'others', 'make', 'list', 'always', 'get', 'response', 'friend', 'say', 'im', 'go', 'albania', 'later', 'show', 'photo', 'suddenly', 'everybody', 'want', 'go', 'please', 'people', 'dont', 'listen', 'mainstream', 'medium', 'go', 'see', 'world']",['Albania'],"['Peru', 'Turkmenistan', 'Iceland', 'Albania', 'Thailand', 'Georgia', 'Ukraine', 'Armenia']"
2015,mgts8_L2xlk,[],"['adventurous', 'travel', 'wheres', 'australia', 'list', 'live', 'full', 'beautiful', 'parrot', 'modern', 'city', 'like', 'sydney', 'melbourne', 'tasmania', 'grow', 'world', 'medicine', 'great', 'ocean', 'road', 'twelve', 'apostle', 'victoria', 'majestic', 'uluru', 'stunning', 'rock', 'beautiful', 'weather', 'summer', 'unwrecked', 'great', 'barrier', 'reef', 'lovely', 'alpine', 'town', 'call', 'bright']",['Albania'],['Australia']
2015,mgts8_L2xlk,[],"['max', 'lucadouwells', 'yes', 'australia', 'amaze', 'list', 'want', 'place', 'unknown', 'usually', 'visited', 'place', 'planet']",['Albania'],['Australia']
2015,mgts8_L2xlk,[],"['adventurous', 'travel', 'ok']",['Albania'],[]
2015,mgts8_L2xlk,"['armania', 'ugly', 'shit', 'countty']",['country'],[],[]
2015,mgts8_L2xlk,"['armania', 'ugly', 'shit', 'countty']","['hack', 'hack', 'maybe', 'havent', 'armenia', 'amaze', 'cave', 'monastery', 'beautiful', 'architecture', 'landscape', 'well', 'view', 'mount', 'ararat', 'bias']",[],['Armenia']
2015,mgts8_L2xlk,"['armania', 'ugly', 'shit', 'countty']","['adventurous', 'travel', 'get', 'lifee']",[],[]
2015,mgts8_L2xlk,"['video', 'definitely', 'add', 'country', 'bucket', 'list', 'cheer', 'form', 'cyprus']","['emilos', 'gregoriou', 'yes', 'alternative', 'list', 'thats', 'bit', 'different', 'next', 'year', 'im', 'planning', 'visit', 'cyprus']",['Cyprus'],['Cyprus']
2015,mgts8_L2xlk,"['video', 'definitely', 'add', 'country', 'bucket', 'list', 'cheer', 'form', 'cyprus']","['adventurous', 'travel', 'hope', 'good', 'time', 'aphrodite', 'island']",['Cyprus'],[]
2015,mgts8_L2xlk,"['video', 'definitely', 'add', 'country', 'bucket', 'list', 'cheer', 'form', 'cyprus']","['emilos', 'gregoriou', 'cant', 'wait']",['Cyprus'],[]
2016,mgts8_L2xlk,['greece'],"['greece', 'one', 'favorite', 'country', 'think', 'shipwreck', 'beach', 'beautiful', 'world', 'check', 'blog', 'describe', 'however', 'greece', 'well', 'know', 'want', 'show', 'amazing', 'bit', 'less', 'popular', 'place', 'place', 'people', 'dont', 'associate', 'attractive']",['Greece'],['Greece']
2016,mgts8_L2xlk,['greece'],[],['Greece'],['France']
2016,mgts8_L2xlk,"['well', 'mention', 'promised', 'land', 'twice', 'didnt', 'suggest', 'israel']","['israel', 'isnt', 'promised', 'land', 'palestine', 'promise', 'land']",['Israel'],['Israel']
2016,mgts8_L2xlk,['philipines'],"['havent', 'visit', 'philippine', 'yet', 'compose', 'list', 'country', 'visit', 'also', 'want', 'include', 'bit', 'less', 'known', 'country', 'everyone', 'know', 'philippine', 'like', 'paradise']",[],['Philippines']
2016,mgts8_L2xlk,['nprway'],"['cookie', 'monster', 'norway', 'amazing', 'didnt', 'enough', 'photo', 'list', 'make', 'base', 'experience', 'photo', 'take', 'year', 'im', 'plan', 'visit', 'lofoten', 'place', 'norway', 'include', 'next', 'video', 'place', 'see']",[],['Norway']
2015,mgts8_L2xlk,"['crime', 'russia']","['rudy', 'downey', 'still', 'well', 'u']",['Russian Federation'],['United States']
2015,mgts8_L2xlk,"['talk', 'albania', 'country', 'robber', 'thieve', 'someone', 'go', 'safe']","['antonios', 'sevastos', 'yes', 'watch', 'hollywood', 'movie', 'albania', 'felt', 'safe', 'ever', 'offer', 'free', 'beer', 'accommodation', 'world', 'cup', 'brazil', 'friend', 'give', 'brazilian', 'tshirts', 'flag', 'local', 'fire', 'firework', 'u', 'friendly', 'ever', 'locals', 'look', 'photo', 'amazing', 'like', 'paradise', 'please', 'spread', 'rumor', 'base', 'see', 'medium', 'visit', 'place', 'see', 'trendy', 'recently', 'destination', 'bangkok', 'thailand', 'trick', 'every', 'occasion', 'threaten', 'murder', 'never', 'felt', 'unwelcome', 'anywhere', 'else', 'want', 'read', 'story', 'blog', 'people', 'believe', 'medium', 'go', 'explore', 'world', 'discover', 'truth']",['Albania'],"['Thailand', 'Albania', 'United States', 'Brazil']"
2015,mgts8_L2xlk,"['name', 'music', 'please']","['zaid', 'mohammad', 'link', 'audio', 'track', 'description']",[],[]
2016,mgts8_L2xlk,"['whu', 'dont', 'speak', 'insteadof', 'background', 'music', 'tjos', 'really', 'suck']",[],[],[]
2016,mgts8_L2xlk,"['kanadajin', 'music']",[],[],[]
2015,mgts8_L2xlk,['cyprus'],[],['Cyprus'],[]
2015,mgts8_L2xlk,[],[],[],[]
2015,mgts8_L2xlk,"['ukraine', 'good', 'war']",[],['Ukraine'],[]
2019,BptBX1IiwuI,[],[],['Portugal'],[]
2017,8uYC6B5T9Bo,"['bloemfontein', 'bolemfontein']",[],[],[]
2017,8uYC6B5T9Bo,"['bullshit', 'country', 'accept', 'australia']",[],['Australia'],[]
2017,8uYC6B5T9Bo,"['want', 'visit', 'italy', 'tokyo', 'yes', 'im', 'aware', 'language', 'take', 'age', 'learn']",[],"['Japan', 'Italy']",[]
2015,8uYC6B5T9Bo,[],[],[],[]
2015,8uYC6B5T9Bo,"['good', 'choice', 'mostly', 'soccer', 'country']",[],[],[]
2017,VsRV8UKuO9M,"['pick', 'finland', 'namibia', 'list']",[],"['Finland', 'Namibia']",[]
2017,VsRV8UKuO9M,"['pick', 'finland', 'namibia', 'list']","['dutch', 'nomad', 'couple', 'tony', 'fduyfsbvsfdbdgfsjbsgfsg']","['Finland', 'Namibia']",[]
2018,VsRV8UKuO9M,"['taiwan', 'country']",[],['Taiwan'],[]
2017,VsRV8UKuO9M,[],[],['Morocco'],[]
2017,VsRV8UKuO9M,"['hello', 'rough', 'guide', 'great', 'video', 'best', 'destination', 'put', 'travel', 'list']",[],[],[]
2024,oixpyuDtFwc,"['keyson', 'geography', 'stats', 'geography', 'hobby']",['say'],[],[]
2024,oixpyuDtFwc,[],[],[],[]
2024,oixpyuDtFwc,"['sri', 'lanka', 'proud', 'muslim']",[],['Sri Lanka'],[]
2025,oixpyuDtFwc,"['ban', 'get', 'tattoo', 'sri', 'lanka', 'many', 'people', 'sri', 'lanka', 'tattoo', 'however', 'buddhism', 'main', 'practiced', 'religion', 'sri', 'lanka', 'image', 'buddha', 'tattoo', 'respect', 'buddha']",[],['Sri Lanka'],[]
2024,oixpyuDtFwc,"['japan', 'real', 'freedom', 'pretty', 'backward']",[],['Japan'],[]
2024,oixpyuDtFwc,['chile'],[],['Chile'],[]
2024,oixpyuDtFwc,[],[],[],[]
2015,lToZ-Fx4Dro,"['traveling', 'sooo', 'good', 'love', 'xx']",['thanks'],[],[]
2015,lToZ-Fx4Dro,"['would', 'love', 'go', 'almost', 'place', 'always', 'want', 'go', 'college', 'london', 'young', 'lol']","['kenzielillian', 'always', 'want', 'go', 'italy', 'xdd']",['United Kingdom'],['Italy']
2015,lToZ-Fx4Dro,"['love', 'much']",['thanks'],[],[]
2015,lToZ-Fx4Dro,"['london', 'australia', 'top', 'place']",[],"['Australia', 'United Kingdom']",[]
2015,lToZ-Fx4Dro,"['london', 'gorgeous', 'love']",[],['United Kingdom'],[]
